id,hash,case_id,network,block,timestamp,from_address,to_address,amount,token,value_inr,kind,hop,inferred
0x328126f096f130b7b7f4871470449b70a523fada27b665b48328fceeb5137293,0x328126f096f130b7b7f4871470449b70a523fada27b665b48328fceeb5137293,RAAZ-26-1001,BSC,60921380,2026-08-12T18:09:00+05:30,0xa43c436cc26e51b716c182126279d81413cac1f6,0xff246f9db5babe918b67d3462fc2084f96492788,0.01,BNB,615,dust,0,False
0xeaa13aaacc17d9acff9794423d8ca6f6dc95aca0d7bc0a9757677b28396b887a,0xeaa13aaacc17d9acff9794423d8ca6f6dc95aca0d7bc0a9757677b28396b887a,RAAZ-26-1001,BSC,61086980,2026-08-18T12:09:00+05:30,0xa43c436cc26e51b716c182126279d81413cac1f6,0xff246f9db5babe918b67d3462fc2084f96492788,0.01,BNB,615,dust,0,False
0x2868e3bdbcffb1a43c68ff39354c5fedf5660b61e08f7d55f1a539391e077bb8,0x2868e3bdbcffb1a43c68ff39354c5fedf5660b61e08f7d55f1a539391e077bb8,RAAZ-26-1001,BSC,61097780,2026-08-18T21:09:00+05:30,0xa43c436cc26e51b716c182126279d81413cac1f6,0xff246f9db5babe918b67d3462fc2084f96492788,0.01,BNB,615,dust,0,False
0x15fd18a1cd96eefd8564d1d971b1508425869dc439edac5b4c5b54d5ce0f0489,0x15fd18a1cd96eefd8564d1d971b1508425869dc439edac5b4c5b54d5ce0f0489,RAAZ-26-1001,BSC,61112180,2026-08-19T09:09:00+05:30,0x5119bfc8cd5ca9518c992b112fb1c5adfb3bd6ef,0xff246f9db5babe918b67d3462fc2084f96492788,0.7542,BNB,46383,inbound,0,False
0x19785bd1aa29bdfafedde4e62b687b843b06923183f6bd0d302ad970e3deaaa9,0x19785bd1aa29bdfafedde4e62b687b843b06923183f6bd0d302ad970e3deaaa9,RAAZ-26-1001,BSC,61126580,2026-08-19T21:09:00+05:30,0xaf1961ed2c9ce87c0baa5287078f431b2c4052c9,0xff246f9db5babe918b67d3462fc2084f96492788,0.0845,BNB,5197,victim_payment,0,False
0x211e478d72cbff0a395baa1f6075c51e7076bf97f940c08d14ba59e7f954bf1f,0x211e478d72cbff0a395baa1f6075c51e7076bf97f940c08d14ba59e7f954bf1f,RAAZ-26-1001,BSC,61204580,2026-08-22T14:09:00+05:30,0xaf1961ed2c9ce87c0baa5287078f431b2c4052c9,0xff246f9db5babe918b67d3462fc2084f96492788,0.0944,BNB,5806,victim_payment,0,False
0x91bdfe41fa2f454ff7ccd634d820e9f579c26ca660b46a207222bc501e8f31b2,0x91bdfe41fa2f454ff7ccd634d820e9f579c26ca660b46a207222bc501e8f31b2,RAAZ-26-1001,BSC,61307780,2026-08-26T04:09:00+05:30,0xaf1961ed2c9ce87c0baa5287078f431b2c4052c9,0xff246f9db5babe918b67d3462fc2084f96492788,0.102,BNB,6273,victim_payment,0,False
0x8ebcebeae87b61048d366424d7e8f62ef452073a52c7520abd741b1c22cf98d2,0x8ebcebeae87b61048d366424d7e8f62ef452073a52c7520abd741b1c22cf98d2,RAAZ-26-1001,BSC,61334180,2026-08-27T02:09:00+05:30,0xaf1961ed2c9ce87c0baa5287078f431b2c4052c9,0xff246f9db5babe918b67d3462fc2084f96492788,0.1338,BNB,8229,victim_payment,0,False
0x0a4ee0332cd0a53884518db8453cbac0285eef8e0797a6127c6e8ff0ee8015a8,0x0a4ee0332cd0a53884518db8453cbac0285eef8e0797a6127c6e8ff0ee8015a8,RAAZ-26-1001,BSC,61436180,2026-08-30T15:09:00+05:30,0xaf1961ed2c9ce87c0baa5287078f431b2c4052c9,0xff246f9db5babe918b67d3462fc2084f96492788,0.1539,BNB,9465,victim_payment,0,False
0xf5e3a62864bf0311b53005c1e4f47f63f94a6791e74c0e472a8435e0e9c48913,0xf5e3a62864bf0311b53005c1e4f47f63f94a6791e74c0e472a8435e0e9c48913,RAAZ-26-1001,BSC,61542980,2026-09-03T08:09:00+05:30,0xaf1961ed2c9ce87c0baa5287078f431b2c4052c9,0xff246f9db5babe918b67d3462fc2084f96492788,0.3323,BNB,20436,victim_payment,0,False
0xd53dae75007cb286a78e8e09f2ce0d96cd2a9749fd1f71c62edfcd40923f471d,0xd53dae75007cb286a78e8e09f2ce0d96cd2a9749fd1f71c62edfcd40923f471d,RAAZ-26-1001,BSC,61547960,2026-09-03T12:18:00+05:30,0xff246f9db5babe918b67d3462fc2084f96492788,0x1ffaa4678f91e1efb04e2d0e9102310e8a52f8a4,0.5215,BNB,32072,layering,1,False
0x0dc4627856fc520775c180084f856e0019fed13ab9d813ea9a6b3dad41656e3d,0x0dc4627856fc520775c180084f856e0019fed13ab9d813ea9a6b3dad41656e3d,RAAZ-26-1001,BSC,61548220,2026-09-03T12:31:00+05:30,0xff246f9db5babe918b67d3462fc2084f96492788,0x9d2b4a59159a577300bd55d397d77455f7887ea1,0.4779,BNB,29391,layering,1,False
0x59f7ebbd35974c44907158372813f73b0615cb58fbb80c4ce578024544b1f437,0x59f7ebbd35974c44907158372813f73b0615cb58fbb80c4ce578024544b1f437,RAAZ-26-1001,BSC,61548240,2026-09-03T12:32:00+05:30,0xff246f9db5babe918b67d3462fc2084f96492788,0xfeccf3e47dcb491772e0904b608a206fbf635b51,0.397,BNB,24416,layering,1,False
0x225fc55007d20626ce3d5babb8d95ce70fa3078d2be2b73016bf7c6376350b4e,0x225fc55007d20626ce3d5babb8d95ce70fa3078d2be2b73016bf7c6376350b4e,RAAZ-26-1001,BSC,61548620,2026-09-03T12:51:00+05:30,0xff246f9db5babe918b67d3462fc2084f96492788,0xdbcac340a8fd5582b672a1d0397733df525d1b2e,0.2514,BNB,15461,layering,1,False
0x8b6ecf37f00532a4bad13fb04308ee772891b130ee1066eb05c71c361f9a2448,0x8b6ecf37f00532a4bad13fb04308ee772891b130ee1066eb05c71c361f9a2448,RAAZ-26-1001,BSC,61552260,2026-09-03T15:53:00+05:30,0xdbcac340a8fd5582b672a1d0397733df525d1b2e,0x3e54e56ca6667b4617e0ce258e84d0bee6c34d3f,0.2514,BNB,15461,layering,2,False
0xfa1293e676ea8e876036f9ff95ae17e03c65a3e607d1a51a9507d39acb087ae5,0xfa1293e676ea8e876036f9ff95ae17e03c65a3e607d1a51a9507d39acb087ae5,RAAZ-26-1001,BSC,61556420,2026-09-03T19:21:00+05:30,0x1ffaa4678f91e1efb04e2d0e9102310e8a52f8a4,0x33103adc68c901db7a66a05950fa7869aef600f5,0.0494,BNB,3038,peel,2,False
0x8e4cb164a2d4f811ffb5fc02c820f70285077f812c9144b9ddb80138c1060c83,0x8e4cb164a2d4f811ffb5fc02c820f70285077f812c9144b9ddb80138c1060c83,RAAZ-26-1001,BSC,61556420,2026-09-03T19:21:00+05:30,0x1ffaa4678f91e1efb04e2d0e9102310e8a52f8a4,0xcf85387e2c7f011d9e0c35469995531adfeffe45,0.472,BNB,29028,layering,2,False
0xe88e866c113d77dc56e5bac4dfe9f5a14fb552be7e3144b5cf1ec71e5e602fc6,0xe88e866c113d77dc56e5bac4dfe9f5a14fb552be7e3144b5cf1ec71e5e602fc6,RAAZ-26-1001,BSC,61556880,2026-09-03T19:44:00+05:30,0x3e54e56ca6667b4617e0ce258e84d0bee6c34d3f,0xbc55b145e11b3126ed59bf8ef51ada4336110974,0.2514,BNB,15461,layering,3,False
0xa1c8ed111ffc680c54ec4d328b70d15f7ba43b41d5b901dabbecdd12e4541cc9,0xa1c8ed111ffc680c54ec4d328b70d15f7ba43b41d5b901dabbecdd12e4541cc9,RAAZ-26-1001,BSC,61557280,2026-09-03T20:04:00+05:30,0xfeccf3e47dcb491772e0904b608a206fbf635b51,0x93ad7f5a1e27d81ca8d5a952e92673367e63bfb1,0.397,BNB,24416,layering,2,False
0x012730944c4dd328d0d5a9e093fccbaa433d0712357bb8d023448b1593d10f89,0x012730944c4dd328d0d5a9e093fccbaa433d0712357bb8d023448b1593d10f89,RAAZ-26-1001,BSC,61564800,2026-09-04T02:20:00+05:30,0x9d2b4a59159a577300bd55d397d77455f7887ea1,0xb769d891ec9914f56f0ce2befd962ba4cd6f92ab,0.4779,BNB,29391,layering,2,False
0xd5368d20d83ab6a64f674bffa896c5765411e0e8e0fe17a553f440d3429f309b,0xd5368d20d83ab6a64f674bffa896c5765411e0e8e0fe17a553f440d3429f309b,RAAZ-26-1001,BSC,61567640,2026-09-04T04:42:00+05:30,0xcf85387e2c7f011d9e0c35469995531adfeffe45,0x218a1faca2588b03e262e933eb9f638886fbdb87,0.0509,BNB,3130,peel,3,False
0x670432c2cab684c358d9fdde4ef6eecfb726c35137647a9d148190c8a8bb09f6,0x670432c2cab684c358d9fdde4ef6eecfb726c35137647a9d148190c8a8bb09f6,RAAZ-26-1001,BSC,61567640,2026-09-04T04:42:00+05:30,0xcf85387e2c7f011d9e0c35469995531adfeffe45,0xd6244ff3d4d16cdfea410b819d3d42e5d41d062b,0.4211,BNB,25898,layering,3,False
0x1c26c5f96f6252163880bfb5be99f31883f3fdb14575830cd85a57d1d8e73406,0x1c26c5f96f6252163880bfb5be99f31883f3fdb14575830cd85a57d1d8e73406,RAAZ-26-1001,BSC,61572300,2026-09-04T08:35:00+05:30,0xb769d891ec9914f56f0ce2befd962ba4cd6f92ab,0x7022c8593736b3a3e370966266fc17ef7680eece,0.4779,BNB,29391,layering,3,False
0xcb8939f53a5db806495df61842371c4f32243150602e0cd5ec13bbda5f8b5dd3,0xcb8939f53a5db806495df61842371c4f32243150602e0cd5ec13bbda5f8b5dd3,RAAZ-26-1001,BSC,61576820,2026-09-04T12:21:00+05:30,0xd6244ff3d4d16cdfea410b819d3d42e5d41d062b,0xd4b79490a6522a389e7e3ed698d5ac135c0a9cae,0.0457,BNB,2811,peel,4,False
0x7b3122b609242662a87d15028be02e4f005a81f577bb32173f4a78944f7b3834,0x7b3122b609242662a87d15028be02e4f005a81f577bb32173f4a78944f7b3834,RAAZ-26-1001,BSC,61576820,2026-09-04T12:21:00+05:30,0xd6244ff3d4d16cdfea410b819d3d42e5d41d062b,0x3d507b580042f02042d429beaf691c8ed6c6e916,0.3754,BNB,23087,layering,4,False
0x7b5585600688d97f1c49fd659df9ef93e7e7c36955d80e2580b33075dfd24e8b,0x7b5585600688d97f1c49fd659df9ef93e7e7c36955d80e2580b33075dfd24e8b,RAAZ-26-1001,BSC,61582540,2026-09-04T17:07:00+05:30,0x3d507b580042f02042d429beaf691c8ed6c6e916,0x28cc1184db3a9a0039456586278417622914975a,0.0505,BNB,3106,peel,5,False
0x31b3df63cb1a40ccdf3371a6b8de023e0737445001a496fda64e18fbac89c30d,0x31b3df63cb1a40ccdf3371a6b8de023e0737445001a496fda64e18fbac89c30d,RAAZ-26-1001,BSC,61582540,2026-09-04T17:07:00+05:30,0x3d507b580042f02042d429beaf691c8ed6c6e916,0x567f9376fb68ac617574ce9288245d5d47122b63,0.3249,BNB,19981,layering,5,False
0x5c5c1a13f12f9392c115cf12097cc3b6c521258bf246f4388ba8e9b621537f3a,0x5c5c1a13f12f9392c115cf12097cc3b6c521258bf246f4388ba8e9b621537f3a,RAAZ-26-1001,BSC,61582940,2026-09-04T17:27:00+05:30,0x7022c8593736b3a3e370966266fc17ef7680eece,0xc1459a08338c896687519652caf0afa33f3291e9,0.4779,BNB,29391,layering,4,False
0x3fbe864b2941e03d62e803bafc93458d8b2084f7748c8beb32a1f9bc11d54150,0x3fbe864b2941e03d62e803bafc93458d8b2084f7748c8beb32a1f9bc11d54150,RAAZ-26-1001,BSC,61588660,2026-09-04T22:13:00+05:30,0x567f9376fb68ac617574ce9288245d5d47122b63,0xdf9284eaff073061d1e31a2147df0e111c8f6aa1,0.0284,BNB,1747,peel,6,False
0x8413594d5c8a8ffac68e0398326197b733e0baf3a98e5ff76b9c80d861978e4a,0x8413594d5c8a8ffac68e0398326197b733e0baf3a98e5ff76b9c80d861978e4a,RAAZ-26-1001,BSC,61588660,2026-09-04T22:13:00+05:30,0x567f9376fb68ac617574ce9288245d5d47122b63,0x8bbf50892958e1e81293a78806dc8d6ffa56f170,0.2964,BNB,18229,layering,6,False
0x3afe2c33b5cc9e399a47732c3a6744e757fc556ed645554725e944d5a1ee350c,0x3afe2c33b5cc9e399a47732c3a6744e757fc556ed645554725e944d5a1ee350c,RAAZ-26-1001,BSC,61600900,2026-09-05T08:25:00+05:30,0x8bbf50892958e1e81293a78806dc8d6ffa56f170,0x8f249eddd14a292a50e00eda6c633f3765adee29,0.0167,BNB,1027,peel,7,False
0x4381dac71a736344cd4956f6bd9bdc6fe66cce94e44e434b9c14ea24692d0dfd,0x4381dac71a736344cd4956f6bd9bdc6fe66cce94e44e434b9c14ea24692d0dfd,RAAZ-26-1001,BSC,61600900,2026-09-05T08:25:00+05:30,0x8bbf50892958e1e81293a78806dc8d6ffa56f170,0xca01913001a3657c5ceb03151b938330083b5b31,0.2797,BNB,17202,layering,7,False
39478e9797b87c8538dba1b91f361dd8c3284918fe6fbc47dfa6f295b7ccf194,39478e9797b87c8538dba1b91f361dd8c3284918fe6fbc47dfa6f295b7ccf194,RAAZ-26-1002,TRON,74761720,2026-07-29T02:46:00+05:30,TsuxYuVVvtXLU8kmoFCTijNAkp6e5LKK3V,TifSd2hP6mxjDp9zH7AVCUmCJFVignpVnV,75036.51,USDT,6633227,inbound,0,False
07698d1b8611dd27616d1ee62f6337caa13a1e2fae5cd939f842393c21b07d7a,07698d1b8611dd27616d1ee62f6337caa13a1e2fae5cd939f842393c21b07d7a,RAAZ-26-1002,TRON,74808520,2026-07-30T17:46:00+05:30,TLJstrMPBZyfVGphofpNA3Lwm4XjyoiAYu,TifSd2hP6mxjDp9zH7AVCUmCJFVignpVnV,17492.59,USDT,1546345,inbound,0,False
62c30034b36f70dbff1b32ea56bfee9990abac2de76bad697259bb674aa40fcb,62c30034b36f70dbff1b32ea56bfee9990abac2de76bad697259bb674aa40fcb,RAAZ-26-1002,TRON,74828920,2026-07-31T10:46:00+05:30,TPm5oy4HV3VJEDM6AKJWXUhMEv3cS9zEaZ,TifSd2hP6mxjDp9zH7AVCUmCJFVignpVnV,67917.64,USDT,6003919,inbound,0,False
af392d42e9749ee66b0da4a0e27a059a157471c8876b34812bd0e46d30549bec,af392d42e9749ee66b0da4a0e27a059a157471c8876b34812bd0e46d30549bec,RAAZ-26-1002,TRON,74844520,2026-07-31T23:46:00+05:30,TbpKHC7YdykV27KCkfQYwtiVAMCv5Nk6Wg,TifSd2hP6mxjDp9zH7AVCUmCJFVignpVnV,14991.56,USDT,1325254,victim_payment,0,False
f46e99bc9f59565ef32e148868616380f7554051dad9996ba5dd26a21a4eeed1,f46e99bc9f59565ef32e148868616380f7554051dad9996ba5dd26a21a4eeed1,RAAZ-26-1002,TRON,74858920,2026-08-01T11:46:00+05:30,TGxVmBXPzULahUEhdDNod1ksE2xrg1Z2rE,TifSd2hP6mxjDp9zH7AVCUmCJFVignpVnV,24170.64,USDT,2136685,inbound,0,False
1ebdacd609f5431715a14c0f439ef1982013316a225e4a491a1979f3d96b115c,1ebdacd609f5431715a14c0f439ef1982013316a225e4a491a1979f3d96b115c,RAAZ-26-1002,TRON,74930920,2026-08-03T23:46:00+05:30,TbpKHC7YdykV27KCkfQYwtiVAMCv5Nk6Wg,TifSd2hP6mxjDp9zH7AVCUmCJFVignpVnV,57645.31,USDT,5095845,victim_payment,0,False
f2443102460df337a3db6e0b6ec875bb4ec86398d775e9151256a00f4656dca9,f2443102460df337a3db6e0b6ec875bb4ec86398d775e9151256a00f4656dca9,RAAZ-26-1002,TRON,74937300,2026-08-04T05:05:00+05:30,TifSd2hP6mxjDp9zH7AVCUmCJFVignpVnV,TkrqqVPQUApekqeyyktjTQDSrKpbALNhxY,47842.86,USDT,4229309,layering,1,False
1e98696e06755a22a7499dca62f5eed3a9b3691520a8c17a2397fccd8a7e9ddc,1e98696e06755a22a7499dca62f5eed3a9b3691520a8c17a2397fccd8a7e9ddc,RAAZ-26-1002,TRON,74937400,2026-08-04T05:10:00+05:30,TifSd2hP6mxjDp9zH7AVCUmCJFVignpVnV,TRQkTQCtEei2NsbbYVfbWeiTLe4SDDqoMr,76843.71,USDT,6792984,layering,1,False
cd71fa2516fd417910cfac204c6ba2a263b2f24a6f50a5c71065e69d4ce53dff,cd71fa2516fd417910cfac204c6ba2a263b2f24a6f50a5c71065e69d4ce53dff,RAAZ-26-1002,TRON,74937660,2026-08-04T05:23:00+05:30,TifSd2hP6mxjDp9zH7AVCUmCJFVignpVnV,TUK7Bod7fgZGpa3Rr9ZTkMkhFou7WHDcvN,82063.68,USDT,7254429,layering,1,False
fccd0e2c956d72c20075d94bf449bae43513e6348c6e581e5ef321a69bbd5a41,fccd0e2c956d72c20075d94bf449bae43513e6348c6e581e5ef321a69bbd5a41,RAAZ-26-1002,TRON,74937760,2026-08-04T05:28:00+05:30,TifSd2hP6mxjDp9zH7AVCUmCJFVignpVnV,TTPxtV499JX1VziwRvVEDTmQBs5M4zcowa,46696.55,USDT,4127975,layering,1,False
abc92bd82a12457f12f0fcc357a0c704bcdfeb1831875a0508d394bedd7771b3,abc92bd82a12457f12f0fcc357a0c704bcdfeb1831875a0508d394bedd7771b3,RAAZ-26-1002,TRON,74939820,2026-08-04T07:11:00+05:30,TRQkTQCtEei2NsbbYVfbWeiTLe4SDDqoMr,TDevDA33GFhrSMzmG1zXdNqJoYfheAZmqA,76843.71,USDT,6792984,layering,2,False
59075fb3201bd0f6ce028acc4e9d97beb77a578ba3c09e888d562d715095dd7b,59075fb3201bd0f6ce028acc4e9d97beb77a578ba3c09e888d562d715095dd7b,RAAZ-26-1002,TRON,74941180,2026-08-04T08:19:00+05:30,TUK7Bod7fgZGpa3Rr9ZTkMkhFou7WHDcvN,TvBtr6Ko8woakMTocckDSy395JnyV3dUng,82063.68,USDT,7254429,layering,2,False
59a2407c59bbb5edceb6d548a6f9d85533142fb144199aeb074e830def0e24d4,59a2407c59bbb5edceb6d548a6f9d85533142fb144199aeb074e830def0e24d4,RAAZ-26-1002,TRON,74943120,2026-08-04T09:56:00+05:30,TkrqqVPQUApekqeyyktjTQDSrKpbALNhxY,TPU1vqKYG6GLaLX8jyj5U2nVk8gvdnvKJy,47842.86,USDT,4229309,layering,2,False
534661ba2fc9694ae2c2bad41a502a378d558c49326919c6c13f05fcb14fb77f,534661ba2fc9694ae2c2bad41a502a378d558c49326919c6c13f05fcb14fb77f,RAAZ-26-1002,TRON,74946740,2026-08-04T12:57:00+05:30,TDevDA33GFhrSMzmG1zXdNqJoYfheAZmqA,TVMU4h1NnoY1RgTU5jiyJkKM8ZM237nnpo,76843.71,USDT,6792984,consolidation,3,False
daa5bc88bb9bc1fa2b5daa114b0cb3741d5f580ab457226763c667917ad5d6db,daa5bc88bb9bc1fa2b5daa114b0cb3741d5f580ab457226763c667917ad5d6db,RAAZ-26-1002,TRON,74947580,2026-08-04T13:39:00+05:30,TvBtr6Ko8woakMTocckDSy395JnyV3dUng,TVMU4h1NnoY1RgTU5jiyJkKM8ZM237nnpo,82063.68,USDT,7254429,consolidation,3,False
abccfd23bf7949c0bc1489ca409ccf806b85d10245ec5c0495030b0791906f21,abccfd23bf7949c0bc1489ca409ccf806b85d10245ec5c0495030b0791906f21,RAAZ-26-1002,TRON,74947720,2026-08-04T13:46:00+05:30,TPU1vqKYG6GLaLX8jyj5U2nVk8gvdnvKJy,TR75ULEkMXiRwTB9zdVishS9UBMh2QsSPr,47842.86,USDT,4229309,layering,3,False
2ff818a63a53eeab04af0ca78694dde9664b38313dc226580568cbe6762b35da,2ff818a63a53eeab04af0ca78694dde9664b38313dc226580568cbe6762b35da,RAAZ-26-1002,TRON,74948340,2026-08-04T14:17:00+05:30,TTPxtV499JX1VziwRvVEDTmQBs5M4zcowa,TtfmxF72LQxdUg68yknzJVjuvhtMKnxjaK,46696.55,USDT,4127975,layering,2,False
e71ee33be877c664a3d3465d3fe6a3c0b90366a3d86382395de19193dd635077,e71ee33be877c664a3d3465d3fe6a3c0b90366a3d86382395de19193dd635077,RAAZ-26-1002,TRON,74960000,2026-08-05T00:00:00+05:30,TR75ULEkMXiRwTB9zdVishS9UBMh2QsSPr,TVMU4h1NnoY1RgTU5jiyJkKM8ZM237nnpo,47842.86,USDT,4229309,consolidation,3,False
adf77a09381f2f4795e63458f7051534457175d096fe6f857d72c21283ea4938,adf77a09381f2f4795e63458f7051534457175d096fe6f857d72c21283ea4938,RAAZ-26-1002,TRON,74962880,2026-08-05T02:24:00+05:30,TtfmxF72LQxdUg68yknzJVjuvhtMKnxjaK,TBY1SMi61gUwrsQPUVaLeUGfNWjvyqTWJ7,46696.55,USDT,4127975,layering,3,False
3307687c7d364278c3a7bc8bb79d270bcbaef6c667639d8fa2066d13aecd292e,3307687c7d364278c3a7bc8bb79d270bcbaef6c667639d8fa2066d13aecd292e,RAAZ-26-1002,TRON,74979460,2026-08-05T16:13:00+05:30,TBY1SMi61gUwrsQPUVaLeUGfNWjvyqTWJ7,TD4GDy2pK1xYpAfBBPd1HwAyGAXj8DSUF7,46696.55,USDT,4127975,layering,4,False
d20eb1ae6dc123903994b4aeb802bc4e6dbf149bfc8b02c774eaa10ad49813d7,d20eb1ae6dc123903994b4aeb802bc4e6dbf149bfc8b02c774eaa10ad49813d7,RAAZ-26-1002,TRON,74988700,2026-08-05T23:55:00+05:30,TD4GDy2pK1xYpAfBBPd1HwAyGAXj8DSUF7,TVMU4h1NnoY1RgTU5jiyJkKM8ZM237nnpo,46696.55,USDT,4127975,consolidation,3,False
6cf933ec865b4830641a667eab7e23a827e82ad3682e491e2838072d238b62d8,6cf933ec865b4830641a667eab7e23a827e82ad3682e491e2838072d238b62d8,RAAZ-26-1002,TRON,74995140,2026-08-06T05:17:00+05:30,TVMU4h1NnoY1RgTU5jiyJkKM8ZM237nnpo,T8mi7BDVZapp6iNZm7nt6VgBTYwXTdVyA4,229015.41,USDT,20244962,exchange_deposit,4,False
298d7974b5987a857360fdd604b7b8edf9c362401b45a0a0a8e9ee6a0113bdb3,298d7974b5987a857360fdd604b7b8edf9c362401b45a0a0a8e9ee6a0113bdb3,RAAZ-26-1002,TRON,74995920,2026-08-06T05:56:00+05:30,T8mi7BDVZapp6iNZm7nt6VgBTYwXTdVyA4,T7CGSBAChrPzuh691yNgXH9HDbJHW2K9pe,229015.41,USDT,20244962,exchange_sweep,5,False
021a0eb10d626334032f886d95683618955ef7f0d5a7c1c39b40b99e3ef86b2c,021a0eb10d626334032f886d95683618955ef7f0d5a7c1c39b40b99e3ef86b2c,RAAZ-26-1003,TRON,73132980,2026-06-02T13:29:00+05:30,TRVypvftcjNzxRdtKJUG45QafRV3waGBN9,T3WPitheEtDUAYQy4fqzMYJXbj4KBWSWGv,232.19,USDT,20526,victim_payment,0,False
0bbaccbfa7f7bb32d4eabc5d8cc7e9fd43ee191636a1d9c26ef81946ba0073dc,0bbaccbfa7f7bb32d4eabc5d8cc7e9fd43ee191636a1d9c26ef81946ba0073dc,RAAZ-26-1003,TRON,73152180,2026-06-03T05:29:00+05:30,TRVypvftcjNzxRdtKJUG45QafRV3waGBN9,T3WPitheEtDUAYQy4fqzMYJXbj4KBWSWGv,422.72,USDT,37368,victim_payment,0,False
3df649e0a33f40a18ea20995dc4980b6756be3869d95079a97fcc7c620dccbce,3df649e0a33f40a18ea20995dc4980b6756be3869d95079a97fcc7c620dccbce,RAAZ-26-1003,TRON,73161780,2026-06-03T13:29:00+05:30,T1iLWHL6DkdFdLL27dQAoFuNAkVzYvy9rU,T3WPitheEtDUAYQy4fqzMYJXbj4KBWSWGv,1578.95,USDT,139579,inbound,0,False
247b78f11880fae384c8e38096868e2568a47bf68435a69b04bf92a1d7d4efc1,247b78f11880fae384c8e38096868e2568a47bf68435a69b04bf92a1d7d4efc1,RAAZ-26-1003,TRON,73198980,2026-06-04T20:29:00+05:30,TP9VTD5raGkGEa8X3SvbdYQ51sRLS7AfTR,T3WPitheEtDUAYQy4fqzMYJXbj4KBWSWGv,948.38,USDT,83837,inbound,0,False
1e85945ce692f00ffd5fc1913acc4f9196ae4b9c330686085d2750768b45a90f,1e85945ce692f00ffd5fc1913acc4f9196ae4b9c330686085d2750768b45a90f,RAAZ-26-1003,TRON,73200180,2026-06-04T21:29:00+05:30,TLyVQYeiM4dfw9k6jGkHLpynqgHfckBZbd,T3WPitheEtDUAYQy4fqzMYJXbj4KBWSWGv,1242.06,USDT,109798,inbound,0,False
4f56e154cbbd826024636696672f6897b97025efeec3f4e9c71b557b9ae533db,4f56e154cbbd826024636696672f6897b97025efeec3f4e9c71b557b9ae533db,RAAZ-26-1003,TRON,73208580,2026-06-05T04:29:00+05:30,T4EGxyUr4BjBx8RR3K6XLnPgDDoeAPqTJn,T3WPitheEtDUAYQy4fqzMYJXbj4KBWSWGv,1842.35,USDT,162864,inbound,0,False
c5b8ff5b0d45f8f019e4200a86f0f910aea9dbdb77bf10eb96d1d760aae414a0,c5b8ff5b0d45f8f019e4200a86f0f910aea9dbdb77bf10eb96d1d760aae414a0,RAAZ-26-1003,TRON,73214580,2026-06-05T09:29:00+05:30,TgEsSgL7X82eUoGGWA9QhdVnD9A4toR2rZ,T3WPitheEtDUAYQy4fqzMYJXbj4KBWSWGv,823.32,USDT,72781,inbound,0,False
c341189ac7b1544d1a6d0cb0495a723a95650623050976f5cb49d617d778bc68,c341189ac7b1544d1a6d0cb0495a723a95650623050976f5cb49d617d778bc68,RAAZ-26-1003,TRON,73264980,2026-06-07T03:29:00+05:30,TRVypvftcjNzxRdtKJUG45QafRV3waGBN9,T3WPitheEtDUAYQy4fqzMYJXbj4KBWSWGv,499.76,USDT,44179,victim_payment,0,False
8024070371ffd637d2b0de75c568e826539bc0307b18b359fd6847be7c42a015,8024070371ffd637d2b0de75c568e826539bc0307b18b359fd6847be7c42a015,RAAZ-26-1003,TRON,73311780,2026-06-08T18:29:00+05:30,TRVypvftcjNzxRdtKJUG45QafRV3waGBN9,T3WPitheEtDUAYQy4fqzMYJXbj4KBWSWGv,527.46,USDT,46627,victim_payment,0,False
5503b361a085f5538e0dc2edefc19bc228c9708d5992cd4198f464a237b4cdb3,5503b361a085f5538e0dc2edefc19bc228c9708d5992cd4198f464a237b4cdb3,RAAZ-26-1003,TRON,73315420,2026-06-08T21:31:00+05:30,T3WPitheEtDUAYQy4fqzMYJXbj4KBWSWGv,TvyUhZkGiWkVfPuCD6QpaucgGpSDekjkTG,1852.07,USDT,163723,layering,1,False
74a7db1843aa539ade7ad793362e388ed6d02391e44903fdf1479b79e87b8263,74a7db1843aa539ade7ad793362e388ed6d02391e44903fdf1479b79e87b8263,RAAZ-26-1003,TRON,73315800,2026-06-08T21:50:00+05:30,T3WPitheEtDUAYQy4fqzMYJXbj4KBWSWGv,Te5RueNhVd6Jwxbf7ReqL18R2EGTiQebiq,989.47,USDT,87469,layering,1,False
9e73b10bb76588cec3fdbe618e9b6ddb2c6820ef871625d5cad77efc4197a6ed,9e73b10bb76588cec3fdbe618e9b6ddb2c6820ef871625d5cad77efc4197a6ed,RAAZ-26-1003,TRON,73316120,2026-06-08T22:06:00+05:30,T3WPitheEtDUAYQy4fqzMYJXbj4KBWSWGv,TBYWRsWgzqRac7qcYXrKwExWBMLVvmfgeR,1358.48,USDT,120090,layering,1,False
a66376bd9f2be172bbfa5f695e7bd8fe9c9ceff0973cc083350bb0e87fce61fb,a66376bd9f2be172bbfa5f695e7bd8fe9c9ceff0973cc083350bb0e87fce61fb,RAAZ-26-1003,TRON,73316200,2026-06-08T22:10:00+05:30,T3WPitheEtDUAYQy4fqzMYJXbj4KBWSWGv,TWyVkh75WTGH3LLPbF5C8dwPPMLJy31mvn,1521.8,USDT,134527,layering,1,False
23345c5d67a8ca8c30d37a793de9bf4c7ac950fda37309eca5b86988b3cb5fd6,23345c5d67a8ca8c30d37a793de9bf4c7ac950fda37309eca5b86988b3cb5fd6,RAAZ-26-1003,TRON,73316200,2026-06-08T22:10:00+05:30,T3WPitheEtDUAYQy4fqzMYJXbj4KBWSWGv,TQ4b6SHYQfZ3H47VoyudN5HhdR1bBcgeLq,2218.99,USDT,196159,layering,1,False
d8d3615da3825801feadd695cc8f8b6a68f88d41c2bd1fd485841e3bd9b87585,d8d3615da3825801feadd695cc8f8b6a68f88d41c2bd1fd485841e3bd9b87585,RAAZ-26-1003,TRON,73316680,2026-06-08T22:34:00+05:30,TvyUhZkGiWkVfPuCD6QpaucgGpSDekjkTG,THVWgfS3585pU9Y7d64cvd5e4Gki4qrmtb,1852.07,USDT,163723,layering,2,False
73659d0d68d7898d4c1b9bc2671c777787ec202444e7c1d2140fdf8613a6a1a9,73659d0d68d7898d4c1b9bc2671c777787ec202444e7c1d2140fdf8613a6a1a9,RAAZ-26-1003,TRON,73317820,2026-06-08T23:31:00+05:30,TBYWRsWgzqRac7qcYXrKwExWBMLVvmfgeR,TqMLQXggVob4UQxwhc2Vfjh4TkTxbiet9b,1358.48,USDT,120090,layering,2,False
e8e20382c0545c4e6f2ac939e50f29fc2a9fb5e56b37712475f5a060930b87ad,e8e20382c0545c4e6f2ac939e50f29fc2a9fb5e56b37712475f5a060930b87ad,RAAZ-26-1003,TRON,73318080,2026-06-08T23:44:00+05:30,Te5RueNhVd6Jwxbf7ReqL18R2EGTiQebiq,TUN863DjBVVAv8w6HPzyQidYKQRoWsKwJw,989.47,USDT,87469,layering,2,False
62842d9a8d4ddd1fc12d132bdd3e6bd63152cf3600f3e5710453c39b9ae2e029,62842d9a8d4ddd1fc12d132bdd3e6bd63152cf3600f3e5710453c39b9ae2e029,RAAZ-26-1003,TRON,73319760,2026-06-09T01:08:00+05:30,TQ4b6SHYQfZ3H47VoyudN5HhdR1bBcgeLq,TGN1zV4KLdVpvhoh42QeL95fnq6wnGGAuT,2218.99,USDT,196159,layering,2,False
5cf9ec0e64a07c413b7fc4d6cca4e2c0230580582c8c1b47c880c401cf47d35b,5cf9ec0e64a07c413b7fc4d6cca4e2c0230580582c8c1b47c880c401cf47d35b,RAAZ-26-1003,TRON,73320720,2026-06-09T01:56:00+05:30,TWyVkh75WTGH3LLPbF5C8dwPPMLJy31mvn,TdSVuCKzV31E7tYVMnAFvwF3TqFePwKzuJ,1521.8,USDT,134527,layering,2,False
d623aa1fa1326802347a77125d9d43a9305a0b755da07ab81fa6c3c6ae61244c,d623aa1fa1326802347a77125d9d43a9305a0b755da07ab81fa6c3c6ae61244c,RAAZ-26-1003,TRON,73322160,2026-06-09T03:08:00+05:30,TqMLQXggVob4UQxwhc2Vfjh4TkTxbiet9b,TaXJKCK9ovAdBPusifBMZffqGgWqouRt8m,1358.48,USDT,120090,consolidation,3,False
0a800d53f8cd9ad40b202a9a3e13ec438c82d373fe5b67bd904d20b24c655304,0a800d53f8cd9ad40b202a9a3e13ec438c82d373fe5b67bd904d20b24c655304,RAAZ-26-1003,TRON,73322900,2026-06-09T03:45:00+05:30,TUN863DjBVVAv8w6HPzyQidYKQRoWsKwJw,T8paNYE76XNzsWEUJgeAd2UeaHUESBPWJ6,989.47,USDT,87469,layering,3,False
b4e8ac435960b0f8b0d17e9a8fc2d015015cc5bea5d5c9d5471613a9faeea035,b4e8ac435960b0f8b0d17e9a8fc2d015015cc5bea5d5c9d5471613a9faeea035,RAAZ-26-1003,TRON,73324800,2026-06-09T05:20:00+05:30,TdSVuCKzV31E7tYVMnAFvwF3TqFePwKzuJ,TvXFUiQSD3gBfMQW6QMByXhrCYgkFgr5gL,1521.8,USDT,134527,layering,3,False
a378184e343acafaf025f6c812d6fe2a69fae2bd6568c72ffcb00bd136ef95a2,a378184e343acafaf025f6c812d6fe2a69fae2bd6568c72ffcb00bd136ef95a2,RAAZ-26-1003,TRON,73328840,2026-06-09T08:42:00+05:30,THVWgfS3585pU9Y7d64cvd5e4Gki4qrmtb,TzTKCpbseyixGfQcceZ4SaT6nFHVAKE6Yx,1852.07,USDT,163723,layering,3,False
0720e37b810145b728cb28bea173622b3d2de3752a53ac66704aecd642c14189,0720e37b810145b728cb28bea173622b3d2de3752a53ac66704aecd642c14189,RAAZ-26-1003,TRON,73331140,2026-06-09T10:37:00+05:30,TGN1zV4KLdVpvhoh42QeL95fnq6wnGGAuT,Ta9L7zbH39cu2DcPy7CcRruBsub739phgm,2218.99,USDT,196159,layering,3,False
cfa4ce964f3b7e6e3c2856ca096422c5b4111337be04e53e6fa1b424559173f6,cfa4ce964f3b7e6e3c2856ca096422c5b4111337be04e53e6fa1b424559173f6,RAAZ-26-1003,TRON,73331380,2026-06-09T10:49:00+05:30,TzTKCpbseyixGfQcceZ4SaT6nFHVAKE6Yx,TkwkGDDQJGrmq1G81pc5666T2cuzqVBihk,1852.07,USDT,163723,layering,4,False
cdc174e27cd0d91fe2c6d8eab304ef759f14f2f38f02fcc1951e4e19f883e530,cdc174e27cd0d91fe2c6d8eab304ef759f14f2f38f02fcc1951e4e19f883e530,RAAZ-26-1003,TRON,73336040,2026-06-09T14:42:00+05:30,TvXFUiQSD3gBfMQW6QMByXhrCYgkFgr5gL,TaXJKCK9ovAdBPusifBMZffqGgWqouRt8m,1521.8,USDT,134527,consolidation,3,False
2451e417af39ac3cfe4cdc75a84dcbc687effbc3865b65118dbd34ecb0d12044,2451e417af39ac3cfe4cdc75a84dcbc687effbc3865b65118dbd34ecb0d12044,RAAZ-26-1003,TRON,73336160,2026-06-09T14:48:00+05:30,Ta9L7zbH39cu2DcPy7CcRruBsub739phgm,TaXJKCK9ovAdBPusifBMZffqGgWqouRt8m,2218.99,USDT,196159,consolidation,3,False
5874cab01b97d2e9f076ce65ac65e62111fec5aebfac0cd793a6b0d54a46774f,5874cab01b97d2e9f076ce65ac65e62111fec5aebfac0cd793a6b0d54a46774f,RAAZ-26-1003,TRON,73336680,2026-06-09T15:14:00+05:30,TkwkGDDQJGrmq1G81pc5666T2cuzqVBihk,TaXJKCK9ovAdBPusifBMZffqGgWqouRt8m,1852.07,USDT,163723,consolidation,3,False
0ef3d9148517d1646cc8d111e31a6f3fd1032202b09138916aa96dc677721035,0ef3d9148517d1646cc8d111e31a6f3fd1032202b09138916aa96dc677721035,RAAZ-26-1003,TRON,73336780,2026-06-09T15:19:00+05:30,T8paNYE76XNzsWEUJgeAd2UeaHUESBPWJ6,TaXJKCK9ovAdBPusifBMZffqGgWqouRt8m,989.47,USDT,87469,consolidation,3,False
b42026632272fa4e7efa914128bacadcd3ef42ebaee8ccedbad1d71dd3457e6f,b42026632272fa4e7efa914128bacadcd3ef42ebaee8ccedbad1d71dd3457e6f,RAAZ-26-1003,TRON,73347400,2026-06-10T00:10:00+05:30,TaXJKCK9ovAdBPusifBMZffqGgWqouRt8m,T8Ugxk2S6R6ivdPU4xLjsaDoNeDSepu21Y,7804.32,USDT,689902,exchange_deposit,4,False
937ff9ac0b1501e11826852021ea747b6ca163a5d63ec948d18396a43663e6a6,937ff9ac0b1501e11826852021ea747b6ca163a5d63ec948d18396a43663e6a6,RAAZ-26-1003,TRON,73348920,2026-06-10T01:26:00+05:30,T8Ugxk2S6R6ivdPU4xLjsaDoNeDSepu21Y,TkD1MyZ1Xu6osNY8CMWZivxC3az7sJt6BP,7804.32,USDT,689902,exchange_sweep,5,False
adf18b85dda6f1cffe10f5d117a8a6b69039636a930d58232141f1f0049ac960,adf18b85dda6f1cffe10f5d117a8a6b69039636a930d58232141f1f0049ac960,RAAZ-26-1004,TRON,74780580,2026-07-29T18:29:00+05:30,TK21nmAfxxFQTemdnDVWq9jmkUYUxwvZ87,Tg9wJGCu9kpGVEbEC7S9VaQt28djcny3vb,87070.3,USDT,7697015,inbound,0,False
70fd0c5ee32fac0dbe351566511645de655e65b44f2fda11373cd31ba927748f,70fd0c5ee32fac0dbe351566511645de655e65b44f2fda11373cd31ba927748f,RAAZ-26-1004,TRON,74833380,2026-07-31T14:29:00+05:30,TA3fr5b2vQALAhLQceU2SoX2KQUwF1iCkQ,Tg9wJGCu9kpGVEbEC7S9VaQt28djcny3vb,9658.79,USDT,853837,victim_payment,0,False
628a6e6dd335a1d1023f7985bd5b73595c498a6c8cff3e1bc9e5e1ebdaa186b1,628a6e6dd335a1d1023f7985bd5b73595c498a6c8cff3e1bc9e5e1ebdaa186b1,RAAZ-26-1004,TRON,74864580,2026-08-01T16:29:00+05:30,TiKkPZqbqYcSB4LUCTr3wLTEtkFPF145Ef,Tg9wJGCu9kpGVEbEC7S9VaQt28djcny3vb,151897.46,USDT,13427735,inbound,0,False
0c72bc749f91cdab59bcd77de3fb069b4cf286c1dc28902420a566028fc33f4f,0c72bc749f91cdab59bcd77de3fb069b4cf286c1dc28902420a566028fc33f4f,RAAZ-26-1004,TRON,74888580,2026-08-02T12:29:00+05:30,TA3fr5b2vQALAhLQceU2SoX2KQUwF1iCkQ,Tg9wJGCu9kpGVEbEC7S9VaQt28djcny3vb,23132.53,USDT,2044916,victim_payment,0,False
6c4f4239f36dec15450399bf93d09bc34c1c04d62d5e8eeb7a626f272da3e11d,6c4f4239f36dec15450399bf93d09bc34c1c04d62d5e8eeb7a626f272da3e11d,RAAZ-26-1004,TRON,74894580,2026-08-02T17:29:00+05:30,TA3fr5b2vQALAhLQceU2SoX2KQUwF1iCkQ,Tg9wJGCu9kpGVEbEC7S9VaQt28djcny3vb,28028.23,USDT,2477696,victim_payment,0,False
3148582144546b85d42bc94057078d0145e738d6534b198836f3a204fc10a0c8,3148582144546b85d42bc94057078d0145e738d6534b198836f3a204fc10a0c8,RAAZ-26-1004,TRON,74931780,2026-08-04T00:29:00+05:30,TA3fr5b2vQALAhLQceU2SoX2KQUwF1iCkQ,Tg9wJGCu9kpGVEbEC7S9VaQt28djcny3vb,35403.49,USDT,3129669,victim_payment,0,False
1bda594647265e70bd7ed036b07225381cbc70240971a363c1ae448891de95be,1bda594647265e70bd7ed036b07225381cbc70240971a363c1ae448891de95be,RAAZ-26-1004,TRON,74934180,2026-08-04T02:29:00+05:30,T78UD5tjcWyJGsEpC8YhrhykLW7XrEHg4J,Tg9wJGCu9kpGVEbEC7S9VaQt28djcny3vb,105030.88,USDT,9284730,inbound,0,False
e46b3d3d28cceaf7e080251579719d4b5d59797617e4eec7b519ff33aae3d616,e46b3d3d28cceaf7e080251579719d4b5d59797617e4eec7b519ff33aae3d616,RAAZ-26-1004,TRON,74946180,2026-08-04T12:29:00+05:30,TA3fr5b2vQALAhLQceU2SoX2KQUwF1iCkQ,Tg9wJGCu9kpGVEbEC7S9VaQt28djcny3vb,49809.77,USDT,4403184,victim_payment,0,False
a220362a8da615adf126350b6723d4a7ba640b64f62107d75c6e80ed0cc8aea9,a220362a8da615adf126350b6723d4a7ba640b64f62107d75c6e80ed0cc8aea9,RAAZ-26-1004,TRON,74952620,2026-08-04T17:51:00+05:30,Tg9wJGCu9kpGVEbEC7S9VaQt28djcny3vb,T1HmjTi1SMCy2kEdHAwEi7bK5DvcW1uk47,86694.51,USDT,7663795,layering,1,False
053a946652573d73db6ab6d7aab4b5def89bf244344e407624a06b3637e1f4c0,053a946652573d73db6ab6d7aab4b5def89bf244344e407624a06b3637e1f4c0,RAAZ-26-1004,TRON,74952660,2026-08-04T17:53:00+05:30,Tg9wJGCu9kpGVEbEC7S9VaQt28djcny3vb,TjM2zfDsHZR5q1UM4NLVjneBVuLu3oHhbd,168637.78,USDT,14907580,layering,1,False
62b59d9a90527ca1e2f3f0fefddd285bdaa4144c55d3fccb35eff13c295fa8b9,62b59d9a90527ca1e2f3f0fefddd285bdaa4144c55d3fccb35eff13c295fa8b9,RAAZ-26-1004,TRON,74952700,2026-08-04T17:55:00+05:30,T1HmjTi1SMCy2kEdHAwEi7bK5DvcW1uk47,Tria2poDX7etvSSR6u4Rh2FYP83mQqK6kX,86694.51,USDT,7663795,layering,2,False
e07a2686594c5efabfa9007bc1c36ec8cc78b5cdda3f9fcdb6602f08a4f6f3a0,e07a2686594c5efabfa9007bc1c36ec8cc78b5cdda3f9fcdb6602f08a4f6f3a0,RAAZ-26-1004,TRON,74952760,2026-08-04T17:58:00+05:30,Tg9wJGCu9kpGVEbEC7S9VaQt28djcny3vb,TQkuUQc8YSarhQVRiQVZM72YmcDUKFHDDx,75158.66,USDT,6644026,layering,1,False
686839ab661db19fab07e78710d3ff69778604535535ff98c1af2faa2abf9b11,686839ab661db19fab07e78710d3ff69778604535535ff98c1af2faa2abf9b11,RAAZ-26-1004,TRON,74952780,2026-08-04T17:59:00+05:30,Tg9wJGCu9kpGVEbEC7S9VaQt28djcny3vb,T3AzZeTbVNH9TnThq996vLToQoa1kJC6ad,71375.82,USDT,6309622,layering,1,False
a56577d0befdd8fdf1bca6cbb4bb7726e85abce63a14750eb2f2e67c3e841762,a56577d0befdd8fdf1bca6cbb4bb7726e85abce63a14750eb2f2e67c3e841762,RAAZ-26-1004,TRON,74952860,2026-08-04T18:03:00+05:30,TQkuUQc8YSarhQVRiQVZM72YmcDUKFHDDx,TzUKhc7xBEB42JuPxM23NcUZa1PjBwujns,75158.66,USDT,6644026,layering,2,False
f8f5a1e6205021533f0f1ad3c915fa989a79a7f7a875b2c7fa1f7474b69a3b9b,f8f5a1e6205021533f0f1ad3c915fa989a79a7f7a875b2c7fa1f7474b69a3b9b,RAAZ-26-1004,TRON,74952940,2026-08-04T18:07:00+05:30,T3AzZeTbVNH9TnThq996vLToQoa1kJC6ad,TbBy9uUZt4xSvgeMohSTURpzMfTdv1K1Ps,71375.82,USDT,6309622,layering,2,False
e402e9b52a19a665342826686a0f9b828fdd3c6e2b23d8e13258278085ea734e,e402e9b52a19a665342826686a0f9b828fdd3c6e2b23d8e13258278085ea734e,RAAZ-26-1004,TRON,74952980,2026-08-04T18:09:00+05:30,TbBy9uUZt4xSvgeMohSTURpzMfTdv1K1Ps,TJ5GD22Z16n18VP4TPXfSucoxu1v8pRvLq,71375.82,USDT,6309622,consolidation,3,False
7fec6380c82e1c12f88e641f7f68f3c674ce6e9ba4ef7b3a0da62507349552f4,7fec6380c82e1c12f88e641f7f68f3c674ce6e9ba4ef7b3a0da62507349552f4,RAAZ-26-1004,TRON,74953040,2026-08-04T18:12:00+05:30,Tg9wJGCu9kpGVEbEC7S9VaQt28djcny3vb,TKeFPB4Y2g5ar6bDajvK4XXearDvyiZzvD,73749.41,USDT,6519448,layering,1,False
43af3637af4689f7305edad2dbad10f8e13254d134249181b088697dac92ddb7,43af3637af4689f7305edad2dbad10f8e13254d134249181b088697dac92ddb7,RAAZ-26-1004,TRON,74953140,2026-08-04T18:17:00+05:30,TjM2zfDsHZR5q1UM4NLVjneBVuLu3oHhbd,Tb9rGtS6cL9NstJejw35HX5Wm3cs55KGT9,168637.78,USDT,14907580,layering,2,False
5fed75af01f94f514c58888b2a2f34a7dde323ef44d04dc71b81103fee8fc5df,5fed75af01f94f514c58888b2a2f34a7dde323ef44d04dc71b81103fee8fc5df,RAAZ-26-1004,TRON,74953200,2026-08-04T18:20:00+05:30,Tria2poDX7etvSSR6u4Rh2FYP83mQqK6kX,TGymjkXZSw22Ev3dgMHB5z2mqLWCL4Qrag,86694.51,USDT,7663795,layering,3,False
e6b3960df0647e3eac5832b685538cf287ad7fd06cc16d03779d529a53574ab5,e6b3960df0647e3eac5832b685538cf287ad7fd06cc16d03779d529a53574ab5,RAAZ-26-1004,TRON,74953260,2026-08-04T18:23:00+05:30,TKeFPB4Y2g5ar6bDajvK4XXearDvyiZzvD,TwYWvkCvC4ELhHE3aqZB3KbkscZKdZS2Hz,73749.41,USDT,6519448,layering,2,False
7aee23c5708dd184191ae38d967c1ab95fa1a35378d33020016975145aac3ee3,7aee23c5708dd184191ae38d967c1ab95fa1a35378d33020016975145aac3ee3,RAAZ-26-1004,TRON,74953260,2026-08-04T18:23:00+05:30,TGymjkXZSw22Ev3dgMHB5z2mqLWCL4Qrag,TJ5GD22Z16n18VP4TPXfSucoxu1v8pRvLq,86694.51,USDT,7663795,consolidation,3,False
586fe3883f768bdfa820b615f0ce1fdd55ef432905d7a568eb70720f5201567a,586fe3883f768bdfa820b615f0ce1fdd55ef432905d7a568eb70720f5201567a,RAAZ-26-1004,TRON,74953320,2026-08-04T18:26:00+05:30,TzUKhc7xBEB42JuPxM23NcUZa1PjBwujns,TBgzMPtAy3cAo3dUfhDYAxbekmdm5yb8Mx,75158.66,USDT,6644026,layering,3,False
7f877bab24c14de5bbeb90c8d132d5dd11ba16c45b746b486eecdd48ae674d9e,7f877bab24c14de5bbeb90c8d132d5dd11ba16c45b746b486eecdd48ae674d9e,RAAZ-26-1004,TRON,74953420,2026-08-04T18:31:00+05:30,Tb9rGtS6cL9NstJejw35HX5Wm3cs55KGT9,THBdbC8i3bQ18xEBx9bfByQXZAegQNQEPp,168637.78,USDT,14907580,layering,3,False
707527decb9de6d7ccf797f34974389005f8dbcf9f0e1763462f7af3ff252bee,707527decb9de6d7ccf797f34974389005f8dbcf9f0e1763462f7af3ff252bee,RAAZ-26-1004,TRON,74953620,2026-08-04T18:41:00+05:30,TwYWvkCvC4ELhHE3aqZB3KbkscZKdZS2Hz,TJ5GD22Z16n18VP4TPXfSucoxu1v8pRvLq,73749.41,USDT,6519448,consolidation,3,False
08d60bde4d53411e61c0de79dc54869683340c9f760fdd3ffc09e414d46defa7,08d60bde4d53411e61c0de79dc54869683340c9f760fdd3ffc09e414d46defa7,RAAZ-26-1004,TRON,74953720,2026-08-04T18:46:00+05:30,TBgzMPtAy3cAo3dUfhDYAxbekmdm5yb8Mx,TJ5GD22Z16n18VP4TPXfSucoxu1v8pRvLq,75158.66,USDT,6644026,consolidation,3,False
d8d88f22979700226e2abd0c7bffc890a0d0e419a40552ed7d5489cf32b33ec6,d8d88f22979700226e2abd0c7bffc890a0d0e419a40552ed7d5489cf32b33ec6,RAAZ-26-1004,TRON,74953880,2026-08-04T18:54:00+05:30,THBdbC8i3bQ18xEBx9bfByQXZAegQNQEPp,Tyf9V718X3AmX3S4YjVBRF3KzwKpzWFdT3,168637.78,USDT,14907580,layering,4,False
853dacdfe40413ebe0b7cb66212a9eb88f43b1fb472b0681ac09afbf67df1037,853dacdfe40413ebe0b7cb66212a9eb88f43b1fb472b0681ac09afbf67df1037,RAAZ-26-1004,TRON,74954380,2026-08-04T19:19:00+05:30,Tyf9V718X3AmX3S4YjVBRF3KzwKpzWFdT3,TJ5GD22Z16n18VP4TPXfSucoxu1v8pRvLq,168637.78,USDT,14907580,consolidation,3,False
0416de0907d2c3a5425ea243a810099b5545605153ca5a278dd676faee38eb5d,0416de0907d2c3a5425ea243a810099b5545605153ca5a278dd676faee38eb5d,RAAZ-26-1004,TRON,74954920,2026-08-04T19:46:00+05:30,TJ5GD22Z16n18VP4TPXfSucoxu1v8pRvLq,Tn9kq3mF7gur3qJJF11og6hUd58gMLNRdL,475181.6,USDT,42006053,exchange_deposit,4,False
2f68fe66d378c5367bcde1ae09f5c17795b18f0f2a49ae9f7d8afc2dfa2a611f,2f68fe66d378c5367bcde1ae09f5c17795b18f0f2a49ae9f7d8afc2dfa2a611f,RAAZ-26-1004,TRON,74956440,2026-08-04T21:02:00+05:30,Tn9kq3mF7gur3qJJF11og6hUd58gMLNRdL,T7CGSBAChrPzuh691yNgXH9HDbJHW2K9pe,475181.6,USDT,42006053,exchange_sweep,5,False
cfc9221d2ddf9978350072ba123973464cf5db2579108b6e5623d4f877fdfd76,cfc9221d2ddf9978350072ba123973464cf5db2579108b6e5623d4f877fdfd76,RAAZ-26-1005,TRON,75325000,2026-08-17T16:10:00+05:30,T3BSYEtZhd6KBvMQkLqp8GvSzLeQre2kdh,TyyTgFRjPPqVqpGykUZcSxYp45cr7RwVJR,1852.99,USDT,163804,inbound,0,False
5b21e0d9f5919e36b776662af40cebb73966f498b9f27b5d38b772d81dfb4373,5b21e0d9f5919e36b776662af40cebb73966f498b9f27b5d38b772d81dfb4373,RAAZ-26-1005,TRON,75374200,2026-08-19T09:10:00+05:30,TcD3gZ7T1eDCJma8b4Fybjs5SXPAmMPySU,TyyTgFRjPPqVqpGykUZcSxYp45cr7RwVJR,768.7,USDT,67953,inbound,0,False
0650d4cc8725c17a65a6bdce09f7eabf5d7657087c2532e5d126a4844eba2b64,0650d4cc8725c17a65a6bdce09f7eabf5d7657087c2532e5d126a4844eba2b64,RAAZ-26-1005,TRON,75389800,2026-08-19T22:10:00+05:30,TuTbztSDaTtAeRMYErNZ4fNPd2ST7XMqq9,TyyTgFRjPPqVqpGykUZcSxYp45cr7RwVJR,2410.08,USDT,213051,victim_payment,0,False
2d4b4580e1cfd04d92d4f462b1c49b183092e21a044037e2f41e5db40aed03fa,2d4b4580e1cfd04d92d4f462b1c49b183092e21a044037e2f41e5db40aed03fa,RAAZ-26-1005,TRON,75410200,2026-08-20T15:10:00+05:30,TE8m6UWZvTXrTqD4s8Vm3VWc4E4fYxi66S,TyyTgFRjPPqVqpGykUZcSxYp45cr7RwVJR,3953.9,USDT,349525,inbound,0,False
2cc356ee6ba4e190d59158a2873ca63a6048c999464213ebeb634ea5127dc784,2cc356ee6ba4e190d59158a2873ca63a6048c999464213ebeb634ea5127dc784,RAAZ-26-1005,TRON,75410200,2026-08-20T15:10:00+05:30,TLAK5iYGhaNS6UayBakJYs5Ryny59GQjpY,TyyTgFRjPPqVqpGykUZcSxYp45cr7RwVJR,4507.61,USDT,398473,inbound,0,False
0e9d3d9f6780f6590c99249e3685f04a3a4d0b8789207dbfbbb81680c333756d,0e9d3d9f6780f6590c99249e3685f04a3a4d0b8789207dbfbbb81680c333756d,RAAZ-26-1005,TRON,75475000,2026-08-22T21:10:00+05:30,TuTbztSDaTtAeRMYErNZ4fNPd2ST7XMqq9,TyyTgFRjPPqVqpGykUZcSxYp45cr7RwVJR,2859.15,USDT,252749,victim_payment,0,False
6fe0704976bf0e5207e790e5f3fda2681a0bded6748cca9b87272c13143edac5,6fe0704976bf0e5207e790e5f3fda2681a0bded6748cca9b87272c13143edac5,RAAZ-26-1005,TRON,75475800,2026-08-22T21:50:00+05:30,TyyTgFRjPPqVqpGykUZcSxYp45cr7RwVJR,Two3Zw8emNrnguRz6RHxyFAp9gV36WNPKs,6417.23,USDT,567283,layering,1,False
df49c9173a67ec16002e4ebcdd9c3fed6b1a2016966a69c7599962aa2a8da0eb,df49c9173a67ec16002e4ebcdd9c3fed6b1a2016966a69c7599962aa2a8da0eb,RAAZ-26-1005,TRON,75476220,2026-08-22T22:11:00+05:30,TyyTgFRjPPqVqpGykUZcSxYp45cr7RwVJR,TuxsTHxDRXCW4zF3Pu24nFnaZCZvwDEq7S,5146.9,USDT,454986,layering,1,False
271ba6f274756f231e627560fa402b078b737cce159e01722cd6a8b14777a75d,271ba6f274756f231e627560fa402b078b737cce159e01722cd6a8b14777a75d,RAAZ-26-1005,TRON,75476260,2026-08-22T22:13:00+05:30,TyyTgFRjPPqVqpGykUZcSxYp45cr7RwVJR,TfUvw2nEyR8cS5Mn5NTWzUgSacvLF6v4D4,4313.32,USDT,381297,layering,1,False
a9d1a653e82b79a3d98fd3d1080b0d479e1cdc527e441ea31bc04145d4319ade,a9d1a653e82b79a3d98fd3d1080b0d479e1cdc527e441ea31bc04145d4319ade,RAAZ-26-1005,TRON,75477820,2026-08-22T23:31:00+05:30,TfUvw2nEyR8cS5Mn5NTWzUgSacvLF6v4D4,THGNDQB2cY4UjGenAd9nCPdU8XMtHmm5f1,4313.32,USDT,381297,layering,2,False
e3ab866d10231c55f03347b556657c931ecc3ecacd0ad2c5dbb4ed194e0c6e6a,e3ab866d10231c55f03347b556657c931ecc3ecacd0ad2c5dbb4ed194e0c6e6a,RAAZ-26-1005,TRON,75479040,2026-08-23T00:32:00+05:30,THGNDQB2cY4UjGenAd9nCPdU8XMtHmm5f1,Tg35mWZepsqcUidJBDyfGyUQzGPxeUsStx,4313.32,USDT,381297,layering,3,False
41f176cb5ea55d0d3b22ef9b094688ad7d3c0530acdd4f82c2bdec42222ba8bd,41f176cb5ea55d0d3b22ef9b094688ad7d3c0530acdd4f82c2bdec42222ba8bd,RAAZ-26-1005,TRON,75483440,2026-08-23T04:12:00+05:30,TuxsTHxDRXCW4zF3Pu24nFnaZCZvwDEq7S,TifN6S3B99PXEcxG2rfkP3BD8XVv5ZCDY2,5146.9,USDT,454986,layering,2,False
033d7e4c79439ff2344145db65a256c464a56ee193bde64f9ef154b860ff10f9,033d7e4c79439ff2344145db65a256c464a56ee193bde64f9ef154b860ff10f9,RAAZ-26-1005,TRON,75484840,2026-08-23T05:22:00+05:30,Two3Zw8emNrnguRz6RHxyFAp9gV36WNPKs,T91cfkYrXn1juFqyo84pqv3Wv9YdxKEQdW,690.33,USDT,61025,peel,2,False
de549caae9ae09b84f938a052b7ae71606cd23458540bdcbfb72954350458863,de549caae9ae09b84f938a052b7ae71606cd23458540bdcbfb72954350458863,RAAZ-26-1005,TRON,75484840,2026-08-23T05:22:00+05:30,Two3Zw8emNrnguRz6RHxyFAp9gV36WNPKs,TACwvdgn5bq2mZnfyVN1o7UuMSRWHFubFz,5726.9,USDT,506258,layering,2,False
0a9eca49c963f0f2966bcbf733c552d2bef046c6a6cb9642f043a4b95545402c,0a9eca49c963f0f2966bcbf733c552d2bef046c6a6cb9642f043a4b95545402c,RAAZ-26-1005,TRON,75487200,2026-08-23T07:20:00+05:30,TACwvdgn5bq2mZnfyVN1o7UuMSRWHFubFz,TezAdzSGdhdJ3dP9MGDRCGiWv4SJVQS2L6,514.01,USDT,45438,peel,3,False
8e94535d9f1cea5c8baaf54679b62de698368f9a5c2666c83fa266e7bca271f6,8e94535d9f1cea5c8baaf54679b62de698368f9a5c2666c83fa266e7bca271f6,RAAZ-26-1005,TRON,75487200,2026-08-23T07:20:00+05:30,TACwvdgn5bq2mZnfyVN1o7UuMSRWHFubFz,T8S8kwEigw2seuiWXP2scW5jM7mqJC13Xa,5212.89,USDT,460819,layering,3,False
10b57e950e595f1b1b7f7688f6b0ddf65969c32d5d84dad238e2f3262e518808,10b57e950e595f1b1b7f7688f6b0ddf65969c32d5d84dad238e2f3262e518808,RAAZ-26-1005,TRON,75488620,2026-08-23T08:31:00+05:30,Tg35mWZepsqcUidJBDyfGyUQzGPxeUsStx,TaXJKCK9ovAdBPusifBMZffqGgWqouRt8m,4313.32,USDT,381297,consolidation,4,False
d4c8a50a73783c27f1005ffbcfd8640ba63c2be2e644454a700b69f1c5f6bedd,d4c8a50a73783c27f1005ffbcfd8640ba63c2be2e644454a700b69f1c5f6bedd,RAAZ-26-1005,TRON,75493540,2026-08-23T12:37:00+05:30,T8S8kwEigw2seuiWXP2scW5jM7mqJC13Xa,T9P3DWJes64sjxvz3s4qjRJGtKDEm4H6wC,544.99,USDT,48177,peel,4,False
649ce0261decb134578ef31d7febd31cdbc219b6f4d35d084dbf882879b2ef5c,649ce0261decb134578ef31d7febd31cdbc219b6f4d35d084dbf882879b2ef5c,RAAZ-26-1005,TRON,75493540,2026-08-23T12:37:00+05:30,T8S8kwEigw2seuiWXP2scW5jM7mqJC13Xa,Ti1PnkGXRYVgRd2BYVuFaEEFvevasprvBz,4667.89,USDT,412641,layering,4,False
b49800a5a43ce7b599e93b71adb3e0f4d00697632fe2a22f727d295957fcc18f,b49800a5a43ce7b599e93b71adb3e0f4d00697632fe2a22f727d295957fcc18f,RAAZ-26-1005,TRON,75500060,2026-08-23T18:03:00+05:30,TifN6S3B99PXEcxG2rfkP3BD8XVv5ZCDY2,TLxU6WxnHxaDi3tuh8CPPBcKi6YgJeworQ,5146.9,USDT,454986,layering,3,False
b10ee1b35ac68315ae57e2b78c36afc75aac240f555425889ed54e3f19a091f5,b10ee1b35ac68315ae57e2b78c36afc75aac240f555425889ed54e3f19a091f5,RAAZ-26-1005,TRON,75500260,2026-08-23T18:13:00+05:30,TezAdzSGdhdJ3dP9MGDRCGiWv4SJVQS2L6,TaXJKCK9ovAdBPusifBMZffqGgWqouRt8m,514.01,USDT,45438,consolidation,4,False
45c2122c7fa87ac2c113b97add3961b952cf9d3f9a559dd8e1b778461d1aac5a,45c2122c7fa87ac2c113b97add3961b952cf9d3f9a559dd8e1b778461d1aac5a,RAAZ-26-1005,TRON,75501160,2026-08-23T18:58:00+05:30,T9P3DWJes64sjxvz3s4qjRJGtKDEm4H6wC,TaXJKCK9ovAdBPusifBMZffqGgWqouRt8m,544.99,USDT,48177,consolidation,4,False
3e10209dd75a40f1ebf9ddb72ab78135fa80c3948e6a0cd45942d01850315989,3e10209dd75a40f1ebf9ddb72ab78135fa80c3948e6a0cd45942d01850315989,RAAZ-26-1005,TRON,75501860,2026-08-23T19:33:00+05:30,Ti1PnkGXRYVgRd2BYVuFaEEFvevasprvBz,TW3Yw9KL991VqahyMyHaumfrenmZGirRHz,522.38,USDT,46178,peel,5,False
f1b4201f65e96a6d97534b0f29170d25d309a69f9ad4f30200e4ed504fcc51aa,f1b4201f65e96a6d97534b0f29170d25d309a69f9ad4f30200e4ed504fcc51aa,RAAZ-26-1005,TRON,75501860,2026-08-23T19:33:00+05:30,Ti1PnkGXRYVgRd2BYVuFaEEFvevasprvBz,TN5FHUds9H6eST7csvdKspToiUQUmr2DNy,4145.51,USDT,366463,layering,5,False
50af6dc331c4dc90c353d5d5db615406f0838b37dca8e99f4ced1e446ee3abc7,50af6dc331c4dc90c353d5d5db615406f0838b37dca8e99f4ced1e446ee3abc7,RAAZ-26-1005,TRON,75503080,2026-08-23T20:34:00+05:30,TLxU6WxnHxaDi3tuh8CPPBcKi6YgJeworQ,TaXJKCK9ovAdBPusifBMZffqGgWqouRt8m,5146.9,USDT,454986,consolidation,4,False
24715a57e4d552af56b5442529d54d4896f44a53add8eac92c20740784ac16ae,24715a57e4d552af56b5442529d54d4896f44a53add8eac92c20740784ac16ae,RAAZ-26-1005,TRON,75505900,2026-08-23T22:55:00+05:30,TN5FHUds9H6eST7csvdKspToiUQUmr2DNy,TY7DbyfyeZVaH8j6huDYLaGYxwZwkFCZzM,311.64,USDT,27549,peel,6,False
e5f499c14d14329e7ea442ee112d66732bdb4e48eb2a29319d58f66e3771e365,e5f499c14d14329e7ea442ee112d66732bdb4e48eb2a29319d58f66e3771e365,RAAZ-26-1005,TRON,75505900,2026-08-23T22:55:00+05:30,TN5FHUds9H6eST7csvdKspToiUQUmr2DNy,T1JaHTVNfpng2uZxaLcHJ4E34NXw7RTz73,3833.87,USDT,338914,layering,6,False
5819f54891d3e99634476ddcf50784fca66c6d35fe99f0743702517cbf789785,5819f54891d3e99634476ddcf50784fca66c6d35fe99f0743702517cbf789785,RAAZ-26-1005,TRON,75515720,2026-08-24T07:06:00+05:30,T1JaHTVNfpng2uZxaLcHJ4E34NXw7RTz73,TUGddG2BiqCbNcRXsbGTn3jfuNnB81gZ84,318.76,USDT,28178,peel,7,False
28f998b92d0d8ec9658ba25809348ecb58fd41d94b74cc68097365e0c5307a0e,28f998b92d0d8ec9658ba25809348ecb58fd41d94b74cc68097365e0c5307a0e,RAAZ-26-1005,TRON,75515720,2026-08-24T07:06:00+05:30,T1JaHTVNfpng2uZxaLcHJ4E34NXw7RTz73,TV2K9DdjePPJkkujiiNQBn2NQPVmd9MmP7,3515.11,USDT,310736,layering,7,False
2d754dd64b2ff7e7fa3e24d210bb0e33960acb3a5a2b7c36e450eebf3993b974,2d754dd64b2ff7e7fa3e24d210bb0e33960acb3a5a2b7c36e450eebf3993b974,RAAZ-26-1005,TRON,75519420,2026-08-24T10:11:00+05:30,TY7DbyfyeZVaH8j6huDYLaGYxwZwkFCZzM,TaXJKCK9ovAdBPusifBMZffqGgWqouRt8m,311.64,USDT,27549,consolidation,4,False
dc83bc76cba09e482f64f8f64412edf4b6bb5a9a81f568d696ade3a363bb8b82,dc83bc76cba09e482f64f8f64412edf4b6bb5a9a81f568d696ade3a363bb8b82,RAAZ-26-1005,TRON,75519660,2026-08-24T10:23:00+05:30,TV2K9DdjePPJkkujiiNQBn2NQPVmd9MmP7,TaXJKCK9ovAdBPusifBMZffqGgWqouRt8m,3515.11,USDT,310736,consolidation,4,False
712cefa822ce8a97633ae1dd08a03c4bd93eee197ed56846c810f64ee65a622b,712cefa822ce8a97633ae1dd08a03c4bd93eee197ed56846c810f64ee65a622b,RAAZ-26-1005,TRON,75521900,2026-08-24T12:15:00+05:30,TUGddG2BiqCbNcRXsbGTn3jfuNnB81gZ84,TaXJKCK9ovAdBPusifBMZffqGgWqouRt8m,318.76,USDT,28178,consolidation,4,False
fa2bc650e565b677008332682382d9cfd1a03490e68e99a9b41fe108e3ad4454,fa2bc650e565b677008332682382d9cfd1a03490e68e99a9b41fe108e3ad4454,RAAZ-26-1005,TRON,75526260,2026-08-24T15:53:00+05:30,TaXJKCK9ovAdBPusifBMZffqGgWqouRt8m,TDkwCAF9sjF86zYacazBwcBJUU9RdTStJq,13806.66,USDT,1220509,exchange_deposit,5,False
6b3486fe98bf478105c2cd5a6eb775a5b30825979d08cd069b1283c8e5b8bb49,6b3486fe98bf478105c2cd5a6eb775a5b30825979d08cd069b1283c8e5b8bb49,RAAZ-26-1005,TRON,75527920,2026-08-24T17:16:00+05:30,TDkwCAF9sjF86zYacazBwcBJUU9RdTStJq,TkD1MyZ1Xu6osNY8CMWZivxC3az7sJt6BP,13806.66,USDT,1220509,exchange_sweep,6,False
0x71d31070ccd914c6190db230cc9f5f240b7d425c03b9791df007b02df80e4872,0x71d31070ccd914c6190db230cc9f5f240b7d425c03b9791df007b02df80e4872,RAAZ-26-1006,ETH,22883070,2026-07-12T02:54:00+05:30,0x7ba29231deb083be41ca93c39943223179e2d4e6,0x40c28c9a0d7004b3fdf603555eab1204ea491fe1,0.01,USDC,1,dust,0,False
0x24ef90734ba434bd235849422eab6f7ba9ba9f49a90276b1555659bc466d6e31,0x24ef90734ba434bd235849422eab6f7ba9ba9f49a90276b1555659bc466d6e31,RAAZ-26-1006,ETH,22890870,2026-07-13T04:54:00+05:30,0x7ba29231deb083be41ca93c39943223179e2d4e6,0x40c28c9a0d7004b3fdf603555eab1204ea491fe1,0.01,USDC,1,dust,0,False
0xe93d99c73e84c0b429bbdbc3a39e40bd19afe79aceabd14a515d5bd5e18c2892,0xe93d99c73e84c0b429bbdbc3a39e40bd19afe79aceabd14a515d5bd5e18c2892,RAAZ-26-1006,ETH,22898670,2026-07-14T06:54:00+05:30,0x7ba29231deb083be41ca93c39943223179e2d4e6,0x40c28c9a0d7004b3fdf603555eab1204ea491fe1,0.01,USDC,1,dust,0,False
0x05cee056e58bf43d650506af22fc3a04e28e6bf92870d8c1d80c328d6ea208e4,0x05cee056e58bf43d650506af22fc3a04e28e6bf92870d8c1d80c328d6ea208e4,RAAZ-26-1006,ETH,22914570,2026-07-16T11:54:00+05:30,0x7ba29231deb083be41ca93c39943223179e2d4e6,0x40c28c9a0d7004b3fdf603555eab1204ea491fe1,0.01,USDC,1,dust,0,False
0xd75025b8935417d97497650bce2325e4ce267bf49f255d98594c1e7062e52df6,0xd75025b8935417d97497650bce2325e4ce267bf49f255d98594c1e7062e52df6,RAAZ-26-1006,ETH,22933170,2026-07-19T01:54:00+05:30,0x7ba29231deb083be41ca93c39943223179e2d4e6,0x40c28c9a0d7004b3fdf603555eab1204ea491fe1,0.01,USDC,1,dust,0,False
0x37a7010d6341090aa8d2e759b59f69742a2ac2e3aa80be0e251182a6038a992d,0x37a7010d6341090aa8d2e759b59f69742a2ac2e3aa80be0e251182a6038a992d,RAAZ-26-1006,ETH,22936770,2026-07-19T13:54:00+05:30,0x77304d6320360e4c3cb123cf53096f1f52d46685,0x40c28c9a0d7004b3fdf603555eab1204ea491fe1,11808.01,USDC,1043238,inbound,0,False
0xabdb204ca220cd9f6b6228d08a04046059594b99ab1069270dd9a5e9adb5df35,0xabdb204ca220cd9f6b6228d08a04046059594b99ab1069270dd9a5e9adb5df35,RAAZ-26-1006,ETH,22937370,2026-07-19T15:54:00+05:30,0xb7eb084896f22ed0f7547a9524fec8d72b685a50,0x40c28c9a0d7004b3fdf603555eab1204ea491fe1,26075.33,USDC,2303755,inbound,0,False
0x6871c762acb94376927e6d8e8358521dfe476ef14ccfbef8e4d57e1917ec54d0,0x6871c762acb94376927e6d8e8358521dfe476ef14ccfbef8e4d57e1917ec54d0,RAAZ-26-1006,ETH,22937670,2026-07-19T16:54:00+05:30,0xd08d22a9434ee2ee353fcb81c6c67e98616b9a74,0x40c28c9a0d7004b3fdf603555eab1204ea491fe1,2499.71,USDC,220849,victim_payment,0,False
0x8029a9358320a54d6d944d3549d02dd8f4317d41472565d539cd6fcc268aa129,0x8029a9358320a54d6d944d3549d02dd8f4317d41472565d539cd6fcc268aa129,RAAZ-26-1006,ETH,22943370,2026-07-20T11:54:00+05:30,0x4a4b716f1a7044bff026c42b78e231486f2237d0,0x40c28c9a0d7004b3fdf603555eab1204ea491fe1,14552.78,USDC,1285738,inbound,0,False
0xf678f2f811bce08b30217244fa6c71b4f7fccb24f8c304c0229f50939145aaee,0xf678f2f811bce08b30217244fa6c71b4f7fccb24f8c304c0229f50939145aaee,RAAZ-26-1006,ETH,22949670,2026-07-21T08:54:00+05:30,0xd08d22a9434ee2ee353fcb81c6c67e98616b9a74,0x40c28c9a0d7004b3fdf603555eab1204ea491fe1,7321.73,USDC,646875,victim_payment,0,False
0x4e9e47632bb8ebee4605e58afcf7d0af0e74344639acfd51397c417b8b66de30,0x4e9e47632bb8ebee4605e58afcf7d0af0e74344639acfd51397c417b8b66de30,RAAZ-26-1006,ETH,22949970,2026-07-21T09:54:00+05:30,0x837707f126e50147da318aa764297ec444a14dd0,0x40c28c9a0d7004b3fdf603555eab1204ea491fe1,3527.65,USDC,311668,inbound,0,False
0x6cf925f781b2ea23b872a1e89b878415fdc27e6dd550e50a83bd1af33af46a32,0x6cf925f781b2ea23b872a1e89b878415fdc27e6dd550e50a83bd1af33af46a32,RAAZ-26-1006,ETH,22955070,2026-07-22T02:54:00+05:30,0x8605d265c1d3c1d087a68fc0e78f6b809a968c40,0x40c28c9a0d7004b3fdf603555eab1204ea491fe1,9734.08,USDC,860006,inbound,0,False
0xebb7379be700a4eea419199042e913ee8052cc619d9d73e0e08ad9dd370af2e9,0xebb7379be700a4eea419199042e913ee8052cc619d9d73e0e08ad9dd370af2e9,RAAZ-26-1006,ETH,22966470,2026-07-23T16:54:00+05:30,0xd08d22a9434ee2ee353fcb81c6c67e98616b9a74,0x40c28c9a0d7004b3fdf603555eab1204ea491fe1,10743.94,USDC,949227,victim_payment,0,False
0xad4f5910448884aecca25f26df9fff5b24a1a51e179ac92795921768f401a1f8,0xad4f5910448884aecca25f26df9fff5b24a1a51e179ac92795921768f401a1f8,RAAZ-26-1006,ETH,22985670,2026-07-26T08:54:00+05:30,0xd08d22a9434ee2ee353fcb81c6c67e98616b9a74,0x40c28c9a0d7004b3fdf603555eab1204ea491fe1,12077.52,USDC,1067049,victim_payment,0,False
0xc1c0a6cc5a7daea27c78b8f01a2a4d77650c9ce21388718504bcbd3eb988e34a,0xc1c0a6cc5a7daea27c78b8f01a2a4d77650c9ce21388718504bcbd3eb988e34a,RAAZ-26-1006,ETH,22986675,2026-07-26T12:15:00+05:30,0x40c28c9a0d7004b3fdf603555eab1204ea491fe1,0x1cb21d3a9c1341c61df9f357f3e041a200a427dd,39471.19,USDC,3487280,layering,1,False
0x1e7bda8ba5620fefccdc3a13c96bee3d351cecd89587d46eba27f52d2edd529b,0x1e7bda8ba5620fefccdc3a13c96bee3d351cecd89587d46eba27f52d2edd529b,RAAZ-26-1006,ETH,22986725,2026-07-26T12:25:00+05:30,0x40c28c9a0d7004b3fdf603555eab1204ea491fe1,0xa191d6bf428ac58498fb789139c3d75d561cb2f7,56322.25,USDC,4976071,layering,1,False
0x92f142bcf4c40f2acf6a1a94da39ce20f08b09953b427509e2873b28a3c811e9,0x92f142bcf4c40f2acf6a1a94da39ce20f08b09953b427509e2873b28a3c811e9,RAAZ-26-1006,ETH,22988575,2026-07-26T18:35:00+05:30,0xa191d6bf428ac58498fb789139c3d75d561cb2f7,0x15c017382bd74bd0b7c0e0ae0b6b2edce7f8a51d,56322.25,USDC,4976071,layering,2,False
0xc35811301c2f8fa75eb78ee3aa946fa48d462abb9f78ceacea3ad2ffecbbd40c,0xc35811301c2f8fa75eb78ee3aa946fa48d462abb9f78ceacea3ad2ffecbbd40c,RAAZ-26-1006,ETH,22989435,2026-07-26T21:27:00+05:30,0x1cb21d3a9c1341c61df9f357f3e041a200a427dd,0x8fa99f22ddf91d4365c6c2f6b25011a350185e60,39471.19,USDC,3487280,layering,2,False
0x5ecd5feecb330ff2d1ef54ca45b21161267dd540adc7bfcb4d3a8413f0073095,0x5ecd5feecb330ff2d1ef54ca45b21161267dd540adc7bfcb4d3a8413f0073095,RAAZ-26-1006,ETH,22991075,2026-07-27T02:55:00+05:30,0x15c017382bd74bd0b7c0e0ae0b6b2edce7f8a51d,0xaf9c939f01fde5ec28b7117e8eac72bfa82cb34d,56322.25,USDC,4976071,layering,3,False
0x55e5be67e340adee308dd76265cd27053a38c9159f1b2857da9a54dd779d2538,0x55e5be67e340adee308dd76265cd27053a38c9159f1b2857da9a54dd779d2538,RAAZ-26-1006,ETH,22994840,2026-07-27T15:28:00+05:30,0xaf9c939f01fde5ec28b7117e8eac72bfa82cb34d,0xec93a5a5e96bb020c36c24ddd88416e6e1d35a53,56322.25,USDC,4976071,mixer_in,4,False
0x3158d9b0c122f43fe0c8dc8bff73befa49961aa8310e4197d3ddca0dddd090a4,0x3158d9b0c122f43fe0c8dc8bff73befa49961aa8310e4197d3ddca0dddd090a4,RAAZ-26-1006,ETH,22997815,2026-07-28T01:23:00+05:30,0xec93a5a5e96bb020c36c24ddd88416e6e1d35a53,0x740835c8312270eafaa2218348971fce85107af9,10398.95,USDC,918747,mixer_out,5,True
0xd26049ad7e35189e09959c314264a593cc45b848566f1a787f8caa70fb9b60d8,0xd26049ad7e35189e09959c314264a593cc45b848566f1a787f8caa70fb9b60d8,RAAZ-26-1006,ETH,22998110,2026-07-28T02:22:00+05:30,0xec93a5a5e96bb020c36c24ddd88416e6e1d35a53,0x53815ca9ff4fbe8eea2dc68cba037b55184bed25,23324.66,USDC,2060734,mixer_out,5,True
0x3c489b6d912b16822059a8d5d3e77ad9b0f5c4d8d13db1ebc176481df5a5def7,0x3c489b6d912b16822059a8d5d3e77ad9b0f5c4d8d13db1ebc176481df5a5def7,RAAZ-26-1006,ETH,22998585,2026-07-28T03:57:00+05:30,0xec93a5a5e96bb020c36c24ddd88416e6e1d35a53,0x7babf9a36a279ccacfc883c90f4821318e16e1c6,21190.58,USDC,1872188,mixer_out,5,True
a34088cfbbb1235f6124720774b77567373640412669a1e1f2b6b7d4b21734b2,a34088cfbbb1235f6124720774b77567373640412669a1e1f2b6b7d4b21734b2,RAAZ-26-1007,TRON,75566840,2026-08-26T01:42:00+05:30,TpWkaSFWFujyhd8aNzBpNcApM4abkACtXd,TW3uAiAxQsD4GmrBq4VZ2x5W8ZUX87fCdQ,137.73,USDT,12175,inbound,0,False
18b63e1669b847a39fa1f8c7fb2b5d323cad16c92389e2cbd04a13fc10a56b20,18b63e1669b847a39fa1f8c7fb2b5d323cad16c92389e2cbd04a13fc10a56b20,RAAZ-26-1007,TRON,75577640,2026-08-26T10:42:00+05:30,TqcUcEceTnhZpXLx8SCK3QVSFgGBpCsa1S,TW3uAiAxQsD4GmrBq4VZ2x5W8ZUX87fCdQ,367.14,USDT,32455,inbound,0,False
c8e216c492c8bca59b2caaf1136e2c31fd29728ef31e971f8328f268276ddffb,c8e216c492c8bca59b2caaf1136e2c31fd29728ef31e971f8328f268276ddffb,RAAZ-26-1007,TRON,75613640,2026-08-27T16:42:00+05:30,TMqwyp4TY93GGPQyNt7Zup9pc6CyF4VLzV,TW3uAiAxQsD4GmrBq4VZ2x5W8ZUX87fCdQ,307.72,USDT,27202,inbound,0,False
c5dd59b9ba37d659bd2d6a36898b2818bf7fb9df232ce166d8f7b2e552e4f0e4,c5dd59b9ba37d659bd2d6a36898b2818bf7fb9df232ce166d8f7b2e552e4f0e4,RAAZ-26-1007,TRON,75619640,2026-08-27T21:42:00+05:30,TmCnsWan7uBbrZDCjqzdodyBCAdfGnSb1g,TW3uAiAxQsD4GmrBq4VZ2x5W8ZUX87fCdQ,40.68,USDT,3596,victim_payment,0,False
2b53903aa780385ef87e9535cf6e1c89cc9c4a9c37fb1471249a2d51b3a38fa3,2b53903aa780385ef87e9535cf6e1c89cc9c4a9c37fb1471249a2d51b3a38fa3,RAAZ-26-1007,TRON,75631640,2026-08-28T07:42:00+05:30,TmCnsWan7uBbrZDCjqzdodyBCAdfGnSb1g,TW3uAiAxQsD4GmrBq4VZ2x5W8ZUX87fCdQ,53.84,USDT,4759,victim_payment,0,False
9f7ca0a30efe4e4abeccc98cb99f3442928db179cae3a7fcca2fb6f938bdfbcd,9f7ca0a30efe4e4abeccc98cb99f3442928db179cae3a7fcca2fb6f938bdfbcd,RAAZ-26-1007,TRON,75722840,2026-08-31T11:42:00+05:30,TmCnsWan7uBbrZDCjqzdodyBCAdfGnSb1g,TW3uAiAxQsD4GmrBq4VZ2x5W8ZUX87fCdQ,55.06,USDT,4867,victim_payment,0,False
9997b70a72ec60a37fb0129c33869fe01fa034f77a3c41ebf12cdae1ba9cdffb,9997b70a72ec60a37fb0129c33869fe01fa034f77a3c41ebf12cdae1ba9cdffb,RAAZ-26-1007,TRON,75732440,2026-08-31T19:42:00+05:30,Tb5ue51RedZeRKrquSn8G14a6TKbHhyjLn,TW3uAiAxQsD4GmrBq4VZ2x5W8ZUX87fCdQ,98.44,USDT,8702,inbound,0,False
06b4ec73b8b0d923c2de634cb59f347e864b7efb6882ae46d80879eb875d370d,06b4ec73b8b0d923c2de634cb59f347e864b7efb6882ae46d80879eb875d370d,RAAZ-26-1007,TRON,75804440,2026-09-03T07:42:00+05:30,TmCnsWan7uBbrZDCjqzdodyBCAdfGnSb1g,TW3uAiAxQsD4GmrBq4VZ2x5W8ZUX87fCdQ,98.56,USDT,8713,victim_payment,0,False
6cecd62b565b8b4940469dd6926a3e27f370c34ce586f6eb4060a6452d5db87e,6cecd62b565b8b4940469dd6926a3e27f370c34ce586f6eb4060a6452d5db87e,RAAZ-26-1007,TRON,75887240,2026-09-06T04:42:00+05:30,TmCnsWan7uBbrZDCjqzdodyBCAdfGnSb1g,TW3uAiAxQsD4GmrBq4VZ2x5W8ZUX87fCdQ,149.62,USDT,13226,victim_payment,0,False
97a31560e6bfc06a56f8c617f211a052c248d165295a591c7ff9ba753ad3c56c,97a31560e6bfc06a56f8c617f211a052c248d165295a591c7ff9ba753ad3c56c,RAAZ-26-1007,TRON,75997640,2026-09-10T00:42:00+05:30,TmCnsWan7uBbrZDCjqzdodyBCAdfGnSb1g,TW3uAiAxQsD4GmrBq4VZ2x5W8ZUX87fCdQ,170.11,USDT,15038,victim_payment,0,False
720e0d04514df4eccee7b2b26efc54b3bb68c788e5714736d8a3c8b3448af9d8,720e0d04514df4eccee7b2b26efc54b3bb68c788e5714736d8a3c8b3448af9d8,RAAZ-26-1007,TRON,76002780,2026-09-10T04:59:00+05:30,TW3uAiAxQsD4GmrBq4VZ2x5W8ZUX87fCdQ,TKwswoeHaQGgJZgbj5RxTzvpJTDnWqzv62,697.09,USDT,61623,layering,1,False
9380ef11ddd7ed2786a8b50a822cd5f0168157bcea4bb698f2d2cbe2648f0ab8,9380ef11ddd7ed2786a8b50a822cd5f0168157bcea4bb698f2d2cbe2648f0ab8,RAAZ-26-1007,TRON,76003200,2026-09-10T05:20:00+05:30,TW3uAiAxQsD4GmrBq4VZ2x5W8ZUX87fCdQ,T8uMQA3cE6BiHYGsvLA3XZgztiudPmffgG,753.58,USDT,66616,layering,1,False
19fd593f4cdf2844fdd611785fded3407a6831f13fc4bc72479c2452d586525e,19fd593f4cdf2844fdd611785fded3407a6831f13fc4bc72479c2452d586525e,RAAZ-26-1007,TRON,76005060,2026-09-10T06:53:00+05:30,TKwswoeHaQGgJZgbj5RxTzvpJTDnWqzv62,TxDnfZ4tTyo6xsLTNYakEZD5YRubXEWz9S,88.14,USDT,7792,peel,2,False
7c6b89a2e0101e4c099c449c18c1c7efe0f877903a1dec1a16937bc4383fa4d7,7c6b89a2e0101e4c099c449c18c1c7efe0f877903a1dec1a16937bc4383fa4d7,RAAZ-26-1007,TRON,76005060,2026-09-10T06:53:00+05:30,TKwswoeHaQGgJZgbj5RxTzvpJTDnWqzv62,T6axeTZnVKi6XQghNrWs6punRDnqkZnYny,608.95,USDT,53831,layering,2,False
264997cb1d22124c7a9f920835dca8d5d1c6e29da1db7ebd83da55dcf9bc7bef,264997cb1d22124c7a9f920835dca8d5d1c6e29da1db7ebd83da55dcf9bc7bef,RAAZ-26-1007,TRON,76010800,2026-09-10T11:40:00+05:30,T8uMQA3cE6BiHYGsvLA3XZgztiudPmffgG,TDwLp7uRpS2ChzkyY3iHauGDhxZ1AvpCfP,753.58,USDT,66616,layering,2,False
3cd90f16e5cd0a8f749a6e8434577d137a16101ce74e374e406c48c2bc9627be,3cd90f16e5cd0a8f749a6e8434577d137a16101ce74e374e406c48c2bc9627be,RAAZ-26-1007,TRON,76016340,2026-09-10T16:17:00+05:30,T6axeTZnVKi6XQghNrWs6punRDnqkZnYny,TpvE4K1geFBSPfGjgYqe1VW3vgqAWNJk49,58.07,USDT,5133,peel,3,False
f7933a88c8ee51de33b12666878b15d1a8241057cdd0e26bff767f92e802e0f1,f7933a88c8ee51de33b12666878b15d1a8241057cdd0e26bff767f92e802e0f1,RAAZ-26-1007,TRON,76016340,2026-09-10T16:17:00+05:30,T6axeTZnVKi6XQghNrWs6punRDnqkZnYny,TfQYsAux6RuixVj1GjJPsoGkjKJQ8qj3Si,550.88,USDT,48698,layering,3,False
4c8bbc221654b414c6f9c2ea77c79b86349527cc74ffe8d70743865b6bd985e9,4c8bbc221654b414c6f9c2ea77c79b86349527cc74ffe8d70743865b6bd985e9,RAAZ-26-1007,TRON,76024980,2026-09-10T23:29:00+05:30,TfQYsAux6RuixVj1GjJPsoGkjKJQ8qj3Si,TKu4ppQ2owsXyiKQaFKkzazYPRNYNGkPd9,47.45,USDT,4195,peel,4,False
6d9784771166895a8b3211bd3404588f0af1e4655f11ceb86eacdb6cda934948,6d9784771166895a8b3211bd3404588f0af1e4655f11ceb86eacdb6cda934948,RAAZ-26-1007,TRON,76024980,2026-09-10T23:29:00+05:30,TfQYsAux6RuixVj1GjJPsoGkjKJQ8qj3Si,TyRyYc1wLfcoCyjVucresUXis5giah7p1S,503.43,USDT,44503,layering,4,False
5ffce8cea42a93b832fed39709ac6cb816b320217dd8fddbc98765def668c467,5ffce8cea42a93b832fed39709ac6cb816b320217dd8fddbc98765def668c467,RAAZ-26-1007,TRON,76025260,2026-09-10T23:43:00+05:30,TDwLp7uRpS2ChzkyY3iHauGDhxZ1AvpCfP,Te5Yc6zCwFJCHTtGCRPbKg9iHtfUYGqAtV,753.58,USDT,66616,layering,3,False
7068a5973fd2cda167b07ff8c733c89947d7fb96cc5ecc2b88f086937a336619,7068a5973fd2cda167b07ff8c733c89947d7fb96cc5ecc2b88f086937a336619,RAAZ-26-1007,TRON,76028760,2026-09-11T02:38:00+05:30,Te5Yc6zCwFJCHTtGCRPbKg9iHtfUYGqAtV,TaJXqcRHSmfSNjNFNsY7WfGZgnjoyP3vkT,753.58,USDT,66616,consolidation,4,False
581830b3b8e68b26f029f8a876e17052bfb3d5c2e0e5cc47f4ffdced1abd608d,581830b3b8e68b26f029f8a876e17052bfb3d5c2e0e5cc47f4ffdced1abd608d,RAAZ-26-1007,TRON,76030520,2026-09-11T04:06:00+05:30,TKu4ppQ2owsXyiKQaFKkzazYPRNYNGkPd9,TaJXqcRHSmfSNjNFNsY7WfGZgnjoyP3vkT,47.45,USDT,4195,consolidation,4,False
ad507bbbf64d928851b02dfaa13d8d791035266eccdc865330d63a2a3bd4f0c8,ad507bbbf64d928851b02dfaa13d8d791035266eccdc865330d63a2a3bd4f0c8,RAAZ-26-1007,TRON,76035140,2026-09-11T07:57:00+05:30,TyRyYc1wLfcoCyjVucresUXis5giah7p1S,T4CZbx4F16VGe7N2Xp5Ck2YB7ust4SDTWx,44.92,USDT,3971,peel,5,False
1056ee3bcb6c954f87f0a166ef650b08263b199336a55f12fcc7715c506cedba,1056ee3bcb6c954f87f0a166ef650b08263b199336a55f12fcc7715c506cedba,RAAZ-26-1007,TRON,76035140,2026-09-11T07:57:00+05:30,TyRyYc1wLfcoCyjVucresUXis5giah7p1S,TZmm4SB9gJa89unpL4RfctLp5VjtaWrreF,458.51,USDT,40532,layering,5,False
b6917d57470b37f80ead714a645d31ec6573616eded17a8c8f2b5276e705fa5d,b6917d57470b37f80ead714a645d31ec6573616eded17a8c8f2b5276e705fa5d,RAAZ-26-1007,TRON,76044960,2026-09-11T16:08:00+05:30,T4CZbx4F16VGe7N2Xp5Ck2YB7ust4SDTWx,TaJXqcRHSmfSNjNFNsY7WfGZgnjoyP3vkT,44.92,USDT,3971,consolidation,4,False
b56ab1f2071930a2638447535db3865ae062879879b44f598129f6de7b9f9a69,b56ab1f2071930a2638447535db3865ae062879879b44f598129f6de7b9f9a69,RAAZ-26-1007,TRON,76050920,2026-09-11T21:06:00+05:30,TZmm4SB9gJa89unpL4RfctLp5VjtaWrreF,TaJXqcRHSmfSNjNFNsY7WfGZgnjoyP3vkT,458.51,USDT,40532,consolidation,4,False
68fb78062156f0c2cc787df58247a8a84550083ed77d0d339b51287e0e6d67ae,68fb78062156f0c2cc787df58247a8a84550083ed77d0d339b51287e0e6d67ae,RAAZ-26-1007,TRON,76059300,2026-09-12T04:05:00+05:30,TaJXqcRHSmfSNjNFNsY7WfGZgnjoyP3vkT,TexrZzCJqXBCxedu5VTxhipnu2fsjVMi1s,1207.71,USDT,106762,exchange_deposit,5,False
4e86d7d5a97ecfc3224997591d46f4a578bf16f6d5007ba9705ce718e54628af,4e86d7d5a97ecfc3224997591d46f4a578bf16f6d5007ba9705ce718e54628af,RAAZ-26-1007,TRON,76059560,2026-09-12T04:18:00+05:30,TexrZzCJqXBCxedu5VTxhipnu2fsjVMi1s,TtKex3NiVV1CfGkZX7JmPwy7XCxBmMksUs,1207.71,USDT,106762,exchange_sweep,6,False
0xa250a4189a43c8bd1faf520d7eb1205c376c136caea3d657c336261edb9c94fc,0xa250a4189a43c8bd1faf520d7eb1205c376c136caea3d657c336261edb9c94fc,RAAZ-26-1008,BSC,60445420,2026-07-27T05:31:00+05:30,0x12e76999848954bc2a2ffd69f0388d7862c636e8,0x06368639d1c782dd1341375b40ed345ec260ef27,0.01,BNB,615,dust,0,False
0x9873fc800f0b54d760c90adb9e211474bf3c04b32897649c9cb784552d955622,0x9873fc800f0b54d760c90adb9e211474bf3c04b32897649c9cb784552d955622,RAAZ-26-1008,BSC,60528220,2026-07-30T02:31:00+05:30,0x12e76999848954bc2a2ffd69f0388d7862c636e8,0x06368639d1c782dd1341375b40ed345ec260ef27,0.01,BNB,615,dust,0,False
0x2cdcce55c51109513c58a22730ddc5f66d8522f1c095b2654fba2c89115d46b3,0x2cdcce55c51109513c58a22730ddc5f66d8522f1c095b2654fba2c89115d46b3,RAAZ-26-1008,BSC,60549820,2026-07-30T20:31:00+05:30,0x12e76999848954bc2a2ffd69f0388d7862c636e8,0x06368639d1c782dd1341375b40ed345ec260ef27,0.01,BNB,615,dust,0,False
0x85a3bfff426504e3c813ef56fa17b617ef304a4046eb6b95ae7104e67df246ae,0x85a3bfff426504e3c813ef56fa17b617ef304a4046eb6b95ae7104e67df246ae,RAAZ-26-1008,BSC,60593020,2026-08-01T08:31:00+05:30,0x12e76999848954bc2a2ffd69f0388d7862c636e8,0x06368639d1c782dd1341375b40ed345ec260ef27,0.01,BNB,615,dust,0,False
0xfc0700713b5040661defc16b19038ae486aebfc641b5fb52b3f21605427b9f53,0xfc0700713b5040661defc16b19038ae486aebfc641b5fb52b3f21605427b9f53,RAAZ-26-1008,BSC,60611020,2026-08-01T23:31:00+05:30,0x12e76999848954bc2a2ffd69f0388d7862c636e8,0x06368639d1c782dd1341375b40ed345ec260ef27,0.01,BNB,615,dust,0,False
0x08e404745b7de43511dfcc273ed2cd9851e02da696dacfe08da995273eb903a8,0x08e404745b7de43511dfcc273ed2cd9851e02da696dacfe08da995273eb903a8,RAAZ-26-1008,BSC,60644620,2026-08-03T03:31:00+05:30,0x1bae8edd4743a8d40b86f95213c26fe6f78e67f1,0x06368639d1c782dd1341375b40ed345ec260ef27,26.506,BNB,1630119,victim_payment,0,False
0x8599f152bd87e1653c5021e58c485ab6456b225ab7d4361df3a30d8ea83f2a47,0x8599f152bd87e1653c5021e58c485ab6456b225ab7d4361df3a30d8ea83f2a47,RAAZ-26-1008,BSC,60666220,2026-08-03T21:31:00+05:30,0x1bae8edd4743a8d40b86f95213c26fe6f78e67f1,0x06368639d1c782dd1341375b40ed345ec260ef27,44.268,BNB,2722482,victim_payment,0,False
0xe37f654ef4a12e9808d41d725d4baa04caf340e7c4331859dd9d3461b756c137,0xe37f654ef4a12e9808d41d725d4baa04caf340e7c4331859dd9d3461b756c137,RAAZ-26-1008,BSC,60728620,2026-08-06T01:31:00+05:30,0x1bae8edd4743a8d40b86f95213c26fe6f78e67f1,0x06368639d1c782dd1341375b40ed345ec260ef27,66.7284,BNB,4103797,victim_payment,0,False
0x4a5391dabffea232015648127e61f8024ba5f2f6f8bec1c220b25207cccfd210,0x4a5391dabffea232015648127e61f8024ba5f2f6f8bec1c220b25207cccfd210,RAAZ-26-1008,BSC,60733600,2026-08-06T05:40:00+05:30,0x06368639d1c782dd1341375b40ed345ec260ef27,0xcdcbf24fefca6dd763676fc88b41faadf47e4c0a,25.6173,BNB,1575464,layering,1,False
0xd4efb1649849453871700cc1928842a1d89c8e9ec525dcb55ec2fe72084d019c,0xd4efb1649849453871700cc1928842a1d89c8e9ec525dcb55ec2fe72084d019c,RAAZ-26-1008,BSC,60733660,2026-08-06T05:43:00+05:30,0x06368639d1c782dd1341375b40ed345ec260ef27,0x6f66eba30138884204028c8ab8b9bea3a814a31f,24.7311,BNB,1520963,layering,1,False
0x5ad5283aaf2889ba1513017cddce09be7aff032ef3763136ae69fae16d07122d,0x5ad5283aaf2889ba1513017cddce09be7aff032ef3763136ae69fae16d07122d,RAAZ-26-1008,BSC,60733700,2026-08-06T05:45:00+05:30,0xcdcbf24fefca6dd763676fc88b41faadf47e4c0a,0x34001ede053ebe222659d1402ad9c97074a681a6,25.6173,BNB,1575464,layering,2,False
0xb36f61497f9e44b81beb1b940542a4a6b549b812b43f141eb267cd6ae7e665b6,0xb36f61497f9e44b81beb1b940542a4a6b549b812b43f141eb267cd6ae7e665b6,RAAZ-26-1008,BSC,60733720,2026-08-06T05:46:00+05:30,0x06368639d1c782dd1341375b40ed345ec260ef27,0xc7b6617c9d9f10b9a2bd4204b51833c231fe8859,25.9395,BNB,1595279,layering,1,False
0x35560e2d8745e5ba8dd963daeb42ad64ed351abfb958caea7d75d376ed3affeb,0x35560e2d8745e5ba8dd963daeb42ad64ed351abfb958caea7d75d376ed3affeb,RAAZ-26-1008,BSC,60733800,2026-08-06T05:50:00+05:30,0x06368639d1c782dd1341375b40ed345ec260ef27,0x67a99a67e33daf2a00bcdd9f5855e8da89cbea62,25.8429,BNB,1589338,layering,1,False
0x5a666c8f335a762b4e94e89fc85f85a1b0a6c5f1d27de7148309545baf80b5db,0x5a666c8f335a762b4e94e89fc85f85a1b0a6c5f1d27de7148309545baf80b5db,RAAZ-26-1008,BSC,60733920,2026-08-06T05:56:00+05:30,0x6f66eba30138884204028c8ab8b9bea3a814a31f,0x49dc849fa1d54ab499c8845fa86f0d1d70acf334,24.7311,BNB,1520963,layering,2,False
0x84438a079f4cd6c2fd3f742b0dcaef2029525694d0bc043ce8f8b9f1fc587151,0x84438a079f4cd6c2fd3f742b0dcaef2029525694d0bc043ce8f8b9f1fc587151,RAAZ-26-1008,BSC,60734020,2026-08-06T06:01:00+05:30,0x34001ede053ebe222659d1402ad9c97074a681a6,0x8fe56745a7e52cea4267ef4968f02de57affcaee,25.6173,BNB,1575464,layering,3,False
0x7b9c798c410f8e6e8ed481c3a613a3d24b5bc9dde82a60e4f4ed9faf35edf9d1,0x7b9c798c410f8e6e8ed481c3a613a3d24b5bc9dde82a60e4f4ed9faf35edf9d1,RAAZ-26-1008,BSC,60734060,2026-08-06T06:03:00+05:30,0x67a99a67e33daf2a00bcdd9f5855e8da89cbea62,0x85a025b25540fd258d0b9d57a2b4fa23aa675aab,25.8429,BNB,1589338,layering,2,False
0x0aacb40bba093cd8a0e3c5193d611ecc3bc417c63b81975370cf0023b8669fdb,0x0aacb40bba093cd8a0e3c5193d611ecc3bc417c63b81975370cf0023b8669fdb,RAAZ-26-1008,BSC,60734100,2026-08-06T06:05:00+05:30,0x06368639d1c782dd1341375b40ed345ec260ef27,0xd3c636490cbff5bc821463acf3100ab15c37f6ad,8.9343,BNB,549459,layering,1,False
0x6d981ffaba9702b708c25e2f24d627ff807cb08a5532a25f035da3a6be8780a7,0x6d981ffaba9702b708c25e2f24d627ff807cb08a5532a25f035da3a6be8780a7,RAAZ-26-1008,BSC,60734100,2026-08-06T06:05:00+05:30,0x49dc849fa1d54ab499c8845fa86f0d1d70acf334,0xe2d76a59be60989f97d8f14fd07442be0e0d2e89,24.7311,BNB,1520963,exchange_deposit,3,False
0x8d68558f02f45b66cf2ed0b79e68fcd5cd4cdb2450366c63dbd0150124f3437c,0x8d68558f02f45b66cf2ed0b79e68fcd5cd4cdb2450366c63dbd0150124f3437c,RAAZ-26-1008,BSC,60734120,2026-08-06T06:06:00+05:30,0x06368639d1c782dd1341375b40ed345ec260ef27,0x37b13d5f811e2c5a5b419ec24cb4da274ae1c8e7,21.21,BNB,1304415,layering,1,False
0xafb1bee87081f2f3f5caab3dfb28d44e1f5e36aa971175c3ebac31b3dd2f1e9e,0xafb1bee87081f2f3f5caab3dfb28d44e1f5e36aa971175c3ebac31b3dd2f1e9e,RAAZ-26-1008,BSC,60734140,2026-08-06T06:07:00+05:30,0xd3c636490cbff5bc821463acf3100ab15c37f6ad,0xa303bf0ded39b7fbd3d24b641c1df08cd858f1bd,8.9343,BNB,549459,layering,2,False
0x0fb3cb3ee08bc2a97616ca15b34bc0a6a39f075c182d9752a8f6003d69c9b4cb,0x0fb3cb3ee08bc2a97616ca15b34bc0a6a39f075c182d9752a8f6003d69c9b4cb,RAAZ-26-1008,BSC,60734260,2026-08-06T06:13:00+05:30,0xc7b6617c9d9f10b9a2bd4204b51833c231fe8859,0xe2c8e2f5494dc21609fa5218bcad8bcfcd8b05f9,25.9395,BNB,1595279,layering,2,False
0xcf95ccf1e2dbe521200511783a7fd19672272d16c5ad10ba1510ba6fd706b7a8,0xcf95ccf1e2dbe521200511783a7fd19672272d16c5ad10ba1510ba6fd706b7a8,RAAZ-26-1008,BSC,60734300,2026-08-06T06:15:00+05:30,0xe2c8e2f5494dc21609fa5218bcad8bcfcd8b05f9,0x8a0b5a40bde301db7179dd45e3972448a007acfe,25.9395,BNB,1595279,layering,3,False
0x5501add3f0da28a14f3d7571bd331ab08cc014b571dc6e203a9267a92a179963,0x5501add3f0da28a14f3d7571bd331ab08cc014b571dc6e203a9267a92a179963,RAAZ-26-1008,BSC,60734340,2026-08-06T06:17:00+05:30,0x8fe56745a7e52cea4267ef4968f02de57affcaee,0x1fee5a5d38ee1b7bb4479cd16e18ef7138599d5c,25.6173,BNB,1575464,layering,4,False
0x3a4c1b48cf955a9316508aef95a0a3f21f2f6ffe1113dbeb2b42dab9c4b1a4ae,0x3a4c1b48cf955a9316508aef95a0a3f21f2f6ffe1113dbeb2b42dab9c4b1a4ae,RAAZ-26-1008,BSC,60734360,2026-08-06T06:18:00+05:30,0x8a0b5a40bde301db7179dd45e3972448a007acfe,0xf70945ecf3c7cb25486ec2daee229900be60eb83,25.9395,BNB,1595279,exchange_deposit,3,False
0x7a705d0ed31ead1ea94792928e649044da3f3cde56ec75a6b094868c6a5bde37,0x7a705d0ed31ead1ea94792928e649044da3f3cde56ec75a6b094868c6a5bde37,RAAZ-26-1008,BSC,60734380,2026-08-06T06:19:00+05:30,0x85a025b25540fd258d0b9d57a2b4fa23aa675aab,0x52c69e2569f47aca58ecb8519288adca643f3d27,25.8429,BNB,1589338,layering,3,False
0x909ee1f04245889920887f3d4a9e4444331bc4fd4539e35b6ca53bb2464a0d7f,0x909ee1f04245889920887f3d4a9e4444331bc4fd4539e35b6ca53bb2464a0d7f,RAAZ-26-1008,BSC,60734500,2026-08-06T06:25:00+05:30,0x1fee5a5d38ee1b7bb4479cd16e18ef7138599d5c,0xf70945ecf3c7cb25486ec2daee229900be60eb83,25.6173,BNB,1575464,exchange_deposit,3,False
0x7b84256fbbb03959eee324bf99cc6fe9c0cfa1532ce6fe4fb3bdb2afee6103c7,0x7b84256fbbb03959eee324bf99cc6fe9c0cfa1532ce6fe4fb3bdb2afee6103c7,RAAZ-26-1008,BSC,60734540,2026-08-06T06:27:00+05:30,0x37b13d5f811e2c5a5b419ec24cb4da274ae1c8e7,0xb9523c6d51419ac616623c07e2168746777df9a5,21.21,BNB,1304415,layering,2,False
0x6711a5fb7573f7d2c570b7d95f56aca5e9f3c4dd3a2d4e9cc90fc7bb3e2a693e,0x6711a5fb7573f7d2c570b7d95f56aca5e9f3c4dd3a2d4e9cc90fc7bb3e2a693e,RAAZ-26-1008,BSC,60734540,2026-08-06T06:27:00+05:30,0x52c69e2569f47aca58ecb8519288adca643f3d27,0xe2d76a59be60989f97d8f14fd07442be0e0d2e89,25.8429,BNB,1589338,exchange_deposit,3,False
0x0f46b20eb63edd0dd3c71b2df957bf88a0b0873931fcc9abe6c1b958fec23c27,0x0f46b20eb63edd0dd3c71b2df957bf88a0b0873931fcc9abe6c1b958fec23c27,RAAZ-26-1008,BSC,60734620,2026-08-06T06:31:00+05:30,0xa303bf0ded39b7fbd3d24b641c1df08cd858f1bd,0x14d090ecdac210cbb06941055824032e6a9f25b7,8.9343,BNB,549459,layering,3,False
0x7258b93d62b3c87a67004ce9ed482f7411cab398db62fe0a405b591898f2ceb3,0x7258b93d62b3c87a67004ce9ed482f7411cab398db62fe0a405b591898f2ceb3,RAAZ-26-1008,BSC,60734740,2026-08-06T06:37:00+05:30,0x14d090ecdac210cbb06941055824032e6a9f25b7,0xe2d76a59be60989f97d8f14fd07442be0e0d2e89,8.9343,BNB,549459,exchange_deposit,3,False
0x772a78bf7c7722504a42bb51e6391de40798e86da74c798504b5e7d6c03fc37d,0x772a78bf7c7722504a42bb51e6391de40798e86da74c798504b5e7d6c03fc37d,RAAZ-26-1008,BSC,60734900,2026-08-06T06:45:00+05:30,0xe2d76a59be60989f97d8f14fd07442be0e0d2e89,0xc30668d05f1a72b6a754a121a1882b27c340912a,59.5083,BNB,3659760,exchange_sweep,4,False
0x1f5092c3d5b47f08012e382a3e3e5e10f9250d6c9afe99e2f8214f3747a6c555,0x1f5092c3d5b47f08012e382a3e3e5e10f9250d6c9afe99e2f8214f3747a6c555,RAAZ-26-1008,BSC,60734960,2026-08-06T06:48:00+05:30,0xb9523c6d51419ac616623c07e2168746777df9a5,0xf70945ecf3c7cb25486ec2daee229900be60eb83,21.21,BNB,1304415,exchange_deposit,3,False
0xf40f88b5460a78981c7c4e139dab92dfc348da16e8b72444290df19e800d78e2,0xf40f88b5460a78981c7c4e139dab92dfc348da16e8b72444290df19e800d78e2,RAAZ-26-1008,BSC,60735180,2026-08-06T06:59:00+05:30,0xf70945ecf3c7cb25486ec2daee229900be60eb83,0xb13f7d46218c6c6f923107f3d33fd67a6909057d,72.7668,BNB,4475158,exchange_sweep,4,False
ebc78b47e74aece2eb54dae7df250b7a7a8f9712817ae8a214113b4425483f95,ebc78b47e74aece2eb54dae7df250b7a7a8f9712817ae8a214113b4425483f95,RAAZ-26-1009,TRON,73356240,2026-06-10T07:32:00+05:30,THn3qEyuXupddLxDC9Tdd9SHYsKVz4RK8f,TMyQZLqUYXrrPHfz7NrX8HrMo3ws5M2GTg,8316.63,USDT,735190,inbound,0,False
a72248ef24fbd0c3b4412901e606ee3c9f1c898c48cf1f2c22837776cde50cae,a72248ef24fbd0c3b4412901e606ee3c9f1c898c48cf1f2c22837776cde50cae,RAAZ-26-1009,TRON,73399440,2026-06-11T19:32:00+05:30,Tw3xNuW2kjk2yjdscZWQxdZArGYao6zM8X,TMyQZLqUYXrrPHfz7NrX8HrMo3ws5M2GTg,29453.62,USDT,2603700,victim_payment,0,False
012106a4c9e8d0a3baa2484dabda2c1828c58991149e2fa9da52f758b22bcabc,012106a4c9e8d0a3baa2484dabda2c1828c58991149e2fa9da52f758b22bcabc,RAAZ-26-1009,TRON,73403220,2026-06-11T22:41:00+05:30,TMyQZLqUYXrrPHfz7NrX8HrMo3ws5M2GTg,TwgJKgFL1rzE4hVioiis8bQHPvKSveBRsS,15132.87,USDT,1337746,layering,1,False
eccb9efe84b7be948f10266ab086b02392e2e7ae3243380798e23c368a36749b,eccb9efe84b7be948f10266ab086b02392e2e7ae3243380798e23c368a36749b,RAAZ-26-1009,TRON,73403340,2026-06-11T22:47:00+05:30,TMyQZLqUYXrrPHfz7NrX8HrMo3ws5M2GTg,TWhsDH55YgqRWRCAt9vBHk1Bjn5an2RSCz,30846.01,USDT,2726787,layering,1,False
6a5f925b1d44254c3ec057ba5131b9633f9511949a0dc77b10678b3b6e323fdb,6a5f925b1d44254c3ec057ba5131b9633f9511949a0dc77b10678b3b6e323fdb,RAAZ-26-1009,TRON,73403580,2026-06-11T22:59:00+05:30,TMyQZLqUYXrrPHfz7NrX8HrMo3ws5M2GTg,TrycsM2bFNRJhTg4qJnKoxsdXUv3nrYgyY,20002.05,USDT,1768181,layering,1,False
d73afa2bc90f690f7d9bcbc4fb79e86068cd63f0776b1079c87d050b290e2019,d73afa2bc90f690f7d9bcbc4fb79e86068cd63f0776b1079c87d050b290e2019,RAAZ-26-1009,TRON,73403760,2026-06-11T23:08:00+05:30,TMyQZLqUYXrrPHfz7NrX8HrMo3ws5M2GTg,TWogNzqFcoPySEcXrgwPpEauQo4xYPdEAd,28609.65,USDT,2529093,layering,1,False
fa676e1400e2ce1076a5d3f84055eb8df2d46e4bc8ad4f7160c7fd856cbd9b29,fa676e1400e2ce1076a5d3f84055eb8df2d46e4bc8ad4f7160c7fd856cbd9b29,RAAZ-26-1009,TRON,73405320,2026-06-12T00:26:00+05:30,TrycsM2bFNRJhTg4qJnKoxsdXUv3nrYgyY,Tm5N5YfHJW61MS5K7jxgNHqNwwZWG518Y3,20002.05,USDT,1768181,layering,2,False
15e12b2c91c5650e42cc1c3046b1428fc96677410f24eb1163273390d5ae0265,15e12b2c91c5650e42cc1c3046b1428fc96677410f24eb1163273390d5ae0265,RAAZ-26-1009,TRON,73407020,2026-06-12T01:51:00+05:30,TWogNzqFcoPySEcXrgwPpEauQo4xYPdEAd,TXNxfypfHxhWLhkqhr86mAtiejn7T7TSPw,28609.65,USDT,2529093,layering,2,False
b1bd5282876f8664e518265e797065f4acc8e5770a2a17ff52f756b1dc856102,b1bd5282876f8664e518265e797065f4acc8e5770a2a17ff52f756b1dc856102,RAAZ-26-1009,TRON,73409000,2026-06-12T03:30:00+05:30,TwgJKgFL1rzE4hVioiis8bQHPvKSveBRsS,ToFvrf6VMKhSB37S5cKpobbMZWbnxn6SR8,15132.87,USDT,1337746,layering,2,False
08fcdb50394bbfad31544f2d1f4d588587caac3e13b09edac09a329b58e01771,08fcdb50394bbfad31544f2d1f4d588587caac3e13b09edac09a329b58e01771,RAAZ-26-1009,TRON,73411440,2026-06-12T05:32:00+05:30,TWhsDH55YgqRWRCAt9vBHk1Bjn5an2RSCz,TFqkGB6aiEemS8FHqmDAQtBGsaEkgAwshS,30846.01,USDT,2726787,layering,2,False
436f274d65cb39f58e706f37f715c9f5d7a1cd5e99693588e4965353915401cd,436f274d65cb39f58e706f37f715c9f5d7a1cd5e99693588e4965353915401cd,RAAZ-26-1009,TRON,73411540,2026-06-12T05:37:00+05:30,Tm5N5YfHJW61MS5K7jxgNHqNwwZWG518Y3,TQ2bBK4499n4cHFnRQHYUyJqxhT6Sky6rg,20002.05,USDT,1768181,layering,3,False
a759dbb0410339a5556803d30212f680319e86e9f1f49392895fca47e23a0915,a759dbb0410339a5556803d30212f680319e86e9f1f49392895fca47e23a0915,RAAZ-26-1009,TRON,73414400,2026-06-12T08:00:00+05:30,TQ2bBK4499n4cHFnRQHYUyJqxhT6Sky6rg,TaJXqcRHSmfSNjNFNsY7WfGZgnjoyP3vkT,20002.05,USDT,1768181,consolidation,4,False
92b3fa71835f42d7e2b36d2432d3293cea3d8a3561552e4ce61009553246ebc0,92b3fa71835f42d7e2b36d2432d3293cea3d8a3561552e4ce61009553246ebc0,RAAZ-26-1009,TRON,73415040,2026-06-12T08:32:00+05:30,TkcRy5dBqwmAvYL8qK9bG7rZHhvfEEmmEU,TMyQZLqUYXrrPHfz7NrX8HrMo3ws5M2GTg,31830.78,USDT,2813841,inbound,0,False
211a8e54afe5ea85e2f7220d1afc143e0453124147be1a09de25fe2095d76901,211a8e54afe5ea85e2f7220d1afc143e0453124147be1a09de25fe2095d76901,RAAZ-26-1009,TRON,73416040,2026-06-12T09:22:00+05:30,TFqkGB6aiEemS8FHqmDAQtBGsaEkgAwshS,TGa7QThKYNnp5A3qDxFTTjQbA1CjorG2Ew,30846.01,USDT,2726787,layering,3,False
6cad68aced4f91810d28a679daab83ed8eb726b57b74059a129ca5fd1a528308,6cad68aced4f91810d28a679daab83ed8eb726b57b74059a129ca5fd1a528308,RAAZ-26-1009,TRON,73417920,2026-06-12T10:56:00+05:30,ToFvrf6VMKhSB37S5cKpobbMZWbnxn6SR8,TL1cmR4z4jjosqkWSLErLoJzmsvMYsL9b6,15132.87,USDT,1337746,layering,3,False
e0d2fb4e88a419bfdfddf2b0160944aef6eb729a5f391518848370752e2f2c3b,e0d2fb4e88a419bfdfddf2b0160944aef6eb729a5f391518848370752e2f2c3b,RAAZ-26-1009,TRON,73418360,2026-06-12T11:18:00+05:30,TXNxfypfHxhWLhkqhr86mAtiejn7T7TSPw,TFSv7WN6qVXiHNTF75tjbaKRCxAJ5pGji7,28609.65,USDT,2529093,layering,3,False
7a84d92a068ec907a54feb36490b51e180df26d228db10f9b01800278ba699ee,7a84d92a068ec907a54feb36490b51e180df26d228db10f9b01800278ba699ee,RAAZ-26-1009,TRON,73423160,2026-06-12T15:18:00+05:30,TFSv7WN6qVXiHNTF75tjbaKRCxAJ5pGji7,TzbREhCRvxU5CGT7ex3pdMqMN4iNK8DpDb,28609.65,USDT,2529093,layering,4,False
ba5850c9ab9c184e70dcdbfd4e7521fd3a8c608546270c446481ffd341b48b08,ba5850c9ab9c184e70dcdbfd4e7521fd3a8c608546270c446481ffd341b48b08,RAAZ-26-1009,TRON,73428020,2026-06-12T19:21:00+05:30,TGa7QThKYNnp5A3qDxFTTjQbA1CjorG2Ew,TEoV6oiqXnuafaCzGcZc346aNaoetRH1dE,30846.01,USDT,2726787,layering,4,False
096dc73d78471f7c9afe7f16e7e7f4d512b0ff5eeb9aa7d939e79d07941bf686,096dc73d78471f7c9afe7f16e7e7f4d512b0ff5eeb9aa7d939e79d07941bf686,RAAZ-26-1009,TRON,73430420,2026-06-12T21:21:00+05:30,TL1cmR4z4jjosqkWSLErLoJzmsvMYsL9b6,T2y4J6YhRnXKADUjZfFr1gxBwV7ue9N8ML,15132.87,USDT,1337746,layering,4,False
c8748f9af7a78186e4559928ca1fa5531b4844669a274de3e1d0a519568f8a20,c8748f9af7a78186e4559928ca1fa5531b4844669a274de3e1d0a519568f8a20,RAAZ-26-1009,TRON,73430940,2026-06-12T21:47:00+05:30,TEoV6oiqXnuafaCzGcZc346aNaoetRH1dE,TaJXqcRHSmfSNjNFNsY7WfGZgnjoyP3vkT,30846.01,USDT,2726787,consolidation,4,False
487ddb1abc570a40a4bfa25e8f78307caac8b32b2d1ae2ad4d3eafff1be1a245,487ddb1abc570a40a4bfa25e8f78307caac8b32b2d1ae2ad4d3eafff1be1a245,RAAZ-26-1009,TRON,73433520,2026-06-12T23:56:00+05:30,TzbREhCRvxU5CGT7ex3pdMqMN4iNK8DpDb,TaJXqcRHSmfSNjNFNsY7WfGZgnjoyP3vkT,28609.65,USDT,2529093,consolidation,4,False
7fcd2d3c706ce5820d7287066393931ad5f6adbae0ac5bee675f748e06a7cf6c,7fcd2d3c706ce5820d7287066393931ad5f6adbae0ac5bee675f748e06a7cf6c,RAAZ-26-1009,TRON,73435900,2026-06-13T01:55:00+05:30,T2y4J6YhRnXKADUjZfFr1gxBwV7ue9N8ML,TaJXqcRHSmfSNjNFNsY7WfGZgnjoyP3vkT,15132.87,USDT,1337746,consolidation,4,False
2c34a8cfd27fa54ed0f50e546c41ed4a80be681d01951d722d4841543906f550,2c34a8cfd27fa54ed0f50e546c41ed4a80be681d01951d722d4841543906f550,RAAZ-26-1009,TRON,73437260,2026-06-13T03:03:00+05:30,TaJXqcRHSmfSNjNFNsY7WfGZgnjoyP3vkT,TwQWGXCoEPhZkR8vx1UZiuei1mSKZtNcAY,93788.08,USDT,8290866,exchange_deposit,5,False
979ec91b3bdac62b9ad2ab930ab4338d7aa83fdb762b0dc13a9c27bc3fb9c795,979ec91b3bdac62b9ad2ab930ab4338d7aa83fdb762b0dc13a9c27bc3fb9c795,RAAZ-26-1009,TRON,73437700,2026-06-13T03:25:00+05:30,TwQWGXCoEPhZkR8vx1UZiuei1mSKZtNcAY,Th4M2vYPowek6J9cbvmNjpuc3CemQ5cnv3,93788.08,USDT,8290866,exchange_sweep,6,False
5b3cf4c5fa0c41af34d62d53c46f1033e37b22a3696033e190cf1111079d241e,5b3cf4c5fa0c41af34d62d53c46f1033e37b22a3696033e190cf1111079d241e,RAAZ-26-1009,TRON,73469040,2026-06-14T05:32:00+05:30,TSv5NDYRAGEeh8CCjUY9QGNvwtW2rDdssK,TMyQZLqUYXrrPHfz7NrX8HrMo3ws5M2GTg,22136.61,USDT,1956876,inbound,0,False
89f1973b0d39e6a021557564fa4933a3b274e2030a5bd8f560dd740e2e28140f,89f1973b0d39e6a021557564fa4933a3b274e2030a5bd8f560dd740e2e28140f,RAAZ-26-1009,TRON,73490640,2026-06-14T23:32:00+05:30,TMbu5vSarCLnouQy8ViqJYQf46kSPk5UQW,TMyQZLqUYXrrPHfz7NrX8HrMo3ws5M2GTg,5070.98,USDT,448275,inbound,0,False
0xb9ab9b3e0a632b8fcce581ef879813f079b9cf3d526ed17c8b890c666534e7f9,0xb9ab9b3e0a632b8fcce581ef879813f079b9cf3d526ed17c8b890c666534e7f9,RAAZ-26-1010,ETH,22981505,2026-07-25T19:01:00+05:30,0x625efd7b2ba078319490136f41f7d4baa9dce891,0x6c7ffc768706c08d961a247d15efcab1e8d36dbe,90611.99,USDT,8010100,victim_payment,0,False
0x0fa68ad3d3385f94e9789fcd68bba7ab77fc0259ed1ccd689ee366a7b475a800,0x0fa68ad3d3385f94e9789fcd68bba7ab77fc0259ed1ccd689ee366a7b475a800,RAAZ-26-1010,ETH,22982600,2026-07-25T22:40:00+05:30,0x6c7ffc768706c08d961a247d15efcab1e8d36dbe,0x7a23e9655417af815085f583e49dbc2b4c417791,45008.01,USDT,3978708,layering,1,False
0x3d05b8dd210ec91302c91a9f70f0c53077d5c896b4f16b7f20f115041b43c859,0x3d05b8dd210ec91302c91a9f70f0c53077d5c896b4f16b7f20f115041b43c859,RAAZ-26-1010,ETH,22982620,2026-07-25T22:44:00+05:30,0x7a23e9655417af815085f583e49dbc2b4c417791,0x4c07502ab9697709e2e9c4b26280053cc21f7d5b,45008.01,USDT,3978708,layering,2,False
0xe2279f5e44841ba14dffb80fea09c7fd7774b6e2169c80ad6551ff8764ba047a,0xe2279f5e44841ba14dffb80fea09c7fd7774b6e2169c80ad6551ff8764ba047a,RAAZ-26-1010,ETH,22982645,2026-07-25T22:49:00+05:30,0x6c7ffc768706c08d961a247d15efcab1e8d36dbe,0x100efdc535d99f3f1b8f5cb8ee244e1ccfe32ca2,48783.48,USDT,4312460,layering,1,False
0xc785932c1835fddeba0389bc12c7f6a8eb9255d5447077f2903fee69be6a545d,0xc785932c1835fddeba0389bc12c7f6a8eb9255d5447077f2903fee69be6a545d,RAAZ-26-1010,ETH,22982650,2026-07-25T22:50:00+05:30,0x6c7ffc768706c08d961a247d15efcab1e8d36dbe,0x8139002346e86890687082ea3ddb73d2f264a13d,35961.33,USDT,3178982,layering,1,False
0xdf99a7f7537d22c3bd912b6a2223e93c3d9f60af37799b0244d0aaad466be3df,0xdf99a7f7537d22c3bd912b6a2223e93c3d9f60af37799b0244d0aaad466be3df,RAAZ-26-1010,ETH,22982665,2026-07-25T22:53:00+05:30,0x4c07502ab9697709e2e9c4b26280053cc21f7d5b,0x3cce83e7b7eca07825a0bf6862d3a69e228c93e2,45008.01,USDT,3978708,layering,3,False
0xf38db9a7a8061e4d4245a9d32d5a7f85ddefbef45226174d6c0eae5b732f1fbe,0xf38db9a7a8061e4d4245a9d32d5a7f85ddefbef45226174d6c0eae5b732f1fbe,RAAZ-26-1010,ETH,22982680,2026-07-25T22:56:00+05:30,0x6c7ffc768706c08d961a247d15efcab1e8d36dbe,0xd575e1afca8451a9136dba2c7c7def8c13657b00,38180.88,USDT,3375190,layering,1,False
0xbe45551d5220a11410e2cfecdd85edcb7ef408f4769824533aca10425db33951,0xbe45551d5220a11410e2cfecdd85edcb7ef408f4769824533aca10425db33951,RAAZ-26-1010,ETH,22982685,2026-07-25T22:57:00+05:30,0x6c7ffc768706c08d961a247d15efcab1e8d36dbe,0x4e9d3db5fa754da5756657c413d598e5773b7184,40962.27,USDT,3621065,layering,1,False
0xd66fff02d09e6463ce7e79f2569464ac9d030e2cde3b09d7d0a0e3d22ee70505,0xd66fff02d09e6463ce7e79f2569464ac9d030e2cde3b09d7d0a0e3d22ee70505,RAAZ-26-1010,ETH,22982695,2026-07-25T22:59:00+05:30,0x8139002346e86890687082ea3ddb73d2f264a13d,0xa2e84658a4eec8b9986b41edb264883e7a5798dd,35961.33,USDT,3178982,layering,2,False
0x0ff9bfe43d5bfe2286f1c0f0390757ed953bc45fd7be44c4b659bed058d6a8f6,0x0ff9bfe43d5bfe2286f1c0f0390757ed953bc45fd7be44c4b659bed058d6a8f6,RAAZ-26-1010,ETH,22982700,2026-07-25T23:00:00+05:30,0x3cce83e7b7eca07825a0bf6862d3a69e228c93e2,0x89686d90de06a6be63ca602cdab6765c4504c519,45008.01,USDT,3978708,consolidation,3,False
0x03a72bbbcc42c428c572897264420e71381e60567c6a22ae104550da6703cacd,0x03a72bbbcc42c428c572897264420e71381e60567c6a22ae104550da6703cacd,RAAZ-26-1010,ETH,22982710,2026-07-25T23:02:00+05:30,0x4e9d3db5fa754da5756657c413d598e5773b7184,0x4d4e5aff55cbe7ae02f356dca859358c087f3760,40962.27,USDT,3621065,layering,2,False
0x552d45cac6cf0e633c9cce9c492841d6a0e7d8ccfb6929771f55ab4bc3b563a0,0x552d45cac6cf0e633c9cce9c492841d6a0e7d8ccfb6929771f55ab4bc3b563a0,RAAZ-26-1010,ETH,22982720,2026-07-25T23:04:00+05:30,0xd575e1afca8451a9136dba2c7c7def8c13657b00,0x45d6ebebe4a6b518d90deebd98df35db9acdba98,38180.88,USDT,3375190,layering,2,False
0x24d2bc4887c685cd45f3175f81355f270158724b78855572a77652ebe3ffa59a,0x24d2bc4887c685cd45f3175f81355f270158724b78855572a77652ebe3ffa59a,RAAZ-26-1010,ETH,22982740,2026-07-25T23:08:00+05:30,0x45d6ebebe4a6b518d90deebd98df35db9acdba98,0xa9a12c1824ae0357aa9b5503d196ab324e6bc109,38180.88,USDT,3375190,layering,3,False
0xd9962f0f40d11172fcf7ff3c5219b65d575f27a03be852d57a70856cd45301e9,0xd9962f0f40d11172fcf7ff3c5219b65d575f27a03be852d57a70856cd45301e9,RAAZ-26-1010,ETH,22982765,2026-07-25T23:13:00+05:30,0x100efdc535d99f3f1b8f5cb8ee244e1ccfe32ca2,0x8c1a307922d3f6c178264e60c819a8d52f0da992,48783.48,USDT,4312460,layering,2,False
0x3aa7f926ede976aea345746e612d42e1695490decb0d165f8cf9df7e3f6c2713,0x3aa7f926ede976aea345746e612d42e1695490decb0d165f8cf9df7e3f6c2713,RAAZ-26-1010,ETH,22982795,2026-07-25T23:19:00+05:30,0xa2e84658a4eec8b9986b41edb264883e7a5798dd,0xac6ac745bd88881467851508360890b179a91827,35961.33,USDT,3178982,layering,3,False
0x0fed9d8526329e2b8b434e6c52cc92824ea3c146bba2ed084832419c7e7274fd,0x0fed9d8526329e2b8b434e6c52cc92824ea3c146bba2ed084832419c7e7274fd,RAAZ-26-1010,ETH,22982825,2026-07-25T23:25:00+05:30,0xa9a12c1824ae0357aa9b5503d196ab324e6bc109,0x84273cdfeab44237eea183f095e90d21117416ee,38180.88,USDT,3375190,layering,4,False
0x4da243ecaa62e119df166f691d5b401bc71732d83b32d5870e10aae0f756887c,0x4da243ecaa62e119df166f691d5b401bc71732d83b32d5870e10aae0f756887c,RAAZ-26-1010,ETH,22982835,2026-07-25T23:27:00+05:30,0x4d4e5aff55cbe7ae02f356dca859358c087f3760,0x89686d90de06a6be63ca602cdab6765c4504c519,40962.27,USDT,3621065,consolidation,3,False
0x8bd0fd82b32bd48b6dd506765de0ec936ea3d785bd9e8d986c0f1928f4e66ef8,0x8bd0fd82b32bd48b6dd506765de0ec936ea3d785bd9e8d986c0f1928f4e66ef8,RAAZ-26-1010,ETH,22982835,2026-07-25T23:27:00+05:30,0x8c1a307922d3f6c178264e60c819a8d52f0da992,0x89686d90de06a6be63ca602cdab6765c4504c519,48783.48,USDT,4312460,consolidation,3,False
0x490ac202084f712b36176094bed98a74418e61894f43ed4d9cd66c90c8d04004,0x490ac202084f712b36176094bed98a74418e61894f43ed4d9cd66c90c8d04004,RAAZ-26-1010,ETH,22982915,2026-07-25T23:43:00+05:30,0xac6ac745bd88881467851508360890b179a91827,0xeb52910113131a0e2f532b4af092bef3c908f7c6,35961.33,USDT,3178982,layering,4,False
0xae15ac7a044d717ff22640ab68ff2e874182b1635ab7d982114112b861c327c9,0xae15ac7a044d717ff22640ab68ff2e874182b1635ab7d982114112b861c327c9,RAAZ-26-1010,ETH,22982915,2026-07-25T23:43:00+05:30,0x84273cdfeab44237eea183f095e90d21117416ee,0x89686d90de06a6be63ca602cdab6765c4504c519,38180.88,USDT,3375190,consolidation,3,False
0x2a53c7e16c36e171cfad8aad5fb510b4e34ae1429c3a358fb0dc72a9fdf243df,0x2a53c7e16c36e171cfad8aad5fb510b4e34ae1429c3a358fb0dc72a9fdf243df,RAAZ-26-1010,ETH,22982970,2026-07-25T23:54:00+05:30,0xeb52910113131a0e2f532b4af092bef3c908f7c6,0x89686d90de06a6be63ca602cdab6765c4504c519,35961.33,USDT,3178982,consolidation,3,False
0xc282003c5cff80ab8ae7ee669a58e6f1eb5ceeb3d40cbac0d58cb607eb4f0f37,0xc282003c5cff80ab8ae7ee669a58e6f1eb5ceeb3d40cbac0d58cb607eb4f0f37,RAAZ-26-1010,ETH,22982980,2026-07-25T23:56:00+05:30,0x89686d90de06a6be63ca602cdab6765c4504c519,0x200d21b73284815e989ddcf60494f77703a2adb4,190236.53,USDT,16816909,exchange_deposit,4,False
0x80fa96c4c416e67e2c1de72cd26cd33bb1dafd8c25f41abacd773655bd3be25e,0x80fa96c4c416e67e2c1de72cd26cd33bb1dafd8c25f41abacd773655bd3be25e,RAAZ-26-1010,ETH,22983200,2026-07-26T00:40:00+05:30,0x200d21b73284815e989ddcf60494f77703a2adb4,0xa73909d6656acaa88ae779bb4aac7fc1281c5c0c,190236.53,USDT,16816909,exchange_sweep,5,False
0xa17362962a550033c39f798a7ac502b9f4a5684456cbfcf6fa63681f4809dd60,0xa17362962a550033c39f798a7ac502b9f4a5684456cbfcf6fa63681f4809dd60,RAAZ-26-1010,ETH,22983905,2026-07-26T03:01:00+05:30,0xc214a675c97c205b2d42a0445527783bb6691615,0x6c7ffc768706c08d961a247d15efcab1e8d36dbe,40301.06,USDT,3562614,inbound,0,False
0x053a3b6e59d4b89d182edecaa65c6c19f6096c033745765a9c69c0c3e53d8b96,0x053a3b6e59d4b89d182edecaa65c6c19f6096c033745765a9c69c0c3e53d8b96,RAAZ-26-1010,ETH,22988405,2026-07-26T18:01:00+05:30,0x0001404809622b7eadbcde7f87fa1a51f795225e,0x6c7ffc768706c08d961a247d15efcab1e8d36dbe,80348.59,USDT,7102815,inbound,0,False
4376e9dc3de8315f0a361b6f60205b867d75d31446d9afb0c4d0c4c7c9775c82,4376e9dc3de8315f0a361b6f60205b867d75d31446d9afb0c4d0c4c7c9775c82,RAAZ-26-1011,TRON,75096340,2026-08-09T17:37:00+05:30,TzMRYPJgmBvhHeUvYHemtrx5rLyrweeFtF,TJk3WL8SyaFGTecs3bkg8JuRFBSB31d3zg,37983.84,USDT,3357771,inbound,0,False
6eb0817cf5a776c59edc2c2a91f327765d7d13a116bf766484a09f364ec92415,6eb0817cf5a776c59edc2c2a91f327765d7d13a116bf766484a09f364ec92415,RAAZ-26-1011,TRON,75181540,2026-08-12T16:37:00+05:30,TAuGeYHzCv2gXjP1mV3vZVKqWqxyx9emDe,TJk3WL8SyaFGTecs3bkg8JuRFBSB31d3zg,50082.58,USDT,4427300,victim_payment,0,False
1a066f52de432055247b589e0f41c945cd6a8edb670ccfcc7db2950714c76453,1a066f52de432055247b589e0f41c945cd6a8edb670ccfcc7db2950714c76453,RAAZ-26-1011,TRON,75183760,2026-08-12T18:28:00+05:30,TJk3WL8SyaFGTecs3bkg8JuRFBSB31d3zg,T7mmCQsX2FHoKg5dBrJSFwM1QeXQXZGDAK,61459.18,USDT,5432992,layering,1,False
07ede5d344c36751f578d0925f1e97922e08127383a6ad00ca2748fde8b41b1c,07ede5d344c36751f578d0925f1e97922e08127383a6ad00ca2748fde8b41b1c,RAAZ-26-1011,TRON,75184240,2026-08-12T18:52:00+05:30,T7mmCQsX2FHoKg5dBrJSFwM1QeXQXZGDAK,ToVTfG9xNoDL4yLqUHdCddmEbywseSEFb7,61459.18,USDT,5432992,layering,2,False
85d88fb28e7614838525d92c72963e82cd50a45aa1acb0afd1a7afff03605d82,85d88fb28e7614838525d92c72963e82cd50a45aa1acb0afd1a7afff03605d82,RAAZ-26-1011,TRON,75184360,2026-08-12T18:58:00+05:30,TJk3WL8SyaFGTecs3bkg8JuRFBSB31d3zg,TQqi545kqBTvsZa3iTvEfZzKX7XPv9Usdq,40888.99,USDT,3614587,layering,1,False
eb1a8e6e1eb533d926497cd92d76388fe34cca3b7ee5b32b5d2f7ee57a06a5f1,eb1a8e6e1eb533d926497cd92d76388fe34cca3b7ee5b32b5d2f7ee57a06a5f1,RAAZ-26-1011,TRON,75184640,2026-08-12T19:12:00+05:30,TQqi545kqBTvsZa3iTvEfZzKX7XPv9Usdq,TBgmx7RLVHbgzVMsrQV6cVVeqHQG1NvSPC,40888.99,USDT,3614587,layering,2,False
1c4b019a696531859c63daa887250ea4c0e624530ad0df9464312cd0cc2e83cb,1c4b019a696531859c63daa887250ea4c0e624530ad0df9464312cd0cc2e83cb,RAAZ-26-1011,TRON,75184660,2026-08-12T19:13:00+05:30,ToVTfG9xNoDL4yLqUHdCddmEbywseSEFb7,Tu3uRVpWfbPpWHaEswLWvwgzMpJPiXh4K9,61459.18,USDT,5432992,layering,3,False
0dc9d2d32f27c03e235d0ef5361813541551fdad66c19cc8d592bf836ac0fdb9,0dc9d2d32f27c03e235d0ef5361813541551fdad66c19cc8d592bf836ac0fdb9,RAAZ-26-1011,TRON,75184760,2026-08-12T19:18:00+05:30,Tu3uRVpWfbPpWHaEswLWvwgzMpJPiXh4K9,TBzQE3NAPXuRr3FmanQW25tGUXTkGvjpWM,61459.18,USDT,5432992,layering,4,False
38391272bc680fd89a18c7ec15a743e7b40c8781c9eda43d1658f038c2a0e5c4,38391272bc680fd89a18c7ec15a743e7b40c8781c9eda43d1658f038c2a0e5c4,RAAZ-26-1011,TRON,75185200,2026-08-12T19:40:00+05:30,TBgmx7RLVHbgzVMsrQV6cVVeqHQG1NvSPC,TaXJKCK9ovAdBPusifBMZffqGgWqouRt8m,40888.99,USDT,3614587,consolidation,3,False
7a2459f396c31a7d60e34303103016fdbbacb9b0cd4275be11fea187abf9d8c4,7a2459f396c31a7d60e34303103016fdbbacb9b0cd4275be11fea187abf9d8c4,RAAZ-26-1011,TRON,75185260,2026-08-12T19:43:00+05:30,TBzQE3NAPXuRr3FmanQW25tGUXTkGvjpWM,TaXJKCK9ovAdBPusifBMZffqGgWqouRt8m,61459.18,USDT,5432992,consolidation,3,False
ef0842a7f5a51e99b2db761cd3a4b6baab546713bf0f77735b29470f5d4492e4,ef0842a7f5a51e99b2db761cd3a4b6baab546713bf0f77735b29470f5d4492e4,RAAZ-26-1011,TRON,75185800,2026-08-12T20:10:00+05:30,TaXJKCK9ovAdBPusifBMZffqGgWqouRt8m,T2CDUeQG2SC3dqDnhdSxRidKjeRQVvy22T,99809.78,USDT,8823185,exchange_deposit,4,False
43ac9dddd5005c12422a9ce26f0495cb44cbd1c259b998c4c20d08c63fb77a7a,43ac9dddd5005c12422a9ce26f0495cb44cbd1c259b998c4c20d08c63fb77a7a,RAAZ-26-1011,TRON,75187300,2026-08-12T21:25:00+05:30,T2CDUeQG2SC3dqDnhdSxRidKjeRQVvy22T,TGiV3ong85344rhbLEkQU4MUtfQCiNEPXo,99809.78,USDT,8823185,exchange_sweep,5,False
06b9b6cff1d339f304327bf18aebb319efff53d636ddd12fddc28f4cf115bae0,06b9b6cff1d339f304327bf18aebb319efff53d636ddd12fddc28f4cf115bae0,RAAZ-26-1011,TRON,75254740,2026-08-15T05:37:00+05:30,TsDBhnSgLPZhFeahuAujGzonq9KWHEBz4T,TJk3WL8SyaFGTecs3bkg8JuRFBSB31d3zg,17538.69,USDT,1550420,inbound,0,False
0x4abc8ac5a4e5e5a67b4d3be104359ec0913733c74ef69940e4afbc852a6d45ad,0x4abc8ac5a4e5e5a67b4d3be104359ec0913733c74ef69940e4afbc852a6d45ad,RAAZ-26-1012,ETH,23291950,2026-09-06T21:50:00+05:30,0xeaa35e2d9c683a1e0ec3dd32407a4cb3b08dc957,0xe428c7ef4a63114041287a7cef5b76d5722d21cc,0.57138,ETH,195412,victim_payment,0,False
0x46e5141b4d5dbf02867bc4c5dd8aeb1801c7ffafc7db5d6ddf53b6ec216aca93,0x46e5141b4d5dbf02867bc4c5dd8aeb1801c7ffafc7db5d6ddf53b6ec216aca93,RAAZ-26-1012,ETH,23306050,2026-09-08T20:50:00+05:30,0xeaa35e2d9c683a1e0ec3dd32407a4cb3b08dc957,0xe428c7ef4a63114041287a7cef5b76d5722d21cc,2.71927,ETH,929990,victim_payment,0,False
0x78a21c14e17cac8e4617eceff69706e9f494374bc98fe07e6acd49a5d068b16b,0x78a21c14e17cac8e4617eceff69706e9f494374bc98fe07e6acd49a5d068b16b,RAAZ-26-1012,ETH,23307435,2026-09-09T01:27:00+05:30,0xe428c7ef4a63114041287a7cef5b76d5722d21cc,0x160107d3350bdfd241640d548f5ff089f218d6c4,0.55069,ETH,188336,layering,1,False
0xcc6b33b27684a8f404731f5fb98aa884c0ce7dbfec288d08d882d7d38a91c057,0xcc6b33b27684a8f404731f5fb98aa884c0ce7dbfec288d08d882d7d38a91c057,RAAZ-26-1012,ETH,23307445,2026-09-09T01:29:00+05:30,0xe428c7ef4a63114041287a7cef5b76d5722d21cc,0x8dcacb1c44648eb5aa90f4848b51342bd58b78ba,0.27796,ETH,95062,layering,1,False
0xae48e978e9bddd3fdd16ec1b75c7548fc99ca49f49a0f8153f52a51103ffbd2e,0xae48e978e9bddd3fdd16ec1b75c7548fc99ca49f49a0f8153f52a51103ffbd2e,RAAZ-26-1012,ETH,23307510,2026-09-09T01:42:00+05:30,0xe428c7ef4a63114041287a7cef5b76d5722d21cc,0x5de5d768ebd63bdf8ce14ca6d5cda86ff295702a,0.23779,ETH,81324,layering,1,False
0x9e0f2984794cf7f9207fda1a75580ca8107ed5a7b6245662d38aa23a3770b818,0x9e0f2984794cf7f9207fda1a75580ca8107ed5a7b6245662d38aa23a3770b818,RAAZ-26-1012,ETH,23307530,2026-09-09T01:46:00+05:30,0xe428c7ef4a63114041287a7cef5b76d5722d21cc,0x5fdb17f036e90bbaa653c7154b87811450b01f6b,0.80378,ETH,274893,layering,1,False
0xc140e71afeba3e0f85b2e9e4a1ef0ae0364f0c384304871eea49a449866a1c0e,0xc140e71afeba3e0f85b2e9e4a1ef0ae0364f0c384304871eea49a449866a1c0e,RAAZ-26-1012,ETH,23307555,2026-09-09T01:51:00+05:30,0xe428c7ef4a63114041287a7cef5b76d5722d21cc,0x0c68e5090cfabb0e52752d1217216c80c5fa31e6,0.59437,ETH,203275,layering,1,False
0xf9430affd0806eab4bbb6b073ea258c4dc5d02b8a2db83bf45fd7eb949afcb75,0xf9430affd0806eab4bbb6b073ea258c4dc5d02b8a2db83bf45fd7eb949afcb75,RAAZ-26-1012,ETH,23307565,2026-09-09T01:53:00+05:30,0xe428c7ef4a63114041287a7cef5b76d5722d21cc,0xd067877a33232d512a9531c572477cb306bbea8d,0.74868,ETH,256049,layering,1,False
0xb300fd2ace35d0aac63ac5eb0928ce69aa342a88e7928df2b7eafc624608586c,0xb300fd2ace35d0aac63ac5eb0928ce69aa342a88e7928df2b7eafc624608586c,RAAZ-26-1012,ETH,23308680,2026-09-09T05:36:00+05:30,0xd067877a33232d512a9531c572477cb306bbea8d,0x43b30420ca453ccdac7e63d309d12d8264302787,0.74868,ETH,256049,layering,2,False
0xecf9c1865318fbcf46b0dfcab0fce79675291d41ab14ebcab8b446e330fa1e88,0xecf9c1865318fbcf46b0dfcab0fce79675291d41ab14ebcab8b446e330fa1e88,RAAZ-26-1012,ETH,23309150,2026-09-09T07:10:00+05:30,0x5de5d768ebd63bdf8ce14ca6d5cda86ff295702a,0x6f5390c5dd0ea4c3f9b0dcae9644d75b9e3c8db0,0.23779,ETH,81324,layering,2,False
0x72f7358953fdbf2fedaf10f010a9d97c45d79c81587454a2d1ffc032e2b53606,0x72f7358953fdbf2fedaf10f010a9d97c45d79c81587454a2d1ffc032e2b53606,RAAZ-26-1012,ETH,23309400,2026-09-09T08:00:00+05:30,0x8dcacb1c44648eb5aa90f4848b51342bd58b78ba,0x40ae9eaf91b1a37ef20a662b0b5a1b7558939c50,0.27796,ETH,95062,layering,2,False
0x5fec538163714f7f12ae6cbaf1e66bf92e60512df7d1b897a2ac317761496a76,0x5fec538163714f7f12ae6cbaf1e66bf92e60512df7d1b897a2ac317761496a76,RAAZ-26-1012,ETH,23310020,2026-09-09T10:04:00+05:30,0x40ae9eaf91b1a37ef20a662b0b5a1b7558939c50,0x89686d90de06a6be63ca602cdab6765c4504c519,0.27796,ETH,95062,consolidation,3,False
0xd3cb2d93789020142eecbbf2b5cc2915d75332123ac4db0d40d93e4f1a337683,0xd3cb2d93789020142eecbbf2b5cc2915d75332123ac4db0d40d93e4f1a337683,RAAZ-26-1012,ETH,23310585,2026-09-09T11:57:00+05:30,0x43b30420ca453ccdac7e63d309d12d8264302787,0x89686d90de06a6be63ca602cdab6765c4504c519,0.74868,ETH,256049,consolidation,3,False
0x71feff7d6d983784fe93825dc4a55f1feccf644a3761d499cb3186ac45162dfc,0x71feff7d6d983784fe93825dc4a55f1feccf644a3761d499cb3186ac45162dfc,RAAZ-26-1012,ETH,23311055,2026-09-09T13:31:00+05:30,0x0c68e5090cfabb0e52752d1217216c80c5fa31e6,0x75503573050780cfd6e0166ce1a9ab7a76b9e97f,0.59437,ETH,203275,layering,2,False
0x92dfffb0031ea086efdba8340c357d89488626e6e5944cc223bbaa36b0fce40b,0x92dfffb0031ea086efdba8340c357d89488626e6e5944cc223bbaa36b0fce40b,RAAZ-26-1012,ETH,23311320,2026-09-09T14:24:00+05:30,0x5fdb17f036e90bbaa653c7154b87811450b01f6b,0x9854dbc8851913e8dca109e475e177f29db76def,0.80378,ETH,274893,layering,2,False
0x2de4fa1e1cff7c493b0a2a857b892f200209eddd04c74870a1bf9d7cb26c0e99,0x2de4fa1e1cff7c493b0a2a857b892f200209eddd04c74870a1bf9d7cb26c0e99,RAAZ-26-1012,ETH,23311470,2026-09-09T14:54:00+05:30,0x160107d3350bdfd241640d548f5ff089f218d6c4,0xb07cf6190dceb622e3691b02e463d239d92cdf9b,0.55069,ETH,188336,layering,2,False
0x247cf0312bb3d4db4a5b6ade71d23dd24bf5b127ff08e931052a694ac096c2de,0x247cf0312bb3d4db4a5b6ade71d23dd24bf5b127ff08e931052a694ac096c2de,RAAZ-26-1012,ETH,23312110,2026-09-09T17:02:00+05:30,0x6f5390c5dd0ea4c3f9b0dcae9644d75b9e3c8db0,0x78a062821ef4e3f83df145a84d87fd9295d571f0,0.23779,ETH,81324,layering,3,False
0x681f22e0ae1b5199106c96289a7b99b434a0698fc3bb2792ec466d73a3c84b98,0x681f22e0ae1b5199106c96289a7b99b434a0698fc3bb2792ec466d73a3c84b98,RAAZ-26-1012,ETH,23312870,2026-09-09T19:34:00+05:30,0x78a062821ef4e3f83df145a84d87fd9295d571f0,0x89686d90de06a6be63ca602cdab6765c4504c519,0.23779,ETH,81324,consolidation,3,False
0x000057082d6db73f9128143c5b426377963cd5581912a498e0a4b9a50756f54c,0x000057082d6db73f9128143c5b426377963cd5581912a498e0a4b9a50756f54c,RAAZ-26-1012,ETH,23314005,2026-09-09T23:21:00+05:30,0xb07cf6190dceb622e3691b02e463d239d92cdf9b,0xe24a6c4f36182dca54b7321fbb148cd9e78bd557,0.55069,ETH,188336,layering,3,False
0xe0e2411379472d79e79bf05bc2ab96e985c0c82b4302a7f5c0ce8fb0e38fb6e9,0xe0e2411379472d79e79bf05bc2ab96e985c0c82b4302a7f5c0ce8fb0e38fb6e9,RAAZ-26-1012,ETH,23314205,2026-09-10T00:01:00+05:30,0x75503573050780cfd6e0166ce1a9ab7a76b9e97f,0x89686d90de06a6be63ca602cdab6765c4504c519,0.59437,ETH,203275,consolidation,3,False
0xaf0bbfe90935ff4a5b6a9f87be17ee79904504fbe6494bae18acecf90e749bb6,0xaf0bbfe90935ff4a5b6a9f87be17ee79904504fbe6494bae18acecf90e749bb6,RAAZ-26-1012,ETH,23315065,2026-09-10T02:53:00+05:30,0x9854dbc8851913e8dca109e475e177f29db76def,0x8bc63bfd2e6b89b97f8fc012f788e4f914f7ef25,0.80378,ETH,274893,layering,3,False
0x42a504462ef16277986a59f954895b6c76e6a1eb381e835213e81e34a6b0db3e,0x42a504462ef16277986a59f954895b6c76e6a1eb381e835213e81e34a6b0db3e,RAAZ-26-1012,ETH,23316185,2026-09-10T06:37:00+05:30,0xe24a6c4f36182dca54b7321fbb148cd9e78bd557,0xc3c26bb059c8012e0a0a67beec6c3d453c3cb8ad,0.55069,ETH,188336,layering,4,False
0xa6e20d9c15acaf0a16359e699fdf2055b07a8fabe6a1d9e14d37066298d28c48,0xa6e20d9c15acaf0a16359e699fdf2055b07a8fabe6a1d9e14d37066298d28c48,RAAZ-26-1012,ETH,23318170,2026-09-10T13:14:00+05:30,0x8bc63bfd2e6b89b97f8fc012f788e4f914f7ef25,0xe5977ab62c42b1bd01437125ec03f8eb242ff3e6,0.80378,ETH,274893,layering,4,False
0x03dbe9273efa78d90111ae0bc4fb336e1a6fd028fc5a100c47bd0da850acab64,0x03dbe9273efa78d90111ae0bc4fb336e1a6fd028fc5a100c47bd0da850acab64,RAAZ-26-1012,ETH,23318665,2026-09-10T14:53:00+05:30,0xe5977ab62c42b1bd01437125ec03f8eb242ff3e6,0x89686d90de06a6be63ca602cdab6765c4504c519,0.80378,ETH,274893,consolidation,3,False
0xfbf66a3bef0d5e1ad6b66ac36d32c57dfb079ef52836c7bc64b9ed47dff44390,0xfbf66a3bef0d5e1ad6b66ac36d32c57dfb079ef52836c7bc64b9ed47dff44390,RAAZ-26-1012,ETH,23318945,2026-09-10T15:49:00+05:30,0xc3c26bb059c8012e0a0a67beec6c3d453c3cb8ad,0x89686d90de06a6be63ca602cdab6765c4504c519,0.55069,ETH,188336,consolidation,3,False
0xb98e8461a205db490c96cfdf68feacae69a41bcb1e950e89eb83f9eb1b1a0f82,0xb98e8461a205db490c96cfdf68feacae69a41bcb1e950e89eb83f9eb1b1a0f82,RAAZ-26-1012,ETH,23322355,2026-09-11T03:11:00+05:30,0x89686d90de06a6be63ca602cdab6765c4504c519,0x41fb15b994b8453d57e086cae0f644e9cea73656,1.56572,ETH,535476,exchange_deposit,4,False
0xfcae915347510dc045e673555e5b66b605dd2925d2c8b115946d1b87dd0d79dd,0xfcae915347510dc045e673555e5b66b605dd2925d2c8b115946d1b87dd0d79dd,RAAZ-26-1012,ETH,23322775,2026-09-11T04:35:00+05:30,0x41fb15b994b8453d57e086cae0f644e9cea73656,0xbd96faee02fbadeafe2e7c78d7ed2800b055313a,1.56572,ETH,535476,exchange_sweep,5,False
0x65cb7d06f68754ba0aa741207c7ebdad99999ca3d71496ccf47c46053a4669ee,0x65cb7d06f68754ba0aa741207c7ebdad99999ca3d71496ccf47c46053a4669ee,RAAZ-26-1012,ETH,23325370,2026-09-11T13:14:00+05:30,0x89686d90de06a6be63ca602cdab6765c4504c519,0xd479c2922bf6d9f6ed05bdc31c3e3df4434ca577,1.54765,ETH,529296,exchange_deposit,4,False
0xfb524029ecdebcd8c74003f72eb9f8d6d984d029c549029d65b0a8abbf7ce88a,0xfb524029ecdebcd8c74003f72eb9f8d6d984d029c549029d65b0a8abbf7ce88a,RAAZ-26-1012,ETH,23325510,2026-09-11T13:42:00+05:30,0xd479c2922bf6d9f6ed05bdc31c3e3df4434ca577,0xa73909d6656acaa88ae779bb4aac7fc1281c5c0c,1.54765,ETH,529296,exchange_sweep,5,False
0x8056464356bed158aae5d06e1164a64cd240a8dd6c6476daca769cea69e7fbcf,0x8056464356bed158aae5d06e1164a64cd240a8dd6c6476daca769cea69e7fbcf,RAAZ-26-1013,ETH,23350150,2026-09-14T23:50:00+05:30,0x4b26e02e9de73b35b4fb64a16972f856a593d050,0xaca94354f355772354821efbd41c2fca055f2ddd,0.01,USDT,1,dust,0,False
0x184ed2d055e26ea82f353c6572bec9dd86b78ff3dc389b3fc17b520b4deaf4db,0x184ed2d055e26ea82f353c6572bec9dd86b78ff3dc389b3fc17b520b4deaf4db,RAAZ-26-1013,ETH,23354050,2026-09-15T12:50:00+05:30,0x4b26e02e9de73b35b4fb64a16972f856a593d050,0xaca94354f355772354821efbd41c2fca055f2ddd,0.01,USDT,1,dust,0,False
0x81aec2c3b40054f7497a56d38421c37dc100d159a1ac652eafeae0222e5db538,0x81aec2c3b40054f7497a56d38421c37dc100d159a1ac652eafeae0222e5db538,RAAZ-26-1013,ETH,23378950,2026-09-18T23:50:00+05:30,0x4b26e02e9de73b35b4fb64a16972f856a593d050,0xaca94354f355772354821efbd41c2fca055f2ddd,0.01,USDT,1,dust,0,False
0x6a54e298786768483cef990f9eaacb9e1dddac96522ef7e2ebfce476fb796804,0x6a54e298786768483cef990f9eaacb9e1dddac96522ef7e2ebfce476fb796804,RAAZ-26-1013,ETH,23387950,2026-09-20T05:50:00+05:30,0x95c8bc0145339e67887313fdb33c609d3017ead1,0xaca94354f355772354821efbd41c2fca055f2ddd,579.52,USDT,51230,inbound,0,False
0x1e391dcace523451a8f3dee6d4cb5296ac8169aa6a57319029ddc18aaf564992,0x1e391dcace523451a8f3dee6d4cb5296ac8169aa6a57319029ddc18aaf564992,RAAZ-26-1013,ETH,23391250,2026-09-20T16:50:00+05:30,0x4b26e02e9de73b35b4fb64a16972f856a593d050,0xaca94354f355772354821efbd41c2fca055f2ddd,0.01,USDT,1,dust,0,False
0x498b3989beca48646e951a67b751ca7eae6a33c2285cf8e45588ac2a7591a9bc,0x498b3989beca48646e951a67b751ca7eae6a33c2285cf8e45588ac2a7591a9bc,RAAZ-26-1013,ETH,23393050,2026-09-20T22:50:00+05:30,0x4b26e02e9de73b35b4fb64a16972f856a593d050,0xaca94354f355772354821efbd41c2fca055f2ddd,0.01,USDT,1,dust,0,False
0xe0d37c957d0266bfe19037840fc16d2142fbbccf8074a86f57261275fc46be3c,0xe0d37c957d0266bfe19037840fc16d2142fbbccf8074a86f57261275fc46be3c,RAAZ-26-1013,ETH,23397550,2026-09-21T13:50:00+05:30,0x61117a676df92a6e3ce8904149902cc5ac6952bf,0xaca94354f355772354821efbd41c2fca055f2ddd,242.26,USDT,21416,inbound,0,False
0xf4cf0153a924ebef9234034e6e4cfa19fe0a87ace0b281113e3d8b10fd62b573,0xf4cf0153a924ebef9234034e6e4cfa19fe0a87ace0b281113e3d8b10fd62b573,RAAZ-26-1013,ETH,23401450,2026-09-22T02:50:00+05:30,0x8d71129bb19c997e4af57e29f2dbc57ca8b4ae12,0xaca94354f355772354821efbd41c2fca055f2ddd,537.33,USDT,47500,victim_payment,0,False
0x9705ac4a1890625eca702e3ce8aa6baef8435c7bfc32510ee8f4c5a351075a0b,0x9705ac4a1890625eca702e3ce8aa6baef8435c7bfc32510ee8f4c5a351075a0b,RAAZ-26-1013,ETH,23402155,2026-09-22T05:11:00+05:30,0xaca94354f355772354821efbd41c2fca055f2ddd,0x14e3cb5f7cb8f3fdc2138b89486eeca37fad92e1,293.86,USDT,25977,layering,1,False
0x5feea2797f34e759c57060fed3d4da1ec4766640f72e8dd355e7ebcfdc8c9e5f,0x5feea2797f34e759c57060fed3d4da1ec4766640f72e8dd355e7ebcfdc8c9e5f,RAAZ-26-1013,ETH,23402165,2026-09-22T05:13:00+05:30,0xaca94354f355772354821efbd41c2fca055f2ddd,0x61582ef5f9feabf95c454e5eaca3dacfdd06eaa0,239.69,USDT,21189,layering,1,False
0x0b0da426a358731d80d825da3f65e365646c44f93c99b4e1e069a366217866f2,0x0b0da426a358731d80d825da3f65e365646c44f93c99b4e1e069a366217866f2,RAAZ-26-1013,ETH,23402215,2026-09-22T05:23:00+05:30,0xaca94354f355772354821efbd41c2fca055f2ddd,0x08178a30e02b81949b6af0f2ee490059a3bf2424,213.99,USDT,18917,layering,1,False
0x9aaac32954ffd9ca5c35753bc91dad785aa02ad1dc6ca4f614cc56115f603af4,0x9aaac32954ffd9ca5c35753bc91dad785aa02ad1dc6ca4f614cc56115f603af4,RAAZ-26-1013,ETH,23402230,2026-09-22T05:26:00+05:30,0xaca94354f355772354821efbd41c2fca055f2ddd,0xb54a021ed529953397a6a050fd33e171fb04de28,429.01,USDT,37924,layering,1,False
0x5e839342cc65d21ce1be62ce4e2b7753bc27ce33d2a767628e074eb156d439c6,0x5e839342cc65d21ce1be62ce4e2b7753bc27ce33d2a767628e074eb156d439c6,RAAZ-26-1013,ETH,23402270,2026-09-22T05:34:00+05:30,0xaca94354f355772354821efbd41c2fca055f2ddd,0x8f2ddf8338198b6e7cef6107ea398027bf322a2c,307.06,USDT,27144,layering,1,False
0xc1786804b55509d779d50590c975b15f76cb0d77e0eba6b1e5baa6402cfce4d7,0xc1786804b55509d779d50590c975b15f76cb0d77e0eba6b1e5baa6402cfce4d7,RAAZ-26-1013,ETH,23402900,2026-09-22T07:40:00+05:30,0x14e3cb5f7cb8f3fdc2138b89486eeca37fad92e1,0xa40d0053240a9b9b32e11948ec706de5ced36fd5,293.86,USDT,25977,layering,2,False
0x212f601c2a230ce7f3292d55693497af008ceff32c81fa48eeb2ce0679bd780c,0x212f601c2a230ce7f3292d55693497af008ceff32c81fa48eeb2ce0679bd780c,RAAZ-26-1013,ETH,23402985,2026-09-22T07:57:00+05:30,0x08178a30e02b81949b6af0f2ee490059a3bf2424,0xa814d5a94796351f1272f111b71a232bd8dbde21,213.99,USDT,18917,layering,2,False
0x7bcc38c6d42bcd15558e4eaa529a4e715ccec7f68a1321cae75b07d3b4584576,0x7bcc38c6d42bcd15558e4eaa529a4e715ccec7f68a1321cae75b07d3b4584576,RAAZ-26-1013,ETH,23403050,2026-09-22T08:10:00+05:30,0xb54a021ed529953397a6a050fd33e171fb04de28,0xcb7190ffa4fcef7bb52cdb5deb8526a20e309839,429.01,USDT,37924,layering,2,False
0x63148c95e687c93e6efaccaad8ca2d2554266022e7e1a4fc94f6712d3cc2f4c2,0x63148c95e687c93e6efaccaad8ca2d2554266022e7e1a4fc94f6712d3cc2f4c2,RAAZ-26-1013,ETH,23403300,2026-09-22T09:00:00+05:30,0x61582ef5f9feabf95c454e5eaca3dacfdd06eaa0,0x5a6e27ee1edaa7c71b274df006f6e319193e8fc1,33.27,USDT,2941,peel,2,False
0x013ecb6e2a7d06fad71b64da75be2f40ecbbc4b0b6f2b06a85cc2012ef0a534f,0x013ecb6e2a7d06fad71b64da75be2f40ecbbc4b0b6f2b06a85cc2012ef0a534f,RAAZ-26-1013,ETH,23403300,2026-09-22T09:00:00+05:30,0x61582ef5f9feabf95c454e5eaca3dacfdd06eaa0,0x273444ca25d51eefff9b19991998c0c948626759,206.42,USDT,18248,layering,2,False
0xd424e3753eb3a6ad5a6ba0afd60cd576da34d2f637d0545def44fc0a21933caa,0xd424e3753eb3a6ad5a6ba0afd60cd576da34d2f637d0545def44fc0a21933caa,RAAZ-26-1013,ETH,23403685,2026-09-22T10:17:00+05:30,0xa40d0053240a9b9b32e11948ec706de5ced36fd5,0x294fb1274644ae3bb316af8f6be2d55f299600fd,293.86,USDT,25977,layering,3,False
0x15dcdd049112bb42a1c0c140bd4bdd498954ef4725eaa9976cdda1dda4740e51,0x15dcdd049112bb42a1c0c140bd4bdd498954ef4725eaa9976cdda1dda4740e51,RAAZ-26-1013,ETH,23405780,2026-09-22T17:16:00+05:30,0xcb7190ffa4fcef7bb52cdb5deb8526a20e309839,0x89686d90de06a6be63ca602cdab6765c4504c519,429.01,USDT,37924,consolidation,3,False
0x27c25569129e21e5ceac4a08da75c7792e27f7fd70e42a84dbd5a3c672d65295,0x27c25569129e21e5ceac4a08da75c7792e27f7fd70e42a84dbd5a3c672d65295,RAAZ-26-1013,ETH,23405910,2026-09-22T17:42:00+05:30,0x5a6e27ee1edaa7c71b274df006f6e319193e8fc1,0x89686d90de06a6be63ca602cdab6765c4504c519,33.27,USDT,2941,consolidation,3,False
0x6a4e42177555bb279e3f98e24e27e61054f944def70f6d336c796d9640eff0f2,0x6a4e42177555bb279e3f98e24e27e61054f944def70f6d336c796d9640eff0f2,RAAZ-26-1013,ETH,23406020,2026-09-22T18:04:00+05:30,0x294fb1274644ae3bb316af8f6be2d55f299600fd,0x89686d90de06a6be63ca602cdab6765c4504c519,293.86,USDT,25977,consolidation,3,False
0x0d8a7d7b184873c74b36591b03653a78044792cf648234215eebbd33b9962519,0x0d8a7d7b184873c74b36591b03653a78044792cf648234215eebbd33b9962519,RAAZ-26-1013,ETH,23406270,2026-09-22T18:54:00+05:30,0x8f2ddf8338198b6e7cef6107ea398027bf322a2c,0x046a1c016a861e1cf68485cf80f0bd4f14e92b39,307.06,USDT,27144,layering,2,False
0x1162631c07385d97368b04724413fb53818fd18400be5895984f7c968b35e7d7,0x1162631c07385d97368b04724413fb53818fd18400be5895984f7c968b35e7d7,RAAZ-26-1013,ETH,23406505,2026-09-22T19:41:00+05:30,0x273444ca25d51eefff9b19991998c0c948626759,0x95021a478a7658db491e77cf4d7006b99374f2fb,18.55,USDT,1640,peel,3,False
0xad3b56e617b402a4aee53b362b8e0f7aa5cba5b52084e1080a0457d7617055a1,0xad3b56e617b402a4aee53b362b8e0f7aa5cba5b52084e1080a0457d7617055a1,RAAZ-26-1013,ETH,23406505,2026-09-22T19:41:00+05:30,0x273444ca25d51eefff9b19991998c0c948626759,0x7b1abacbad786cd06a7284baffc41f1c3ff25c69,187.87,USDT,16608,layering,3,False
0x8c078f2968e01cba2873b58d245cc060a2d533d94406b88e5158eadbf501e2f4,0x8c078f2968e01cba2873b58d245cc060a2d533d94406b88e5158eadbf501e2f4,RAAZ-26-1013,ETH,23406650,2026-09-22T20:10:00+05:30,0x046a1c016a861e1cf68485cf80f0bd4f14e92b39,0x89686d90de06a6be63ca602cdab6765c4504c519,307.06,USDT,27144,consolidation,3,False
0x316cff519c011fa970f223795cd494f96a501375320af4567448f7f7e25e64cb,0x316cff519c011fa970f223795cd494f96a501375320af4567448f7f7e25e64cb,RAAZ-26-1013,ETH,23406925,2026-09-22T21:05:00+05:30,0xa814d5a94796351f1272f111b71a232bd8dbde21,0x89686d90de06a6be63ca602cdab6765c4504c519,213.99,USDT,18917,consolidation,3,False
0x928dc8c2ac6137e66b79b0c9c25fd7aa4dd822f96e7606fc8a84041efc0c8e07,0x928dc8c2ac6137e66b79b0c9c25fd7aa4dd822f96e7606fc8a84041efc0c8e07,RAAZ-26-1013,ETH,23408395,2026-09-23T01:59:00+05:30,0x95021a478a7658db491e77cf4d7006b99374f2fb,0x89686d90de06a6be63ca602cdab6765c4504c519,18.55,USDT,1640,consolidation,3,False
0xbde001d4694be9be5d5c10f9594b7e0f4d0ed441f9b690ed52b8aeb8902b9535,0xbde001d4694be9be5d5c10f9594b7e0f4d0ed441f9b690ed52b8aeb8902b9535,RAAZ-26-1013,ETH,23409850,2026-09-23T06:50:00+05:30,0x85ae1a991b7e1e85333982ff2882207fb05b9a0a,0xaca94354f355772354821efbd41c2fca055f2ddd,151.61,USDT,13402,inbound,0,False
0xf67eeb06be0d8d8493a76ab39615600280e39e2b75f703c01bd7718c6d1224f8,0xf67eeb06be0d8d8493a76ab39615600280e39e2b75f703c01bd7718c6d1224f8,RAAZ-26-1013,ETH,23410000,2026-09-23T07:20:00+05:30,0x7b1abacbad786cd06a7284baffc41f1c3ff25c69,0xfb51f57f7cc07c0233eb3f905004adecb7400271,12.17,USDT,1076,peel,4,False
0x4b2510450ad6d1438edf319241bc1a52294994569d7399ebcace1f499217a1e9,0x4b2510450ad6d1438edf319241bc1a52294994569d7399ebcace1f499217a1e9,RAAZ-26-1013,ETH,23410000,2026-09-23T07:20:00+05:30,0x7b1abacbad786cd06a7284baffc41f1c3ff25c69,0x40dfaf2a3790a216dba6acaf1f641e8175e0123e,175.7,USDT,15532,layering,4,False
0xdafd5ed822367b90d88c8bab108c430d558fea93a587994161a4403936971260,0xdafd5ed822367b90d88c8bab108c430d558fea93a587994161a4403936971260,RAAZ-26-1013,ETH,23411520,2026-09-23T12:24:00+05:30,0x40dfaf2a3790a216dba6acaf1f641e8175e0123e,0x243ef1d5517c9b719821d7aa3be2b1c8a92e80a7,20.16,USDT,1782,peel,5,False
0x6c34d0fb8a7d6a24754246ca2d4f5015454dd3a1f6761adf08ecd620ece840da,0x6c34d0fb8a7d6a24754246ca2d4f5015454dd3a1f6761adf08ecd620ece840da,RAAZ-26-1013,ETH,23411520,2026-09-23T12:24:00+05:30,0x40dfaf2a3790a216dba6acaf1f641e8175e0123e,0xc5e7bd308b71cf3c589b7f61ff962796b4369386,155.53,USDT,13749,layering,5,False
0xa3f8d961e6cfebc4e45d999b2dd29e2612b90e7c046e9c5270ff9a696ab87ce0,0xa3f8d961e6cfebc4e45d999b2dd29e2612b90e7c046e9c5270ff9a696ab87ce0,RAAZ-26-1013,ETH,23412750,2026-09-23T16:30:00+05:30,0xc5e7bd308b71cf3c589b7f61ff962796b4369386,0x763e87eff4c2cb6d2dd7ee9cb2ed8001134b491a,19.45,USDT,1719,peel,6,False
0xdb30aab0d2321d76cbf04c906d7dd60d41ae6642e4d777310147093c639a68c6,0xdb30aab0d2321d76cbf04c906d7dd60d41ae6642e4d777310147093c639a68c6,RAAZ-26-1013,ETH,23412750,2026-09-23T16:30:00+05:30,0xc5e7bd308b71cf3c589b7f61ff962796b4369386,0x0321f98629a00398145adb7b622cf77293005a6f,136.08,USDT,12029,layering,6,False
0x51bf2e24698f310974bdbcad42a0883ebea12eb648c8a6ecbe3577eb71316bff,0x51bf2e24698f310974bdbcad42a0883ebea12eb648c8a6ecbe3577eb71316bff,RAAZ-26-1013,ETH,23413375,2026-09-23T18:35:00+05:30,0x243ef1d5517c9b719821d7aa3be2b1c8a92e80a7,0x89686d90de06a6be63ca602cdab6765c4504c519,20.16,USDT,1782,consolidation,3,False
0xfc5467ea289393c259f4ab041220b561ca7b71046ebef0df338f322a5db71930,0xfc5467ea289393c259f4ab041220b561ca7b71046ebef0df338f322a5db71930,RAAZ-26-1013,ETH,23414010,2026-09-23T20:42:00+05:30,0x0321f98629a00398145adb7b622cf77293005a6f,0x89686d90de06a6be63ca602cdab6765c4504c519,136.08,USDT,12029,consolidation,3,False
0x76c98ea13958d0a058abdc5573f8ba0f55cbf5036fd0144caad8d0708d475d3d,0x76c98ea13958d0a058abdc5573f8ba0f55cbf5036fd0144caad8d0708d475d3d,RAAZ-26-1013,ETH,23414855,2026-09-23T23:31:00+05:30,0x763e87eff4c2cb6d2dd7ee9cb2ed8001134b491a,0x89686d90de06a6be63ca602cdab6765c4504c519,19.45,USDT,1719,consolidation,3,False
0xa39d8661eb68a75ddc4d619b8d540c72e1b4f81fb003201dc7bf017557abcc74,0xa39d8661eb68a75ddc4d619b8d540c72e1b4f81fb003201dc7bf017557abcc74,RAAZ-26-1013,ETH,23417640,2026-09-24T08:48:00+05:30,0x89686d90de06a6be63ca602cdab6765c4504c519,0xa04786913330618ba7c70b9894e48c21e9263aef,1407.14,USDT,124391,exchange_deposit,4,False
0x779e29f39400112e0de53748af655f614ef8b67af81d7566291e0ad6d26382c0,0x779e29f39400112e0de53748af655f614ef8b67af81d7566291e0ad6d26382c0,RAAZ-26-1013,ETH,23417800,2026-09-24T09:20:00+05:30,0xa04786913330618ba7c70b9894e48c21e9263aef,0xbd96faee02fbadeafe2e7c78d7ed2800b055313a,1407.14,USDT,124391,exchange_sweep,5,False
0xa1940c8f52a9a874762c166a085f5e06be4154bf715f461c7c1891b17940984b,0xa1940c8f52a9a874762c166a085f5e06be4154bf715f461c7c1891b17940984b,RAAZ-26-1014,ETH,23128220,2026-08-15T04:04:00+05:30,0x3ed9633e3619895fdd2ee8bd462b9fdd5e5a214f,0xdad8be477789806118abf047c0ce6bca0c06e87c,0.12526,ETH,42839,inbound,0,False
0xa09facd79a45bd44d31cd9e6a82ca38ca145e74dc6be07225663b201e20de7df,0xa09facd79a45bd44d31cd9e6a82ca38ca145e74dc6be07225663b201e20de7df,RAAZ-26-1014,ETH,23143820,2026-08-17T08:04:00+05:30,0x63dc34f66b0dbcf60d64d6f92f12409642a4fcd1,0xdad8be477789806118abf047c0ce6bca0c06e87c,0.02749,ETH,9402,victim_payment,0,False
0x4ace7ef9ee56778a2b73402f92fc0117d5d27be4ac7c70db4eb48485d051ec62,0x4ace7ef9ee56778a2b73402f92fc0117d5d27be4ac7c70db4eb48485d051ec62,RAAZ-26-1014,ETH,23161220,2026-08-19T18:04:00+05:30,0x63dc34f66b0dbcf60d64d6f92f12409642a4fcd1,0xdad8be477789806118abf047c0ce6bca0c06e87c,0.06839,ETH,23389,victim_payment,0,False
0x3d8a13b4ba7c20fa0227170ada6241c0388209f344b146eabd76f0f8a327d48a,0x3d8a13b4ba7c20fa0227170ada6241c0388209f344b146eabd76f0f8a327d48a,RAAZ-26-1014,ETH,23169920,2026-08-20T23:04:00+05:30,0x2cb1a980f639e8f93ee48aa6dbfa47bf07777200,0xdad8be477789806118abf047c0ce6bca0c06e87c,0.13573,ETH,46420,inbound,0,False
0x9dcfd6b065d7656f676f902adad489fc2824a99ef0928d460c91a8d730900eaf,0x9dcfd6b065d7656f676f902adad489fc2824a99ef0928d460c91a8d730900eaf,RAAZ-26-1014,ETH,23171720,2026-08-21T05:04:00+05:30,0x263cbc135c5f7ee2bbc9d433307e50cf12cda3b3,0xdad8be477789806118abf047c0ce6bca0c06e87c,0.20435,ETH,69888,inbound,0,False
0x5e5844d00e8b276647e0023c37fb468d4f6e73a4398b9d616e204b91f203c262,0x5e5844d00e8b276647e0023c37fb468d4f6e73a4398b9d616e204b91f203c262,RAAZ-26-1014,ETH,23175320,2026-08-21T17:04:00+05:30,0x63dc34f66b0dbcf60d64d6f92f12409642a4fcd1,0xdad8be477789806118abf047c0ce6bca0c06e87c,0.10529,ETH,36009,victim_payment,0,False
0x7e9f9309970ea77d501c822ade53a15b32a70d7fd1633940c6a1dab4b52fef38,0x7e9f9309970ea77d501c822ade53a15b32a70d7fd1633940c6a1dab4b52fef38,RAAZ-26-1014,ETH,23177015,2026-08-21T22:43:00+05:30,0xdad8be477789806118abf047c0ce6bca0c06e87c,0xd8ba284b7f5fb97953245e680f7fc775bae1b774,0.25935,ETH,88698,layering,1,False
0x6d3a0e77f165c809dff7474c150b617b01317cd8d9697d3096ef30666b02c82a,0x6d3a0e77f165c809dff7474c150b617b01317cd8d9697d3096ef30666b02c82a,RAAZ-26-1014,ETH,23177045,2026-08-21T22:49:00+05:30,0xd8ba284b7f5fb97953245e680f7fc775bae1b774,0x12d7b9cf9412f544477bd48e7b536d6399712027,0.25935,ETH,88698,layering,2,False
0xcd00932ae016ce2769d1d147963e04f3980d59f1b0e776d06aa20a9d09c5d8bc,0xcd00932ae016ce2769d1d147963e04f3980d59f1b0e776d06aa20a9d09c5d8bc,RAAZ-26-1014,ETH,23177065,2026-08-21T22:53:00+05:30,0x12d7b9cf9412f544477bd48e7b536d6399712027,0x89686d90de06a6be63ca602cdab6765c4504c519,0.25935,ETH,88698,consolidation,3,False
0x1302fd2ba8ea4e0ab39a8ef865a1e17c25a8a638a3b259716640fc5be595f5a6,0x1302fd2ba8ea4e0ab39a8ef865a1e17c25a8a638a3b259716640fc5be595f5a6,RAAZ-26-1014,ETH,23177095,2026-08-21T22:59:00+05:30,0xdad8be477789806118abf047c0ce6bca0c06e87c,0xfbbd4be6f1129ff605a623cda40bc927c323492d,0.17384,ETH,59453,layering,1,False
0x9b386aed88eecfe7248b4ddda7c3778fe2917726290eec0d0aeb190e7179e7d5,0x9b386aed88eecfe7248b4ddda7c3778fe2917726290eec0d0aeb190e7179e7d5,RAAZ-26-1014,ETH,23177150,2026-08-21T23:10:00+05:30,0xfbbd4be6f1129ff605a623cda40bc927c323492d,0xbe6f43f527f99d614a05eb3787e645c492bcb7b3,0.17384,ETH,59453,layering,2,False
0x3b548a3dbe6da0ad868c43d5a759f6d142b1331887f1e45b59268d14633bc116,0x3b548a3dbe6da0ad868c43d5a759f6d142b1331887f1e45b59268d14633bc116,RAAZ-26-1014,ETH,23177170,2026-08-21T23:14:00+05:30,0xdad8be477789806118abf047c0ce6bca0c06e87c,0x3671722790c5bea4c88506a8d0d331f78dd7f1d3,0.11991,ETH,41009,layering,1,False
0x62362c9c6209be9a967f5e6ec1b449af87a560343d45314a3747986b69b9e8c1,0x62362c9c6209be9a967f5e6ec1b449af87a560343d45314a3747986b69b9e8c1,RAAZ-26-1014,ETH,23177180,2026-08-21T23:16:00+05:30,0xdad8be477789806118abf047c0ce6bca0c06e87c,0xc3a66052838452067fd296c0be2312728a5e4f88,0.08716,ETH,29809,layering,1,False
0xf0d0a67fc3b19139a4392c3310d2fe9d13ffaebcea6ebb40d5782b1ac4488784,0xf0d0a67fc3b19139a4392c3310d2fe9d13ffaebcea6ebb40d5782b1ac4488784,RAAZ-26-1014,ETH,23177190,2026-08-21T23:18:00+05:30,0xbe6f43f527f99d614a05eb3787e645c492bcb7b3,0x89686d90de06a6be63ca602cdab6765c4504c519,0.17384,ETH,59453,consolidation,3,False
0x334ed20fee4a2c14e3bd75d06ccf4923143fdc9efed9de54edc5f13308044663,0x334ed20fee4a2c14e3bd75d06ccf4923143fdc9efed9de54edc5f13308044663,RAAZ-26-1014,ETH,23177210,2026-08-21T23:22:00+05:30,0x3671722790c5bea4c88506a8d0d331f78dd7f1d3,0x19290a1d8ec50cfbc048dd22c40d17816620b7ad,0.11991,ETH,41009,layering,2,False
0xc40ea0faae3d76f76675d2f019cdd871c4dc8bfed25305316c544e4cff128229,0xc40ea0faae3d76f76675d2f019cdd871c4dc8bfed25305316c544e4cff128229,RAAZ-26-1014,ETH,23177215,2026-08-21T23:23:00+05:30,0xc3a66052838452067fd296c0be2312728a5e4f88,0xbe26e84fcac5279ac2f2675c6c290960b983c2b9,0.08716,ETH,29809,layering,2,False
0xecc40334799123d845c776262345f6c25f4d4f3af3f95a17ec1aa8f2bd2c148d,0xecc40334799123d845c776262345f6c25f4d4f3af3f95a17ec1aa8f2bd2c148d,RAAZ-26-1014,ETH,23177230,2026-08-21T23:26:00+05:30,0x19290a1d8ec50cfbc048dd22c40d17816620b7ad,0x89686d90de06a6be63ca602cdab6765c4504c519,0.11991,ETH,41009,consolidation,3,False
0x5b2254d437b4de9a58517698ab82d0ae8694aeff863c7eb5d660b5154c86ded8,0x5b2254d437b4de9a58517698ab82d0ae8694aeff863c7eb5d660b5154c86ded8,RAAZ-26-1014,ETH,23177305,2026-08-21T23:41:00+05:30,0xbe26e84fcac5279ac2f2675c6c290960b983c2b9,0x2c97d439615d1e1af2c17c0c07d749666e26d9e6,0.08716,ETH,29809,layering,3,False
0x779659a9a8dbb3204a94c5ff68a537aa1177953530384ec1e9d6200d98dc4465,0x779659a9a8dbb3204a94c5ff68a537aa1177953530384ec1e9d6200d98dc4465,RAAZ-26-1014,ETH,23177335,2026-08-21T23:47:00+05:30,0x2c97d439615d1e1af2c17c0c07d749666e26d9e6,0x6ee3812a2cc008c7d81be9168c16677e8c9341c1,0.08716,ETH,29809,layering,4,False
0xc423b95ed3ad0341a5e66d23ca19fd98b951b269c1087f111ef762a6207c696f,0xc423b95ed3ad0341a5e66d23ca19fd98b951b269c1087f111ef762a6207c696f,RAAZ-26-1014,ETH,23177375,2026-08-21T23:55:00+05:30,0x6ee3812a2cc008c7d81be9168c16677e8c9341c1,0x89686d90de06a6be63ca602cdab6765c4504c519,0.08716,ETH,29809,consolidation,3,False
0x0f71f12fe1481ff108c1f03cce2e5dc8ad2efecca8f0de1f32bac5afa7841dbb,0x0f71f12fe1481ff108c1f03cce2e5dc8ad2efecca8f0de1f32bac5afa7841dbb,RAAZ-26-1014,ETH,23177420,2026-08-22T00:04:00+05:30,0x89686d90de06a6be63ca602cdab6765c4504c519,0x9ac316eeec7230b953ba64bda52481ca758de38b,0.62704,ETH,214448,exchange_deposit,4,False
0x13d6a09415ee7249b21783db511f573aef60db9b0ec6779f6fe971949cd2aaac,0x13d6a09415ee7249b21783db511f573aef60db9b0ec6779f6fe971949cd2aaac,RAAZ-26-1014,ETH,23177720,2026-08-22T01:04:00+05:30,0x9ac316eeec7230b953ba64bda52481ca758de38b,0xa73909d6656acaa88ae779bb4aac7fc1281c5c0c,0.62704,ETH,214448,exchange_sweep,5,False
8199d7e5d17b23d5852904b0cee79c9816ebe9259a53b40c9f694434b3c6aebf,8199d7e5d17b23d5852904b0cee79c9816ebe9259a53b40c9f694434b3c6aebf,RAAZ-26-1015,TRON,75716220,2026-08-31T06:11:00+05:30,Teapzuw1VCkugrPRHbwwWyv6Teq5dGVZY4,T9zeWawhUNEzQq7xDU7oes4P5N3FXoDUr2,0.01,USDT,1,dust,0,False
916df229fa9ffb002aeaac02cfa3f01010169ea13bb7ad979a0755850f3ae4c9,916df229fa9ffb002aeaac02cfa3f01010169ea13bb7ad979a0755850f3ae4c9,RAAZ-26-1015,TRON,75740220,2026-09-01T02:11:00+05:30,Teapzuw1VCkugrPRHbwwWyv6Teq5dGVZY4,T9zeWawhUNEzQq7xDU7oes4P5N3FXoDUr2,0.01,USDT,1,dust,0,False
b01c6a80d0125aab8b4704c2a25249ab741398852139ffe92ca7035cf3bf7c77,b01c6a80d0125aab8b4704c2a25249ab741398852139ffe92ca7035cf3bf7c77,RAAZ-26-1015,TRON,75826620,2026-09-04T02:11:00+05:30,TaKNGDahg51uNeni2SbXGeg6L1EcDV1Xts,T9zeWawhUNEzQq7xDU7oes4P5N3FXoDUr2,1124.97,USDT,99447,inbound,0,False
9d84a6845c28963f307b63faf03bf14dc4c04e61f9b47da8c6c78d3d97b6aed0,9d84a6845c28963f307b63faf03bf14dc4c04e61f9b47da8c6c78d3d97b6aed0,RAAZ-26-1015,TRON,75878220,2026-09-05T21:11:00+05:30,Teapzuw1VCkugrPRHbwwWyv6Teq5dGVZY4,T9zeWawhUNEzQq7xDU7oes4P5N3FXoDUr2,0.01,USDT,1,dust,0,False
b911031be7b47d302a858ab7afdbd8193b24f06cd204c8b19d6840d2b1a334c9,b911031be7b47d302a858ab7afdbd8193b24f06cd204c8b19d6840d2b1a334c9,RAAZ-26-1015,TRON,75883020,2026-09-06T01:11:00+05:30,TyVf4fxpe3DtNovE6XhjtXuvpWM84StFBa,T9zeWawhUNEzQq7xDU7oes4P5N3FXoDUr2,381.53,USDT,33727,inbound,0,False
58c41b2e23ad5f917ea60f5ed997ad2974af42a5180b336b7944e4e9ae9efaf0,58c41b2e23ad5f917ea60f5ed997ad2974af42a5180b336b7944e4e9ae9efaf0,RAAZ-26-1015,TRON,75908220,2026-09-06T22:11:00+05:30,TbFrgmfKHrfGsdAx83XXVcmWEVRvSMsX8b,T9zeWawhUNEzQq7xDU7oes4P5N3FXoDUr2,600.82,USDT,53112,victim_payment,0,False
4db76fe15c8e09c1557880bc55ed95199bdbe9de1911c113588dc1c79fc25a23,4db76fe15c8e09c1557880bc55ed95199bdbe9de1911c113588dc1c79fc25a23,RAAZ-26-1015,TRON,75967020,2026-09-08T23:11:00+05:30,TaqrasXmYB1egUZveWfLeVhFwiNeec2qSo,T9zeWawhUNEzQq7xDU7oes4P5N3FXoDUr2,1114.15,USDT,98491,inbound,0,False
f84bb5b89dbb46e9e9add3acd11d430eb93fc72cd0ba7a2fea9ed94be2cc5bac,f84bb5b89dbb46e9e9add3acd11d430eb93fc72cd0ba7a2fea9ed94be2cc5bac,RAAZ-26-1015,TRON,75973020,2026-09-09T04:11:00+05:30,ThQ7YvfCcPkKmMDT1tFKCGnHuAgjEunJJ7,T9zeWawhUNEzQq7xDU7oes4P5N3FXoDUr2,1319.88,USDT,116677,inbound,0,False
144cb20e8d2833dcd7bd826d4a1aeb34604ba6380f4aac67982b2c8c15de77e4,144cb20e8d2833dcd7bd826d4a1aeb34604ba6380f4aac67982b2c8c15de77e4,RAAZ-26-1015,TRON,75981420,2026-09-09T11:11:00+05:30,TbFrgmfKHrfGsdAx83XXVcmWEVRvSMsX8b,T9zeWawhUNEzQq7xDU7oes4P5N3FXoDUr2,1013.44,USDT,89588,victim_payment,0,False
aa31a381c275e7d819f996794da60f4fbb6eb4c2c391bc5ba860c68bc3c0212d,aa31a381c275e7d819f996794da60f4fbb6eb4c2c391bc5ba860c68bc3c0212d,RAAZ-26-1015,TRON,75985300,2026-09-09T14:25:00+05:30,T9zeWawhUNEzQq7xDU7oes4P5N3FXoDUr2,Tqwb85vWDNa29eEr4jZg44NWcKxHc9LH5V,3029.48,USDT,267806,layering,1,False
f1aee1ab6d1c2fa68824766a3359ac3a28ed6677187647cfb1aa4a1da5d5df98,f1aee1ab6d1c2fa68824766a3359ac3a28ed6677187647cfb1aa4a1da5d5df98,RAAZ-26-1015,TRON,75985580,2026-09-09T14:39:00+05:30,Tqwb85vWDNa29eEr4jZg44NWcKxHc9LH5V,T1RqnaLhSckBTgGCT4BXaEMnoNDPyYecZ5,3029.48,USDT,267806,layering,2,False
39d089f03ed1d1cefb16b5b28e324953dcd0f1a47f9b8f1773c5ce5f4b01aa97,39d089f03ed1d1cefb16b5b28e324953dcd0f1a47f9b8f1773c5ce5f4b01aa97,RAAZ-26-1015,TRON,75985640,2026-09-09T14:42:00+05:30,T9zeWawhUNEzQq7xDU7oes4P5N3FXoDUr2,T7j5tg2Wcc5pNbJNmP2hTKyMkZSxCt32gz,2645.95,USDT,233902,layering,1,False
a2a3fa4fd5102920f930d115c8b0ae0d55a2dd842d3a5511b03489955054c282,a2a3fa4fd5102920f930d115c8b0ae0d55a2dd842d3a5511b03489955054c282,RAAZ-26-1015,TRON,75986120,2026-09-09T15:06:00+05:30,T7j5tg2Wcc5pNbJNmP2hTKyMkZSxCt32gz,TzVRFXg7SoKt8c7uz3hjfcKqEJfZNDgwqB,2645.95,USDT,233902,layering,2,False
210ebcc7ea89037cd41db5eaaef74a4739c80b79569950b5c988d22c37c8b6b8,210ebcc7ea89037cd41db5eaaef74a4739c80b79569950b5c988d22c37c8b6b8,RAAZ-26-1015,TRON,76005420,2026-09-10T07:11:00+05:30,TMD4RzPmNVjHb1SLVbsYKpUvsvbiSnNyQY,T9zeWawhUNEzQq7xDU7oes4P5N3FXoDUr2,312.2,USDT,27598,inbound,0,False
291ede8704404c316b836d03feed01849ff06e16467acb6f5d63c0b6ba58393b,291ede8704404c316b836d03feed01849ff06e16467acb6f5d63c0b6ba58393b,RAAZ-26-1016,TRON,75954980,2026-09-08T13:09:00+05:30,TKxcVd3LnYJGL12XCC5VV7ccdDmfBEcfBr,TMVk6tMpAFCSnrivARfWexHQPuHzGRFPBw,480.19,USDT,42449,inbound,0,False
98be994282c09043f7f35316d454912e57af70706162261d3327bf503cea5106,98be994282c09043f7f35316d454912e57af70706162261d3327bf503cea5106,RAAZ-26-1016,TRON,76038980,2026-09-11T11:09:00+05:30,TLVTjMiPwdjDDLgxk7A65Skq4PbVNzrdcY,TMVk6tMpAFCSnrivARfWexHQPuHzGRFPBw,519.23,USDT,45900,victim_payment,0,False
c1d679c02a9ad0399ae614b1fe35383b988e89e750353efdbfc3362cac2528c4,c1d679c02a9ad0399ae614b1fe35383b988e89e750353efdbfc3362cac2528c4,RAAZ-26-1016,TRON,76045940,2026-09-11T16:57:00+05:30,TMVk6tMpAFCSnrivARfWexHQPuHzGRFPBw,TM4peDgH4NTHoP8pkCBVZPrpR56CDpTcxg,953.24,USDT,84266,layering,1,False
d69352f0b506bdf6040ca0c9a3f59e1931b0f2c012d1514f3c7ce4a047ce388c,d69352f0b506bdf6040ca0c9a3f59e1931b0f2c012d1514f3c7ce4a047ce388c,RAAZ-26-1016,TRON,76046120,2026-09-11T17:06:00+05:30,TMVk6tMpAFCSnrivARfWexHQPuHzGRFPBw,TGuy27UAXc2gSNyne3b4HSaYibp2Y8MEtr,479.48,USDT,42386,layering,1,False
0cd7d904f5730957d7593aae7058dfb63b3c968a176c627a1b94da2c850b24cd,0cd7d904f5730957d7593aae7058dfb63b3c968a176c627a1b94da2c850b24cd,RAAZ-26-1016,TRON,76046260,2026-09-11T17:13:00+05:30,TM4peDgH4NTHoP8pkCBVZPrpR56CDpTcxg,TiVj9GMrTvhqvttZVu8S9JfLvYtMt6Hwhy,953.24,USDT,84266,layering,2,False
4f3bb64b37631986a23db9c47eed02de116c810fefdc585742828b1fd341ff1e,4f3bb64b37631986a23db9c47eed02de116c810fefdc585742828b1fd341ff1e,RAAZ-26-1016,TRON,76046300,2026-09-11T17:15:00+05:30,TMVk6tMpAFCSnrivARfWexHQPuHzGRFPBw,THpCedhTEBnqPRBP2Mu4E3eRnnufChfkWq,574.28,USDT,50766,layering,1,False
23621841722c70e22c78b60324a5f93fc9c934ce2ce60b97a75bd978385ff2da,23621841722c70e22c78b60324a5f93fc9c934ce2ce60b97a75bd978385ff2da,RAAZ-26-1016,TRON,76046400,2026-09-11T17:20:00+05:30,TGuy27UAXc2gSNyne3b4HSaYibp2Y8MEtr,Ti3nURRBTm3zdzFL5tAMwSDAiZwtGR4ioV,479.48,USDT,42386,layering,2,False
7911c9b548f29f2f7d718b37dbb0bc13b313ef6c21f3708c29708cf1f9102826,7911c9b548f29f2f7d718b37dbb0bc13b313ef6c21f3708c29708cf1f9102826,RAAZ-26-1016,TRON,76046600,2026-09-11T17:30:00+05:30,THpCedhTEBnqPRBP2Mu4E3eRnnufChfkWq,TduxxQHfTorpVtC8JNRUUWSbqSCneUZPHs,574.28,USDT,50766,layering,2,False
575dff3914f000418bfdd4ace78f1891572133b7205ee8550caefce05a052d3c,575dff3914f000418bfdd4ace78f1891572133b7205ee8550caefce05a052d3c,RAAZ-26-1016,TRON,76046740,2026-09-11T17:37:00+05:30,TiVj9GMrTvhqvttZVu8S9JfLvYtMt6Hwhy,ThnSKR2DxLbZh4DFDRWirDsExLm4mNtud3,953.24,USDT,84266,layering,3,False
048623df10b46c38903a55b1f5feed5862f562b8e86c1089df7c739ceb71992f,048623df10b46c38903a55b1f5feed5862f562b8e86c1089df7c739ceb71992f,RAAZ-26-1016,TRON,76046880,2026-09-11T17:44:00+05:30,Ti3nURRBTm3zdzFL5tAMwSDAiZwtGR4ioV,Ttc3STDE3MqbqMkxRfEFpaYag4FnQiQUgR,479.48,USDT,42386,layering,3,False
f9c3e69037f2119a7e9d6dd8e0628d358acbcdf254d5f6a88984d6aea0311e18,f9c3e69037f2119a7e9d6dd8e0628d358acbcdf254d5f6a88984d6aea0311e18,RAAZ-26-1016,TRON,76046920,2026-09-11T17:46:00+05:30,ThnSKR2DxLbZh4DFDRWirDsExLm4mNtud3,THuzaZcVycZCHaq1tkRX27pimMqD5QnfLD,953.24,USDT,84266,layering,4,False
cf4324862db51beec189e0169d328eb7ab766d2fd41178000decbffbef1e60c8,cf4324862db51beec189e0169d328eb7ab766d2fd41178000decbffbef1e60c8,RAAZ-26-1016,TRON,76046980,2026-09-11T17:49:00+05:30,Ttc3STDE3MqbqMkxRfEFpaYag4FnQiQUgR,TcbBMd7Y4Xy6EGCCPFgvUAYGPzUXmVNfbN,479.48,USDT,42386,layering,4,False
a0e8a02336a9677ce067336e6ffcb7a8a940e3c47468209d4a310b8d24c26324,a0e8a02336a9677ce067336e6ffcb7a8a940e3c47468209d4a310b8d24c26324,RAAZ-26-1016,TRON,76047080,2026-09-11T17:54:00+05:30,TcbBMd7Y4Xy6EGCCPFgvUAYGPzUXmVNfbN,TD5dsuRfsnyGGRpaxUmgK1UcP7xDMjkKFe,479.48,USDT,42386,consolidation,5,False
47994e5c891dc0339803a8d6af29cc4bb1db785eb1628e0585a6744a7deba551,47994e5c891dc0339803a8d6af29cc4bb1db785eb1628e0585a6744a7deba551,RAAZ-26-1016,TRON,76047120,2026-09-11T17:56:00+05:30,TduxxQHfTorpVtC8JNRUUWSbqSCneUZPHs,Tg4pwmBRJQ62f3c6GezTNrYtdXyEPDuYnm,574.28,USDT,50766,layering,3,False
febc2473427871d49223d11d11dd4575ca905f693e3e5793467f117b205c3381,febc2473427871d49223d11d11dd4575ca905f693e3e5793467f117b205c3381,RAAZ-26-1016,TRON,76047380,2026-09-11T18:09:00+05:30,TwwdNyBD4aq171TqA59ErwTiTvGUSvBAJ9,TMVk6tMpAFCSnrivARfWexHQPuHzGRFPBw,96.41,USDT,8523,inbound,0,False
e1015e3eea9bb0d42121873a77a06c0db6849555fa934994d085fa37d7ec83e0,e1015e3eea9bb0d42121873a77a06c0db6849555fa934994d085fa37d7ec83e0,RAAZ-26-1016,TRON,76047440,2026-09-11T18:12:00+05:30,Tg4pwmBRJQ62f3c6GezTNrYtdXyEPDuYnm,ThNABGrGQr3s6tCxHTfnS2CMqtxTfHF6Te,574.28,USDT,50766,layering,4,False
b4f88c7b74fe26fe1526c5b85b3755da3f98451815e2e1ba9586ad063fad4e00,b4f88c7b74fe26fe1526c5b85b3755da3f98451815e2e1ba9586ad063fad4e00,RAAZ-26-1016,TRON,76047460,2026-09-11T18:13:00+05:30,THuzaZcVycZCHaq1tkRX27pimMqD5QnfLD,TD5dsuRfsnyGGRpaxUmgK1UcP7xDMjkKFe,953.24,USDT,84266,consolidation,5,False
7fc114f87d05270e50531d88e06945a44b939c07b72b2808ef48e7279adb7c62,7fc114f87d05270e50531d88e06945a44b939c07b72b2808ef48e7279adb7c62,RAAZ-26-1016,TRON,76047520,2026-09-11T18:16:00+05:30,ThNABGrGQr3s6tCxHTfnS2CMqtxTfHF6Te,TD5dsuRfsnyGGRpaxUmgK1UcP7xDMjkKFe,574.28,USDT,50766,consolidation,5,False
56db05b7a3e3fc7893e44de7cfd83fd7f42453c29d78ad5cb8a40bf94e32fa74,56db05b7a3e3fc7893e44de7cfd83fd7f42453c29d78ad5cb8a40bf94e32fa74,RAAZ-26-1016,TRON,76048040,2026-09-11T18:42:00+05:30,TD5dsuRfsnyGGRpaxUmgK1UcP7xDMjkKFe,TG2v4mDk56SnGgFHxgUtUrvCpv8foxpKdX,1874.74,USDT,165727,exchange_deposit,6,False
9873b5d1eb5d323c74b2445aa2d7cc580f1b288c10536d4300c764841a061bf1,9873b5d1eb5d323c74b2445aa2d7cc580f1b288c10536d4300c764841a061bf1,RAAZ-26-1016,TRON,76048820,2026-09-11T19:21:00+05:30,TG2v4mDk56SnGgFHxgUtUrvCpv8foxpKdX,TkcnCoQyiWMQSdeFPa9qZHkuUHEGZutNqG,1874.74,USDT,165727,exchange_sweep,7,False
3a321e7331327e5207111ca9422435274e4258060ec0763180da99cfee647226,3a321e7331327e5207111ca9422435274e4258060ec0763180da99cfee647226,RAAZ-26-1016,TRON,76054580,2026-09-12T00:09:00+05:30,T2NMqX4PXWcPkpWV3B7SJyARAGcXh6afwr,TMVk6tMpAFCSnrivARfWexHQPuHzGRFPBw,302.0,USDT,26697,inbound,0,False
3c138a2399d672536a2a2b17108867ada1e56c4adcbf1b0b0823313e83d173fd,3c138a2399d672536a2a2b17108867ada1e56c4adcbf1b0b0823313e83d173fd,RAAZ-26-1016,TRON,76088180,2026-09-13T04:09:00+05:30,TU9s75dCH7yVnR6vtm8ENPMsnAyM4gKcZw,TMVk6tMpAFCSnrivARfWexHQPuHzGRFPBw,297.68,USDT,26315,inbound,0,False
873cbf9e02a34af651e628b0f95826fe97fd17d5ce1b4ac4c8205a1ac1b1fe13,873cbf9e02a34af651e628b0f95826fe97fd17d5ce1b4ac4c8205a1ac1b1fe13,RAAZ-26-1016,TRON,76100180,2026-09-13T14:09:00+05:30,T8wrsSQVLgmuoH8bWPdDLkYkATZPMZwqt5,TMVk6tMpAFCSnrivARfWexHQPuHzGRFPBw,343.33,USDT,30350,inbound,0,False
0x80c743526c256e5db5f16eaf188db1d066a0cde8b4164ae4b530179b7a512806,0x80c743526c256e5db5f16eaf188db1d066a0cde8b4164ae4b530179b7a512806,RAAZ-26-1017,BSC,59433080,2026-06-22T01:54:00+05:30,0xce6588cd871781b2cec4fe3a6aa2422f533d3ffc,0x5be7808eab304c48a3f5f3d6301720702799e5ca,0.3818,BNB,23481,victim_payment,0,False
0x27941e28471db60f53d0267ed4687667a9a7652e42328f08c5e2212ab4625458,0x27941e28471db60f53d0267ed4687667a9a7652e42328f08c5e2212ab4625458,RAAZ-26-1017,BSC,59526680,2026-06-25T07:54:00+05:30,0xce6588cd871781b2cec4fe3a6aa2422f533d3ffc,0x5be7808eab304c48a3f5f3d6301720702799e5ca,0.4682,BNB,28794,victim_payment,0,False
0xedfe02d3823635c9bb16506bdd1bbbaef99b26517878da52357715176261a091,0xedfe02d3823635c9bb16506bdd1bbbaef99b26517878da52357715176261a091,RAAZ-26-1017,BSC,59641880,2026-06-29T07:54:00+05:30,0xce6588cd871781b2cec4fe3a6aa2422f533d3ffc,0x5be7808eab304c48a3f5f3d6301720702799e5ca,0.5631,BNB,34631,victim_payment,0,False
0xa557f2cb2d77f479d69ca07947d0ceaf30b5191ad57f31782bf61892b66701ad,0xa557f2cb2d77f479d69ca07947d0ceaf30b5191ad57f31782bf61892b66701ad,RAAZ-26-1017,BSC,59647880,2026-06-29T12:54:00+05:30,0xce6588cd871781b2cec4fe3a6aa2422f533d3ffc,0x5be7808eab304c48a3f5f3d6301720702799e5ca,0.6382,BNB,39249,victim_payment,0,False
0xe2acf19e152c722c8f6d3665899f5debec9aee56bbdb50d9e0a78d8e53598db4,0xe2acf19e152c722c8f6d3665899f5debec9aee56bbdb50d9e0a78d8e53598db4,RAAZ-26-1017,BSC,59713880,2026-07-01T19:54:00+05:30,0xce6588cd871781b2cec4fe3a6aa2422f533d3ffc,0x5be7808eab304c48a3f5f3d6301720702799e5ca,0.734,BNB,45141,victim_payment,0,False
0x063772e8bccfee7981fed868dc7366d98ec674ee5180088f65e96fa2b5ed7a91,0x063772e8bccfee7981fed868dc7366d98ec674ee5180088f65e96fa2b5ed7a91,RAAZ-26-1017,BSC,59784680,2026-07-04T06:54:00+05:30,0xce6588cd871781b2cec4fe3a6aa2422f533d3ffc,0x5be7808eab304c48a3f5f3d6301720702799e5ca,0.8309,BNB,51100,victim_payment,0,False
0x2e69becc023ea80e8fc2251a5cd1d60ea31101fedf23f738c7ce8ebda62870f5,0x2e69becc023ea80e8fc2251a5cd1d60ea31101fedf23f738c7ce8ebda62870f5,RAAZ-26-1017,BSC,59786620,2026-07-04T08:31:00+05:30,0x5be7808eab304c48a3f5f3d6301720702799e5ca,0x705db73fd8b74788221229cdcb5d1c4d1f387987,0.8773,BNB,53954,layering,1,False
0x61c7612ea69a1f79c41689c36cb987a5da1327de1f9b3a3daf2935439c2cdbad,0x61c7612ea69a1f79c41689c36cb987a5da1327de1f9b3a3daf2935439c2cdbad,RAAZ-26-1017,BSC,59787020,2026-07-04T08:51:00+05:30,0x5be7808eab304c48a3f5f3d6301720702799e5ca,0x8ad192b650ec78d0c0bb14727885e782ec3aacd4,0.996,BNB,61254,layering,1,False
0x339cdd04138dbf00f09d528c25a09403e0ac1bcf2105da7b0193f718d922c8f3,0x339cdd04138dbf00f09d528c25a09403e0ac1bcf2105da7b0193f718d922c8f3,RAAZ-26-1017,BSC,59787060,2026-07-04T08:53:00+05:30,0x5be7808eab304c48a3f5f3d6301720702799e5ca,0x741af0a87a0583ba1d064ffedfbc19a25c1b8013,0.6736,BNB,41426,layering,1,False
0x7f5be03f4d412759b54ca5f1bfcd704f392b6b2f2358a6d64e98a175e98b9d8b,0x7f5be03f4d412759b54ca5f1bfcd704f392b6b2f2358a6d64e98a175e98b9d8b,RAAZ-26-1017,BSC,59787320,2026-07-04T09:06:00+05:30,0x5be7808eab304c48a3f5f3d6301720702799e5ca,0xb2f08d58e24a14d7f20da968b44b4886cce311e7,0.5542,BNB,34083,layering,1,False
0x755c6cef0f613971b8988b92c8bfd74de0964566e183faf495ddcaab037c24ef,0x755c6cef0f613971b8988b92c8bfd74de0964566e183faf495ddcaab037c24ef,RAAZ-26-1017,BSC,59787340,2026-07-04T09:07:00+05:30,0x5be7808eab304c48a3f5f3d6301720702799e5ca,0xe7f16bbbd0357699693b50547ba8962e90812fe5,0.501,BNB,30812,layering,1,False
0x5777c79f534b3c2441e59275164f690f9b8b2b91a0b6eb044f7d66349cc26434,0x5777c79f534b3c2441e59275164f690f9b8b2b91a0b6eb044f7d66349cc26434,RAAZ-26-1017,BSC,59790960,2026-07-04T12:08:00+05:30,0x8ad192b650ec78d0c0bb14727885e782ec3aacd4,0x937f70227424c70ca2d8c66851fd7521c6ef091d,0.996,BNB,61254,layering,2,False
0x9de2de30e7573f41f0ffe8196a45940ba4b5910e75383e808054cec523ac381a,0x9de2de30e7573f41f0ffe8196a45940ba4b5910e75383e808054cec523ac381a,RAAZ-26-1017,BSC,59794940,2026-07-04T15:27:00+05:30,0x705db73fd8b74788221229cdcb5d1c4d1f387987,0x6b8f71831f08c9898a9818c6be2dbd307f6dbfe0,0.8773,BNB,53954,layering,2,False
0x69658d120be2d146b2503092ffb61d65df8f72017119f4b11f8dbb5c608bfe47,0x69658d120be2d146b2503092ffb61d65df8f72017119f4b11f8dbb5c608bfe47,RAAZ-26-1017,BSC,59796160,2026-07-04T16:28:00+05:30,0x6b8f71831f08c9898a9818c6be2dbd307f6dbfe0,0x793073e550b8ea5405ddb09a6218e9d8139fa2b4,0.8773,BNB,53954,layering,3,False
0x0e097e902de01ced809077a753216a1c32802d67b6d0cb676651d638ce11a8b5,0x0e097e902de01ced809077a753216a1c32802d67b6d0cb676651d638ce11a8b5,RAAZ-26-1017,BSC,59799020,2026-07-04T18:51:00+05:30,0x937f70227424c70ca2d8c66851fd7521c6ef091d,0x40b7fa4dfccf5b39ea23f23f1850d97ed75c4da7,0.996,BNB,61254,layering,3,False
0x96f3f88dc06dbfa9570085a30fac5af0c3b9b23fc82dd995d6261b7140396a1a,0x96f3f88dc06dbfa9570085a30fac5af0c3b9b23fc82dd995d6261b7140396a1a,RAAZ-26-1017,BSC,59800440,2026-07-04T20:02:00+05:30,0xb2f08d58e24a14d7f20da968b44b4886cce311e7,0x3c37e5632980568de7913b2a41bbb8c9a296fabc,0.5542,BNB,34083,layering,2,False
0x4151917f4adf1473bce2f45b3552ba1082783afa456b60f8900aca52f54cec47,0x4151917f4adf1473bce2f45b3552ba1082783afa456b60f8900aca52f54cec47,RAAZ-26-1017,BSC,59801240,2026-07-04T20:42:00+05:30,0xe7f16bbbd0357699693b50547ba8962e90812fe5,0x3fce7b550ee3f163a3a3a2d248aadb52f8ca9be7,0.501,BNB,30812,layering,2,False
0xc7af58a82b7c751a47af4c7843c6462e7d324d9598f1395be4e80c8b2c096f8a,0xc7af58a82b7c751a47af4c7843c6462e7d324d9598f1395be4e80c8b2c096f8a,RAAZ-26-1017,BSC,59803640,2026-07-04T22:42:00+05:30,0x741af0a87a0583ba1d064ffedfbc19a25c1b8013,0x82183ccb904e3856002ee3f03ad3afe39b3ce85a,0.6736,BNB,41426,layering,2,False
0xb8e8d1fc9ad3c401dd1aa48838675b121f0bc5b5cf87c34a8452af0f82381991,0xb8e8d1fc9ad3c401dd1aa48838675b121f0bc5b5cf87c34a8452af0f82381991,RAAZ-26-1017,BSC,59805140,2026-07-04T23:57:00+05:30,0x3c37e5632980568de7913b2a41bbb8c9a296fabc,0xc436a39d608d4fe1822e56741f6611974aec3c70,0.5542,BNB,34083,layering,3,False
0x7917870ad6c045f53528bde683d6e7bbd180ce54898aa97605e3c8a23ce4255b,0x7917870ad6c045f53528bde683d6e7bbd180ce54898aa97605e3c8a23ce4255b,RAAZ-26-1017,BSC,59805600,2026-07-05T00:20:00+05:30,0x793073e550b8ea5405ddb09a6218e9d8139fa2b4,0x93191f3dff3aaffd20bfb7e993d54dda3558c331,0.8773,BNB,53954,layering,4,False
0x27c1feaa8dc12d790adc09f3916a79d3441241912d672d9fdc30e78b7b6c8177,0x27c1feaa8dc12d790adc09f3916a79d3441241912d672d9fdc30e78b7b6c8177,RAAZ-26-1017,BSC,59807280,2026-07-05T01:44:00+05:30,0x3fce7b550ee3f163a3a3a2d248aadb52f8ca9be7,0x066e425399c2898313a2bf3dfe468744bbee2200,0.501,BNB,30812,layering,3,False
0xce3a754180f7c912e6d3e6f79ea8c427fe81989819c71d27f19e85b62a0c4aa5,0xce3a754180f7c912e6d3e6f79ea8c427fe81989819c71d27f19e85b62a0c4aa5,RAAZ-26-1017,BSC,59808240,2026-07-05T02:32:00+05:30,0x40b7fa4dfccf5b39ea23f23f1850d97ed75c4da7,0x74cd4ec65ac06f8ac8e7eb7f6017f5d22638599f,0.996,BNB,61254,layering,4,False
0xe2a1a4ba3de52d86dd93a2e7800b30707536546e76921e2d6f418cb0153e9fa5,0xe2a1a4ba3de52d86dd93a2e7800b30707536546e76921e2d6f418cb0153e9fa5,RAAZ-26-1017,BSC,59808460,2026-07-05T02:43:00+05:30,0x82183ccb904e3856002ee3f03ad3afe39b3ce85a,0x8c8df70c838085e71778d8b89e6aae4b2c545453,0.6736,BNB,41426,layering,3,False
0xeb89bd54a64cbb83098f4e265ef3d500c91a4d9e864eb09991c7a36c6b7c5837,0xeb89bd54a64cbb83098f4e265ef3d500c91a4d9e864eb09991c7a36c6b7c5837,RAAZ-26-1017,BSC,59813460,2026-07-05T06:53:00+05:30,0x93191f3dff3aaffd20bfb7e993d54dda3558c331,0x7d97e08c1b728e877573edec907db4a7969187e9,0.8773,BNB,53954,consolidation,4,False
0x413174a9a94df169187c8dd8d5f51855c19832bba047969c2e5b3a60b639f554,0x413174a9a94df169187c8dd8d5f51855c19832bba047969c2e5b3a60b639f554,RAAZ-26-1017,BSC,59815140,2026-07-05T08:17:00+05:30,0x8c8df70c838085e71778d8b89e6aae4b2c545453,0x7d97e08c1b728e877573edec907db4a7969187e9,0.6736,BNB,41426,consolidation,4,False
0xe18edc8474af9655d63c5e696222756705410d9250d7ca5d33dbec6096056b25,0xe18edc8474af9655d63c5e696222756705410d9250d7ca5d33dbec6096056b25,RAAZ-26-1017,BSC,59818520,2026-07-05T11:06:00+05:30,0x74cd4ec65ac06f8ac8e7eb7f6017f5d22638599f,0x7d97e08c1b728e877573edec907db4a7969187e9,0.996,BNB,61254,consolidation,4,False
0xdb07660d8d8fa93ccbee989a7f97c686d832fdbab8127b9a6d35388f356bf3c6,0xdb07660d8d8fa93ccbee989a7f97c686d832fdbab8127b9a6d35388f356bf3c6,RAAZ-26-1017,BSC,59819000,2026-07-05T11:30:00+05:30,0xc436a39d608d4fe1822e56741f6611974aec3c70,0x7d97e08c1b728e877573edec907db4a7969187e9,0.5542,BNB,34083,consolidation,4,False
0xef4790fdfac07d579e837764ef91995455583aac655cc5ca1c0c7a385dc4099b,0xef4790fdfac07d579e837764ef91995455583aac655cc5ca1c0c7a385dc4099b,RAAZ-26-1017,BSC,59823000,2026-07-05T14:50:00+05:30,0x066e425399c2898313a2bf3dfe468744bbee2200,0x3833a5b0fdb8b7a7a7c2aeb0ae96190f1fbcb449,0.501,BNB,30812,layering,4,False
0x709eeee7644871ad1f9c58e9ee87a482135131ae7aac06e506d35d3a281b7ec9,0x709eeee7644871ad1f9c58e9ee87a482135131ae7aac06e506d35d3a281b7ec9,RAAZ-26-1017,BSC,59825040,2026-07-05T16:32:00+05:30,0x3833a5b0fdb8b7a7a7c2aeb0ae96190f1fbcb449,0x7d97e08c1b728e877573edec907db4a7969187e9,0.501,BNB,30812,consolidation,4,False
0xcb3a70aba73ebd473c4977db7853228ebc419df37ab927edafde7dda9d7c586d,0xcb3a70aba73ebd473c4977db7853228ebc419df37ab927edafde7dda9d7c586d,RAAZ-26-1017,BSC,59827540,2026-07-05T18:37:00+05:30,0x7d97e08c1b728e877573edec907db4a7969187e9,0x0e0d8376477a7b962b618eee92c5abd7d30d7ab0,3.31,BNB,203565,exchange_deposit,5,False
0x563798cfd75b19e4b5d077cef9fe03724aa0f4dee270129b566ae92d561fc5d4,0x563798cfd75b19e4b5d077cef9fe03724aa0f4dee270129b566ae92d561fc5d4,RAAZ-26-1017,BSC,59827720,2026-07-05T18:46:00+05:30,0x0e0d8376477a7b962b618eee92c5abd7d30d7ab0,0xb9912ef7cb3e354553456ba1466690dff503bec0,3.31,BNB,203565,exchange_sweep,6,False
e0843c8afb27411888d09b81499a79aea5a8c9eda439120e99be542e038df9f6:0,e0843c8afb27411888d09b81499a79aea5a8c9eda439120e99be542e038df9f6,RAAZ-26-1018,BTC,913880,2026-09-14T13:26:00+05:30,bc1q7yzhphasvp6lu8d7jf0pgkqq7c0rz2dldsjr75,bc1qggpfqfclkvwyl8dk0nsr8eaq5maphz4pwpq0qd,1e-05,BTC,95,dust,0,False
fc447dc64ed499746ac996a4838780061d765900ba8229b4fb3a44d73d969dec:0,fc447dc64ed499746ac996a4838780061d765900ba8229b4fb3a44d73d969dec,RAAZ-26-1018,BTC,913940,2026-09-14T23:26:00+05:30,bc1q7yzhphasvp6lu8d7jf0pgkqq7c0rz2dldsjr75,bc1qggpfqfclkvwyl8dk0nsr8eaq5maphz4pwpq0qd,1e-05,BTC,95,dust,0,False
88a73c9915edd05a8d5d8e918a7998e939e555a17e7c64b0045b494ec83fc728:0,88a73c9915edd05a8d5d8e918a7998e939e555a17e7c64b0045b494ec83fc728,RAAZ-26-1018,BTC,913970,2026-09-15T04:26:00+05:30,bc1qj0vdwtdcwl6apprp5jg5dlah7yctpaz4yvpf9c,bc1qggpfqfclkvwyl8dk0nsr8eaq5maphz4pwpq0qd,0.01171,BTC,110660,inbound,0,False
b1ef8ee510e3510d0d4361c903bb5ec17bdf3052097786a94546f3d9bfd95c23:0,b1ef8ee510e3510d0d4361c903bb5ec17bdf3052097786a94546f3d9bfd95c23,RAAZ-26-1018,BTC,913976,2026-09-15T05:26:00+05:30,bc1q7yzhphasvp6lu8d7jf0pgkqq7c0rz2dldsjr75,bc1qggpfqfclkvwyl8dk0nsr8eaq5maphz4pwpq0qd,1e-05,BTC,95,dust,0,False
2e6ecfc83506e1ea237256c2f096c797ce0f92ded35c34fc21759e4bad868a02:0,2e6ecfc83506e1ea237256c2f096c797ce0f92ded35c34fc21759e4bad868a02,RAAZ-26-1018,BTC,914108,2026-09-16T03:26:00+05:30,bc1q7yzhphasvp6lu8d7jf0pgkqq7c0rz2dldsjr75,bc1qggpfqfclkvwyl8dk0nsr8eaq5maphz4pwpq0qd,1e-05,BTC,95,dust,0,False
1cbc837b934221d7b743ef353136a5cd546101df4d45efc31d4ebbfb853cc3a6:0,1cbc837b934221d7b743ef353136a5cd546101df4d45efc31d4ebbfb853cc3a6,RAAZ-26-1018,BTC,914138,2026-09-16T08:26:00+05:30,bc1qv73la5ny0n9e0lax7rwq7mt2krcleynwjeca5d,bc1qggpfqfclkvwyl8dk0nsr8eaq5maphz4pwpq0qd,0.00206,BTC,19467,inbound,0,False
97a35f2b3a591d723983e4295dc28127ae50ca0559dadd38f688d23cbfb2c693:0,97a35f2b3a591d723983e4295dc28127ae50ca0559dadd38f688d23cbfb2c693,RAAZ-26-1018,BTC,914372,2026-09-17T23:26:00+05:30,bc1qkrym85tp5yrrmehzg4cedu28nvjfknmvqz2uds,bc1qggpfqfclkvwyl8dk0nsr8eaq5maphz4pwpq0qd,0.006111,BTC,57749,victim_payment,0,False
5a30438010cbe1bb6e9e507fec76bfad9cab21b18a0b20e78189328ac6284a17:0,5a30438010cbe1bb6e9e507fec76bfad9cab21b18a0b20e78189328ac6284a17,RAAZ-26-1018,BTC,914780,2026-09-20T19:26:00+05:30,bc1qkrym85tp5yrrmehzg4cedu28nvjfknmvqz2uds,bc1qggpfqfclkvwyl8dk0nsr8eaq5maphz4pwpq0qd,0.008651,BTC,81752,victim_payment,0,False
96cf3ddca2c8deafa0381590f1d123b3284ff161f49aee632c02d2ce432c8168:0,96cf3ddca2c8deafa0381590f1d123b3284ff161f49aee632c02d2ce432c8168,RAAZ-26-1018,BTC,914782,2026-09-20T19:46:00+05:30,bc1qggpfqfclkvwyl8dk0nsr8eaq5maphz4pwpq0qd,bc1qtkrjsxt2pwrdkzjzuea63t0l42pvu9dh5mpw3c,0.009089,BTC,85891,layering,1,False
96cf3ddca2c8deafa0381590f1d123b3284ff161f49aee632c02d2ce432c8168:1,96cf3ddca2c8deafa0381590f1d123b3284ff161f49aee632c02d2ce432c8168,RAAZ-26-1018,BTC,914782,2026-09-20T19:46:00+05:30,bc1qggpfqfclkvwyl8dk0nsr8eaq5maphz4pwpq0qd,bc1q7z57u8n3knl3dyqfedl97493uzaklgknqv2eq8,0.010781,BTC,101880,layering,1,False
96cf3ddca2c8deafa0381590f1d123b3284ff161f49aee632c02d2ce432c8168:2,96cf3ddca2c8deafa0381590f1d123b3284ff161f49aee632c02d2ce432c8168,RAAZ-26-1018,BTC,914782,2026-09-20T19:46:00+05:30,bc1qggpfqfclkvwyl8dk0nsr8eaq5maphz4pwpq0qd,bc1qqptuvsr5tgagc36ndjrk7a972j7deltrk3l280,0.004465,BTC,42194,layering,1,False
96cf3ddca2c8deafa0381590f1d123b3284ff161f49aee632c02d2ce432c8168:3,96cf3ddca2c8deafa0381590f1d123b3284ff161f49aee632c02d2ce432c8168,RAAZ-26-1018,BTC,914782,2026-09-20T19:46:00+05:30,bc1qggpfqfclkvwyl8dk0nsr8eaq5maphz4pwpq0qd,bc1qfcgqyx87rr5e6qkjs5dp620hqpxlqtdqpm8d6m,0.004835,BTC,45691,layering,1,False
96cf3ddca2c8deafa0381590f1d123b3284ff161f49aee632c02d2ce432c8168:4,96cf3ddca2c8deafa0381590f1d123b3284ff161f49aee632c02d2ce432c8168,RAAZ-26-1018,BTC,914782,2026-09-20T19:46:00+05:30,bc1qggpfqfclkvwyl8dk0nsr8eaq5maphz4pwpq0qd,bc1q0pgzq7884ul09hyyrs4ekrgrvzanxq0qfrp0g4,0.007971,BTC,75326,layering,1,False
c0fbc795ded73335393c8f598ba6ae3dac8727ce053fa7fb9a13c304d3f464d6:0,c0fbc795ded73335393c8f598ba6ae3dac8727ce053fa7fb9a13c304d3f464d6,RAAZ-26-1018,BTC,914782,2026-09-20T19:48:00+05:30,bc1qfcgqyx87rr5e6qkjs5dp620hqpxlqtdqpm8d6m,bc1qwm6nt9x73mt3tg53v5mf2xecmk5j7g5k79swt8,0.004835,BTC,45691,layering,2,False
8e571ee3031b3db73f1704dda216f0ae1500f458dfc26fee274a4786198b6ccf:0,8e571ee3031b3db73f1704dda216f0ae1500f458dfc26fee274a4786198b6ccf,RAAZ-26-1018,BTC,914783,2026-09-20T19:52:00+05:30,bc1qtkrjsxt2pwrdkzjzuea63t0l42pvu9dh5mpw3c,bc1qtt6el77ytur4cl3lmwmlgmjkc34qyg933l60yq,0.009089,BTC,85891,layering,2,False
c8a3b2690fada7c94d35e7f3bf948af5e2439e34a1a34d1dafc31866737be925:0,c8a3b2690fada7c94d35e7f3bf948af5e2439e34a1a34d1dafc31866737be925,RAAZ-26-1018,BTC,914783,2026-09-20T19:58:00+05:30,bc1q7z57u8n3knl3dyqfedl97493uzaklgknqv2eq8,bc1qf3jtdyt7ykx2tk6qu2vmvpjyxv7ek2y6kkc0su,0.000915,BTC,8647,peel,2,False
c8a3b2690fada7c94d35e7f3bf948af5e2439e34a1a34d1dafc31866737be925:1,c8a3b2690fada7c94d35e7f3bf948af5e2439e34a1a34d1dafc31866737be925,RAAZ-26-1018,BTC,914783,2026-09-20T19:58:00+05:30,bc1q7z57u8n3knl3dyqfedl97493uzaklgknqv2eq8,bc1qace8l08m5eyh2vkwpum2ktvxa2q2nsppfvw9wg,0.009866,BTC,93234,layering,2,False
b40e68a6e662f65f15b740983de193625e6e624e2f8334212dfd19a41cf84130:0,b40e68a6e662f65f15b740983de193625e6e624e2f8334212dfd19a41cf84130,RAAZ-26-1018,BTC,914784,2026-09-20T20:02:00+05:30,bc1qqptuvsr5tgagc36ndjrk7a972j7deltrk3l280,bc1qn0ydafqmrqa27mfvvrcuu7x2ctar38raa70esy,0.004465,BTC,42194,layering,2,False
0c9892813ac6c1fb6ef405832cc8dbedd26069d30d1bfe00992ca086ec50f6ca:0,0c9892813ac6c1fb6ef405832cc8dbedd26069d30d1bfe00992ca086ec50f6ca,RAAZ-26-1018,BTC,914785,2026-09-20T20:14:00+05:30,bc1q0pgzq7884ul09hyyrs4ekrgrvzanxq0qfrp0g4,bc1qgx6aq9uaglwrrt35xa5uczqfah35hhql6l3dw8,0.007971,BTC,75326,layering,2,False
f9439c34eaa98438e28fd2ba726b4476dcb3c1daad142e4b514d186a2014df01:0,f9439c34eaa98438e28fd2ba726b4476dcb3c1daad142e4b514d186a2014df01,RAAZ-26-1018,BTC,914785,2026-09-20T20:17:00+05:30,bc1qace8l08m5eyh2vkwpum2ktvxa2q2nsppfvw9wg,bc1qjyqqtfgvrhzh2wg04ryltz2tyqr20nr0779dap,0.000553,BTC,5226,peel,3,False
f9439c34eaa98438e28fd2ba726b4476dcb3c1daad142e4b514d186a2014df01:1,f9439c34eaa98438e28fd2ba726b4476dcb3c1daad142e4b514d186a2014df01,RAAZ-26-1018,BTC,914785,2026-09-20T20:17:00+05:30,bc1qace8l08m5eyh2vkwpum2ktvxa2q2nsppfvw9wg,bc1qxk4gjy2d2nz3fk8sejgsvmck9p04l85llz8eex,0.009314,BTC,88017,layering,3,False
4d9ac4d665c8b14ede6a8f40d673695bf3fc7f6765d6c7963ce4c437e00979b1:0,4d9ac4d665c8b14ede6a8f40d673695bf3fc7f6765d6c7963ce4c437e00979b1,RAAZ-26-1018,BTC,914786,2026-09-20T20:20:00+05:30,bc1qtt6el77ytur4cl3lmwmlgmjkc34qyg933l60yq,bc1qac3fjw4eaezlh6mjwq2sg3u7jjveytcuzlh7ag,0.009089,BTC,85891,layering,3,False
d26cdbaea83eedeb129ead6fe35564546eeffedc6cf557d701e0feb6c3365971:0,d26cdbaea83eedeb129ead6fe35564546eeffedc6cf557d701e0feb6c3365971,RAAZ-26-1018,BTC,914786,2026-09-20T20:25:00+05:30,bc1qac3fjw4eaezlh6mjwq2sg3u7jjveytcuzlh7ag,bc1q79l07ufv7aq3zva7yceyvpqulzl9l4tmreq67v,0.009089,BTC,85891,layering,4,False
29942b689c47da42f75219555097cf9a33815e85a4be25ad35823a34bfdc3572:0,29942b689c47da42f75219555097cf9a33815e85a4be25ad35823a34bfdc3572,RAAZ-26-1018,BTC,914787,2026-09-20T20:32:00+05:30,bc1qxk4gjy2d2nz3fk8sejgsvmck9p04l85llz8eex,bc1qgw7g9d2rghw8r0g03qh7smtagvz23czx76pnue,0.000476,BTC,4498,peel,4,False
29942b689c47da42f75219555097cf9a33815e85a4be25ad35823a34bfdc3572:1,29942b689c47da42f75219555097cf9a33815e85a4be25ad35823a34bfdc3572,RAAZ-26-1018,BTC,914787,2026-09-20T20:32:00+05:30,bc1qxk4gjy2d2nz3fk8sejgsvmck9p04l85llz8eex,bc1qwytfgdfq0f8vwzgh3t27rfa9hul9kw4mlgdr5l,0.008837,BTC,83510,layering,4,False
ee49b5f26a9ca995e8bf2b78cafa78b253b13f48c9986384995de77044569096:0,ee49b5f26a9ca995e8bf2b78cafa78b253b13f48c9986384995de77044569096,RAAZ-26-1018,BTC,914788,2026-09-20T20:40:00+05:30,bc1qgx6aq9uaglwrrt35xa5uczqfah35hhql6l3dw8,bc1q73fdnnfyveth9zhgk0txmj2tufjjr4gs0kjz0g,0.007971,BTC,75326,layering,3,False
953c0acfb2b5011835c4aec179ef793b3234458f3f7245eead595d2dbdcaee2e:0,953c0acfb2b5011835c4aec179ef793b3234458f3f7245eead595d2dbdcaee2e,RAAZ-26-1018,BTC,914788,2026-09-20T20:48:00+05:30,bc1qwytfgdfq0f8vwzgh3t27rfa9hul9kw4mlgdr5l,bc1qcs390ysr2wmgygghhagfkc7sn0c7yugk20j7zl,0.000743,BTC,7021,peel,5,False
953c0acfb2b5011835c4aec179ef793b3234458f3f7245eead595d2dbdcaee2e:1,953c0acfb2b5011835c4aec179ef793b3234458f3f7245eead595d2dbdcaee2e,RAAZ-26-1018,BTC,914788,2026-09-20T20:48:00+05:30,bc1qwytfgdfq0f8vwzgh3t27rfa9hul9kw4mlgdr5l,bc1qakxkpm24320vh06k8dv4khafq53v0xdzlyx9v7,0.008094,BTC,76488,layering,5,False
9f5605c47653ed4e2af1094103c86015b58f43aea5ce6b1f82f7c9c5f7bf78bc:0,9f5605c47653ed4e2af1094103c86015b58f43aea5ce6b1f82f7c9c5f7bf78bc,RAAZ-26-1018,BTC,914790,2026-09-20T21:04:00+05:30,bc1q73fdnnfyveth9zhgk0txmj2tufjjr4gs0kjz0g,bc1qvctwrnpwzqk4e7kveecp30599n3u7jxf9empaa,0.007971,BTC,75326,layering,4,False
2deeb2a8d4e003c3708b5d84ff803b48dd6811e250260157c88f9d5f81d2d05f:0,2deeb2a8d4e003c3708b5d84ff803b48dd6811e250260157c88f9d5f81d2d05f,RAAZ-26-1018,BTC,914791,2026-09-20T21:13:00+05:30,bc1qakxkpm24320vh06k8dv4khafq53v0xdzlyx9v7,bc1qmu2jljks7uthh5u3ny3zhla8dfclqn9z7ahfkh,0.00064,BTC,6048,peel,6,False
2deeb2a8d4e003c3708b5d84ff803b48dd6811e250260157c88f9d5f81d2d05f:1,2deeb2a8d4e003c3708b5d84ff803b48dd6811e250260157c88f9d5f81d2d05f,RAAZ-26-1018,BTC,914791,2026-09-20T21:13:00+05:30,bc1qakxkpm24320vh06k8dv4khafq53v0xdzlyx9v7,bc1qg4wc7yphj9scapfc6tmcmvwqpzznc04u8qq2qq,0.007454,BTC,70440,layering,6,False
187d6ab81c4244b26286939f9c629af54de98feedf22816dea7de0dc25761d0d:0,187d6ab81c4244b26286939f9c629af54de98feedf22816dea7de0dc25761d0d,RAAZ-26-1018,BTC,914793,2026-09-20T21:35:00+05:30,bc1qg4wc7yphj9scapfc6tmcmvwqpzznc04u8qq2qq,bc1qkmupwe597dygmjjffp8ggh4sk5sl0f0yj55z2f,0.000995,BTC,9403,peel,7,False
187d6ab81c4244b26286939f9c629af54de98feedf22816dea7de0dc25761d0d:1,187d6ab81c4244b26286939f9c629af54de98feedf22816dea7de0dc25761d0d,RAAZ-26-1018,BTC,914793,2026-09-20T21:35:00+05:30,bc1qg4wc7yphj9scapfc6tmcmvwqpzznc04u8qq2qq,bc1qn0j8g6sdryaxfpt6fmtvpz6kyxseyyd274k6ex,0.006459,BTC,61038,layering,7,False
02e654dac0e2a7a357446769bac28fecb5547d7dd65ce290fa14ef6281d6b97b:0,02e654dac0e2a7a357446769bac28fecb5547d7dd65ce290fa14ef6281d6b97b,RAAZ-26-1018,BTC,914924,2026-09-21T19:26:00+05:30,bc1qvf6l2hlsz00f5sfwwzcky4nnq956pc2kz9q5kc,bc1qggpfqfclkvwyl8dk0nsr8eaq5maphz4pwpq0qd,0.009334,BTC,88206,inbound,0,False
511ad6f8d2d6b5ac010c9260a3d7dcfb88f5de651547401fcac5a14ebd962ea3:0,511ad6f8d2d6b5ac010c9260a3d7dcfb88f5de651547401fcac5a14ebd962ea3,RAAZ-26-1019,BTC,913757,2026-09-13T16:58:00+05:30,bc1qzcxrev6uuwtrsxsuk4pr8ua8v7umzt2rx8wz3v,bc1q5566n8tqlvxfrttvuwa84zrscg7wrparfme5ch,0.936028,BTC,8845465,inbound,0,False
0ff6903ae977411981973e8391f6c16cea7175c15334fc37be235a5a721f52ca:0,0ff6903ae977411981973e8391f6c16cea7175c15334fc37be235a5a721f52ca,RAAZ-26-1019,BTC,913865,2026-09-14T10:58:00+05:30,bc1q453gktfukhfk4snsqwpluvnfa8fy2p03uv27ta,bc1q5566n8tqlvxfrttvuwa84zrscg7wrparfme5ch,0.162081,BTC,1531665,victim_payment,0,False
dbeaffcac319e8209538c332d89e0e7e7f7bfbcc7e0c3c615233a96565189666:0,dbeaffcac319e8209538c332d89e0e7e7f7bfbcc7e0c3c615233a96565189666,RAAZ-26-1019,BTC,914249,2026-09-17T02:58:00+05:30,bc1q453gktfukhfk4snsqwpluvnfa8fy2p03uv27ta,bc1q5566n8tqlvxfrttvuwa84zrscg7wrparfme5ch,0.375558,BTC,3549023,victim_payment,0,False
988c3c56f6d94717153ffeeb5c47fbd9de90ce2b1e26d426bd1f106524b5fd3c:0,988c3c56f6d94717153ffeeb5c47fbd9de90ce2b1e26d426bd1f106524b5fd3c,RAAZ-26-1019,BTC,914645,2026-09-19T20:58:00+05:30,bc1q453gktfukhfk4snsqwpluvnfa8fy2p03uv27ta,bc1q5566n8tqlvxfrttvuwa84zrscg7wrparfme5ch,0.50198,BTC,4743711,victim_payment,0,False
c30dc60325cc947225ec14fee3af7c02ad6402f619493459ddc3b14b40482b66:0,c30dc60325cc947225ec14fee3af7c02ad6402f619493459ddc3b14b40482b66,RAAZ-26-1019,BTC,914666,2026-09-20T00:27:00+05:30,bc1q5566n8tqlvxfrttvuwa84zrscg7wrparfme5ch,bc1q8uwtz8j30nrww7xfsv9tgek47ecu3kjpatk6dx,0.153478,BTC,1450367,layering,1,False
c30dc60325cc947225ec14fee3af7c02ad6402f619493459ddc3b14b40482b66:1,c30dc60325cc947225ec14fee3af7c02ad6402f619493459ddc3b14b40482b66,RAAZ-26-1019,BTC,914666,2026-09-20T00:27:00+05:30,bc1q5566n8tqlvxfrttvuwa84zrscg7wrparfme5ch,bc1q08nenuyy7q96ptu50fwnwpeck3gr250l6u9z0g,0.432688,BTC,4088902,layering,1,False
c30dc60325cc947225ec14fee3af7c02ad6402f619493459ddc3b14b40482b66:2,c30dc60325cc947225ec14fee3af7c02ad6402f619493459ddc3b14b40482b66,RAAZ-26-1019,BTC,914666,2026-09-20T00:27:00+05:30,bc1q5566n8tqlvxfrttvuwa84zrscg7wrparfme5ch,bc1qdhut4dyz5458mtfxzaanhpfaftz665as69vgn3,0.402785,BTC,3806318,layering,1,False
c30dc60325cc947225ec14fee3af7c02ad6402f619493459ddc3b14b40482b66:3,c30dc60325cc947225ec14fee3af7c02ad6402f619493459ddc3b14b40482b66,RAAZ-26-1019,BTC,914666,2026-09-20T00:27:00+05:30,bc1q5566n8tqlvxfrttvuwa84zrscg7wrparfme5ch,bc1qcjcmwp4ap0lztvg4m9ls0su97wppm3yzxt2s6c,0.20152,BTC,1904364,layering,1,False
c30dc60325cc947225ec14fee3af7c02ad6402f619493459ddc3b14b40482b66:4,c30dc60325cc947225ec14fee3af7c02ad6402f619493459ddc3b14b40482b66,RAAZ-26-1019,BTC,914666,2026-09-20T00:27:00+05:30,bc1q5566n8tqlvxfrttvuwa84zrscg7wrparfme5ch,bc1qwhfvd5xufug4sft8dfl5teln4sn4xgq4lhja2m,0.405799,BTC,3834801,layering,1,False
c30dc60325cc947225ec14fee3af7c02ad6402f619493459ddc3b14b40482b66:5,c30dc60325cc947225ec14fee3af7c02ad6402f619493459ddc3b14b40482b66,RAAZ-26-1019,BTC,914666,2026-09-20T00:27:00+05:30,bc1q5566n8tqlvxfrttvuwa84zrscg7wrparfme5ch,bc1qyclre85emuhsfgl55ytyzfxns0m56ta5dvhasq,0.319682,BTC,3020995,layering,1,False
a0498b07bd074f8b3eae2fc0178548ef696da765a8b92a3ce5dd5213949359c8:0,a0498b07bd074f8b3eae2fc0178548ef696da765a8b92a3ce5dd5213949359c8,RAAZ-26-1019,BTC,914678,2026-09-20T02:21:00+05:30,bc1q8uwtz8j30nrww7xfsv9tgek47ecu3kjpatk6dx,bc1qdk4sf0j4q2z4zqhz7m7jxshgh309czwprqu9z8,0.153478,BTC,1450367,layering,2,False
d847a34a30f34588b47f59647cda0692d8c7d27e1a7a1771de19e0bfeae081ed:0,d847a34a30f34588b47f59647cda0692d8c7d27e1a7a1771de19e0bfeae081ed,RAAZ-26-1019,BTC,914693,2026-09-20T04:57:00+05:30,bc1qwhfvd5xufug4sft8dfl5teln4sn4xgq4lhja2m,bc1qc5dxd2qk97zuenmfkfvcc50h4lk5nm0knc4pm8,0.405799,BTC,3834801,layering,2,False
dc7757a6a3d0dbdba35aa4d3240624f5c80fb064315c85cf0c4363ebcf317373:0,dc7757a6a3d0dbdba35aa4d3240624f5c80fb064315c85cf0c4363ebcf317373,RAAZ-26-1019,BTC,914695,2026-09-20T05:14:00+05:30,bc1qdhut4dyz5458mtfxzaanhpfaftz665as69vgn3,bc1qmu855s92z9664mlv2slrakuyq4sh292fmeyfdz,0.402785,BTC,3806318,layering,2,False
35e68c5fb32cc2c1abf181805f10f6bb2cdd7b6d4f802639f9a6bd567af9c33d:0,35e68c5fb32cc2c1abf181805f10f6bb2cdd7b6d4f802639f9a6bd567af9c33d,RAAZ-26-1019,BTC,914699,2026-09-20T05:57:00+05:30,bc1qcjcmwp4ap0lztvg4m9ls0su97wppm3yzxt2s6c,bc1qqjmayl7hlx478rszp0vfn8s8tjmsv0x4fcx0e2,0.20152,BTC,1904364,layering,2,False
92cf38f0f9a34b95bc2a28a89c357885b07b4e6ef08a1b46ef0bbe558cfd7011:0,92cf38f0f9a34b95bc2a28a89c357885b07b4e6ef08a1b46ef0bbe558cfd7011,RAAZ-26-1019,BTC,914700,2026-09-20T06:08:00+05:30,bc1qc5dxd2qk97zuenmfkfvcc50h4lk5nm0knc4pm8,bc1qyd60m8pknrd5n6x8hl28s4yhacj9z07nd50jew,0.405799,BTC,3834801,exchange_deposit,3,False
0262eabfcd5e73d551587ba9a09b429a79f155d9b35b06e650d0b4efec29efcb:0,0262eabfcd5e73d551587ba9a09b429a79f155d9b35b06e650d0b4efec29efcb,RAAZ-26-1019,BTC,914707,2026-09-20T07:14:00+05:30,bc1q08nenuyy7q96ptu50fwnwpeck3gr250l6u9z0g,bc1q8u8r899f4vcsnuams2rfn5vkd2lqjx6rckdaca,0.432688,BTC,4088902,layering,2,False
1263c7ac37167f36998f40444461369624faca97ffe59d510e1d83d2b1227ac8:0,1263c7ac37167f36998f40444461369624faca97ffe59d510e1d83d2b1227ac8,RAAZ-26-1019,BTC,914727,2026-09-20T10:37:00+05:30,bc1qqjmayl7hlx478rszp0vfn8s8tjmsv0x4fcx0e2,bc1qyd60m8pknrd5n6x8hl28s4yhacj9z07nd50jew,0.20152,BTC,1904364,exchange_deposit,3,False
66f448fee73ab682a11dfc99c7e5003601b7a513e9e0c62deac45b90e4194477:0,66f448fee73ab682a11dfc99c7e5003601b7a513e9e0c62deac45b90e4194477,RAAZ-26-1019,BTC,914733,2026-09-20T11:33:00+05:30,bc1qyclre85emuhsfgl55ytyzfxns0m56ta5dvhasq,bc1qft4z7hz2sl2s6huywgc8527mf2ymqxn29mwy98,0.042547,BTC,402069,peel,2,False
66f448fee73ab682a11dfc99c7e5003601b7a513e9e0c62deac45b90e4194477:1,66f448fee73ab682a11dfc99c7e5003601b7a513e9e0c62deac45b90e4194477,RAAZ-26-1019,BTC,914733,2026-09-20T11:33:00+05:30,bc1qyclre85emuhsfgl55ytyzfxns0m56ta5dvhasq,bc1q4ggq8v5nsahxam3dg6t8w8543562d08drz8x7a,0.277135,BTC,2618926,layering,2,False
44769f970dbbb847a695a3cc46cf228278ca6f0f4b99cdf222270d1d51cf89ff:0,44769f970dbbb847a695a3cc46cf228278ca6f0f4b99cdf222270d1d51cf89ff,RAAZ-26-1019,BTC,914754,2026-09-20T15:04:00+05:30,bc1qdk4sf0j4q2z4zqhz7m7jxshgh309czwprqu9z8,bc1qyd60m8pknrd5n6x8hl28s4yhacj9z07nd50jew,0.153478,BTC,1450367,exchange_deposit,3,False
7a2681333b7c87346b375e447fb013c254dcf9f38edb35f5bf189de959c38218:0,7a2681333b7c87346b375e447fb013c254dcf9f38edb35f5bf189de959c38218,RAAZ-26-1019,BTC,914758,2026-09-20T15:40:00+05:30,bc1q8u8r899f4vcsnuams2rfn5vkd2lqjx6rckdaca,bc1q3uet0znal8gm079kh07lvcg44klxrsre28fkns,0.432688,BTC,4088902,layering,3,False
a8aa6fd0b00c16f95c8ff1f1f4f9411a5fcc1fec0fede42ca28f8c90ea64a37c:0,a8aa6fd0b00c16f95c8ff1f1f4f9411a5fcc1fec0fede42ca28f8c90ea64a37c,RAAZ-26-1019,BTC,914779,2026-09-20T19:11:00+05:30,bc1qmu855s92z9664mlv2slrakuyq4sh292fmeyfdz,bc1qzg2ye45uvtgc5fj49lr80389ldn595scgwccff,0.402785,BTC,3806318,layering,3,False
0cd371b0e74a59c31c17214ae95164e6c5f825b2f36ea3b5acc7080eefce3bd4:0,0cd371b0e74a59c31c17214ae95164e6c5f825b2f36ea3b5acc7080eefce3bd4,RAAZ-26-1019,BTC,914803,2026-09-20T23:14:00+05:30,bc1q4ggq8v5nsahxam3dg6t8w8543562d08drz8x7a,bc1qvap48vfzyfczzfpu52tls3vt5qnyxm4rr6h65f,0.021432,BTC,202532,peel,3,False
0cd371b0e74a59c31c17214ae95164e6c5f825b2f36ea3b5acc7080eefce3bd4:1,0cd371b0e74a59c31c17214ae95164e6c5f825b2f36ea3b5acc7080eefce3bd4,RAAZ-26-1019,BTC,914803,2026-09-20T23:14:00+05:30,bc1q4ggq8v5nsahxam3dg6t8w8543562d08drz8x7a,bc1q0kfkn6cz73szhkzyzppwmd0dd236l3apudna37,0.255703,BTC,2416393,layering,3,False
6153245df0437ef66908d07e93edd9fe15cb278d7d349e761d2eef908f343dfa:0,6153245df0437ef66908d07e93edd9fe15cb278d7d349e761d2eef908f343dfa,RAAZ-26-1019,BTC,914810,2026-09-21T00:25:00+05:30,bc1qft4z7hz2sl2s6huywgc8527mf2ymqxn29mwy98,bc1qyd60m8pknrd5n6x8hl28s4yhacj9z07nd50jew,0.042547,BTC,402069,exchange_deposit,3,False
6d2fd2cd4de350acbfaa6b8b4df18bf1220fcd23bb3b12c106d4a66fad22a268:0,6d2fd2cd4de350acbfaa6b8b4df18bf1220fcd23bb3b12c106d4a66fad22a268,RAAZ-26-1019,BTC,914829,2026-09-21T03:32:00+05:30,bc1qzg2ye45uvtgc5fj49lr80389ldn595scgwccff,bc1qhqvpgf0mthjuhnw8nlg4g8w36fegd02tcnqznx,0.402785,BTC,3806318,layering,4,False
98c1f095fd3824cbe6fb5f4b47c934f4db7c58ec426ee20f75e0c71c1f9981bd:0,98c1f095fd3824cbe6fb5f4b47c934f4db7c58ec426ee20f75e0c71c1f9981bd,RAAZ-26-1019,BTC,914833,2026-09-21T04:18:00+05:30,bc1q3uet0znal8gm079kh07lvcg44klxrsre28fkns,bc1q3pf9q27qmnx04lyr0620scnwwemw5ngj4z88zm,0.432688,BTC,4088902,layering,4,False
6d912519d626eb8a5aa722bebf2abcd06390ccf3f7bfb4c9342b77517f2e451e:0,6d912519d626eb8a5aa722bebf2abcd06390ccf3f7bfb4c9342b77517f2e451e,RAAZ-26-1019,BTC,914842,2026-09-21T05:47:00+05:30,bc1q3pf9q27qmnx04lyr0620scnwwemw5ngj4z88zm,bc1qyd60m8pknrd5n6x8hl28s4yhacj9z07nd50jew,0.432688,BTC,4088902,exchange_deposit,3,False
5bf267e74935aed455dd0c8d9bc69dca549fb70f1ab336210ec6ff65fde9474c:0,5bf267e74935aed455dd0c8d9bc69dca549fb70f1ab336210ec6ff65fde9474c,RAAZ-26-1019,BTC,914856,2026-09-21T08:02:00+05:30,bc1qhqvpgf0mthjuhnw8nlg4g8w36fegd02tcnqznx,bc1qyd60m8pknrd5n6x8hl28s4yhacj9z07nd50jew,0.402785,BTC,3806318,exchange_deposit,3,False
46e322f8c97a7e7329bed2267fe6545e4198b335555147b062f7f81443b6e5b1:0,46e322f8c97a7e7329bed2267fe6545e4198b335555147b062f7f81443b6e5b1,RAAZ-26-1019,BTC,914857,2026-09-21T08:15:00+05:30,bc1q0kfkn6cz73szhkzyzppwmd0dd236l3apudna37,bc1qefs46rgjk4xxs7z67tyy6f74ccvnrfzxy9zzsk,0.031443,BTC,297136,peel,4,False
46e322f8c97a7e7329bed2267fe6545e4198b335555147b062f7f81443b6e5b1:1,46e322f8c97a7e7329bed2267fe6545e4198b335555147b062f7f81443b6e5b1,RAAZ-26-1019,BTC,914857,2026-09-21T08:15:00+05:30,bc1q0kfkn6cz73szhkzyzppwmd0dd236l3apudna37,bc1qst8mpgnyz582mfh2873yl89pfqmlj0sar0f7cw,0.224261,BTC,2119266,layering,4,False
b98785ebf1086286161a433e4773918d6d93b0ad8089ad1b03ca0f3374965bd7:0,b98785ebf1086286161a433e4773918d6d93b0ad8089ad1b03ca0f3374965bd7,RAAZ-26-1019,BTC,914937,2026-09-21T21:35:00+05:30,bc1qst8mpgnyz582mfh2873yl89pfqmlj0sar0f7cw,bc1qsv2v4xnlz8zy7h0pkfany0c89whkjc4l7lqjca,0.023651,BTC,223502,peel,5,False
b98785ebf1086286161a433e4773918d6d93b0ad8089ad1b03ca0f3374965bd7:1,b98785ebf1086286161a433e4773918d6d93b0ad8089ad1b03ca0f3374965bd7,RAAZ-26-1019,BTC,914937,2026-09-21T21:35:00+05:30,bc1qst8mpgnyz582mfh2873yl89pfqmlj0sar0f7cw,bc1q5nc6uptrp2p5ac6klef4c478j7txsltcgeed6c,0.20061,BTC,1895764,layering,5,False
402f26656e537f6d0016a88111d7d3f6c67344ef351da1f9598d67ddf45bfd47:0,402f26656e537f6d0016a88111d7d3f6c67344ef351da1f9598d67ddf45bfd47,RAAZ-26-1019,BTC,914977,2026-09-22T04:19:00+05:30,bc1q5nc6uptrp2p5ac6klef4c478j7txsltcgeed6c,bc1qyd60m8pknrd5n6x8hl28s4yhacj9z07nd50jew,0.20061,BTC,1895764,exchange_deposit,3,False
fd4c7ccad7f02f759a2e23b72b7c6d0f68f48cee09e86b5a4167eaac4daa06e5:0,fd4c7ccad7f02f759a2e23b72b7c6d0f68f48cee09e86b5a4167eaac4daa06e5,RAAZ-26-1019,BTC,914985,2026-09-22T05:38:00+05:30,bc1qyd60m8pknrd5n6x8hl28s4yhacj9z07nd50jew,bc1qc0aqqfsh404p20hkflqcsac3nlfxgazendmwrn,1.839427,BTC,17382585,exchange_sweep,4,False
c683f7abc050ea5b90d578b62d8ce927e6185abf7068f763ce64263ab4c7335a,c683f7abc050ea5b90d578b62d8ce927e6185abf7068f763ce64263ab4c7335a,RAAZ-26-1020,TRON,75848700,2026-09-04T20:35:00+05:30,TS7eRRxJXy9xpB7XqmKw7DjQJeHzobGNw2,TBBzYbZPCxDqvAmFZNnvDJKE5hu95VPrmd,0.01,USDT,1,dust,0,False
d094d7cf967f4009ca007b50a565d13d316b99da6b1517031ac89f2258925945,d094d7cf967f4009ca007b50a565d13d316b99da6b1517031ac89f2258925945,RAAZ-26-1020,TRON,75921900,2026-09-07T09:35:00+05:30,TS7eRRxJXy9xpB7XqmKw7DjQJeHzobGNw2,TBBzYbZPCxDqvAmFZNnvDJKE5hu95VPrmd,0.01,USDT,1,dust,0,False
7990d979ebeafd48b292029d28a5ce32d69c5c17f2af6550711e61837fa9a089,7990d979ebeafd48b292029d28a5ce32d69c5c17f2af6550711e61837fa9a089,RAAZ-26-1020,TRON,75935100,2026-09-07T20:35:00+05:30,TS7eRRxJXy9xpB7XqmKw7DjQJeHzobGNw2,TBBzYbZPCxDqvAmFZNnvDJKE5hu95VPrmd,0.01,USDT,1,dust,0,False
72f6df3d5d3b983f1c31d5c8212008e7ab6d7c4c8eb191d960f104d513cd3610,72f6df3d5d3b983f1c31d5c8212008e7ab6d7c4c8eb191d960f104d513cd3610,RAAZ-26-1020,TRON,75997500,2026-09-10T00:35:00+05:30,TS7eRRxJXy9xpB7XqmKw7DjQJeHzobGNw2,TBBzYbZPCxDqvAmFZNnvDJKE5hu95VPrmd,0.01,USDT,1,dust,0,False
4a2d92354cf7bb670ab9e82cb4bf679067f8ffb33d5ea51350c7efcc20261574,4a2d92354cf7bb670ab9e82cb4bf679067f8ffb33d5ea51350c7efcc20261574,RAAZ-26-1020,TRON,76013100,2026-09-10T13:35:00+05:30,TS7eRRxJXy9xpB7XqmKw7DjQJeHzobGNw2,TBBzYbZPCxDqvAmFZNnvDJKE5hu95VPrmd,0.01,USDT,1,dust,0,False
d9dd74292a0e441e25f192f27dbb34923edce34ad8371e4ad7622fc3d2b7dddc,d9dd74292a0e441e25f192f27dbb34923edce34ad8371e4ad7622fc3d2b7dddc,RAAZ-26-1020,TRON,76045500,2026-09-11T16:35:00+05:30,TS7eRRxJXy9xpB7XqmKw7DjQJeHzobGNw2,TBBzYbZPCxDqvAmFZNnvDJKE5hu95VPrmd,0.01,USDT,1,dust,0,False
a58756746d54326f46c25641f85bb080c6d899767cd08b44cea7610cae5478db,a58756746d54326f46c25641f85bb080c6d899767cd08b44cea7610cae5478db,RAAZ-26-1020,TRON,76075500,2026-09-12T17:35:00+05:30,Txrj4ESbdYrP3QdHjRNiV4UMLeuwETG3XA,TBBzYbZPCxDqvAmFZNnvDJKE5hu95VPrmd,203.71,USDT,18008,victim_payment,0,False
ccd29ea8b81254065e8b0ed0f4371c64ad39faffd4bf33219431ccd9926814b5,ccd29ea8b81254065e8b0ed0f4371c64ad39faffd4bf33219431ccd9926814b5,RAAZ-26-1020,TRON,76094700,2026-09-13T09:35:00+05:30,Txrj4ESbdYrP3QdHjRNiV4UMLeuwETG3XA,TBBzYbZPCxDqvAmFZNnvDJKE5hu95VPrmd,505.91,USDT,44722,victim_payment,0,False
27e2bff6af040e64b3847261ff386a5a6b5ae0843c2e2fb8e22d143c7352cc0b,27e2bff6af040e64b3847261ff386a5a6b5ae0843c2e2fb8e22d143c7352cc0b,RAAZ-26-1020,TRON,76112700,2026-09-14T00:35:00+05:30,Txrj4ESbdYrP3QdHjRNiV4UMLeuwETG3XA,TBBzYbZPCxDqvAmFZNnvDJKE5hu95VPrmd,956.96,USDT,84595,victim_payment,0,False
79f8a906deedfb5778dec9d6198c549cb1caddb027c5673220c64839ca0f5c89,79f8a906deedfb5778dec9d6198c549cb1caddb027c5673220c64839ca0f5c89,RAAZ-26-1020,TRON,76139100,2026-09-14T22:35:00+05:30,Txrj4ESbdYrP3QdHjRNiV4UMLeuwETG3XA,TBBzYbZPCxDqvAmFZNnvDJKE5hu95VPrmd,1000.21,USDT,88419,victim_payment,0,False
99cd58a6e8d1cca077580ca3b1a2ba86c5b9916adb4b62569cae47888111292c,99cd58a6e8d1cca077580ca3b1a2ba86c5b9916adb4b62569cae47888111292c,RAAZ-26-1020,TRON,76243500,2026-09-18T13:35:00+05:30,Txrj4ESbdYrP3QdHjRNiV4UMLeuwETG3XA,TBBzYbZPCxDqvAmFZNnvDJKE5hu95VPrmd,1276.43,USDT,112836,victim_payment,0,False
9af202b5f067c2ae69e308c7e9e79947019ab9b0cc729767e7c19c62fcd2ff83,9af202b5f067c2ae69e308c7e9e79947019ab9b0cc729767e7c19c62fcd2ff83,RAAZ-26-1020,TRON,76310700,2026-09-20T21:35:00+05:30,Txrj4ESbdYrP3QdHjRNiV4UMLeuwETG3XA,TBBzYbZPCxDqvAmFZNnvDJKE5hu95VPrmd,1464.02,USDT,129419,victim_payment,0,False
f7c4bcc714e2288f5ec4a6a35780c4776213716ce9e804de5a0018f616995614,f7c4bcc714e2288f5ec4a6a35780c4776213716ce9e804de5a0018f616995614,RAAZ-26-1020,TRON,76314080,2026-09-21T00:24:00+05:30,TBBzYbZPCxDqvAmFZNnvDJKE5hu95VPrmd,TpeVPxQJKJBzzYFHm74QB3UwdS9H5Ad5YN,2651.83,USDT,234422,layering,1,False
70a14ed853ab51c512c36238649739ab7985ffd22b73638fecb74f7e9327fdd0,70a14ed853ab51c512c36238649739ab7985ffd22b73638fecb74f7e9327fdd0,RAAZ-26-1020,TRON,76314180,2026-09-21T00:29:00+05:30,TpeVPxQJKJBzzYFHm74QB3UwdS9H5Ad5YN,TBVBHaaiJTyoedt895CZn1wyrvV9JtaWSH,2651.83,USDT,234422,layering,2,False
9640dacd2786f80f178713f308991dcfcc966632d51477d1deb945dd351d6dad,9640dacd2786f80f178713f308991dcfcc966632d51477d1deb945dd351d6dad,RAAZ-26-1020,TRON,76314360,2026-09-21T00:38:00+05:30,TBBzYbZPCxDqvAmFZNnvDJKE5hu95VPrmd,T5kvF6yhG9iu4Uxi4VmDagwH3b5Baz6GL1,2663.93,USDT,235491,layering,1,False
62bb5348cee37d26c00692f1f34527da4305e67b2bd7ab4417be0d97ba543a4c,62bb5348cee37d26c00692f1f34527da4305e67b2bd7ab4417be0d97ba543a4c,RAAZ-26-1020,TRON,76314400,2026-09-21T00:40:00+05:30,TBVBHaaiJTyoedt895CZn1wyrvV9JtaWSH,ToiE68sDjLnmpr7Lr74UHY4DLJ4z7oxXS7,2651.83,USDT,234422,layering,3,False
e065cf91a517e30c5adb04084044cc517bf62061cacb46dcc9806d7305a1237b,e065cf91a517e30c5adb04084044cc517bf62061cacb46dcc9806d7305a1237b,RAAZ-26-1020,TRON,76314560,2026-09-21T00:48:00+05:30,T5kvF6yhG9iu4Uxi4VmDagwH3b5Baz6GL1,TTThbBt6CmQhXBXYdS7osrTWrYApAyL6ti,2663.93,USDT,235491,layering,2,False
d4016a603d65959ff7ea756d593998ab53756d827ac32d2f0a8f5b02bda3ff5a,d4016a603d65959ff7ea756d593998ab53756d827ac32d2f0a8f5b02bda3ff5a,RAAZ-26-1020,TRON,76314940,2026-09-21T01:07:00+05:30,ToiE68sDjLnmpr7Lr74UHY4DLJ4z7oxXS7,TLqjRP2FS59EZ3H8HqGpHkGLyQftXCzXEw,2651.83,USDT,234422,layering,4,False
a4ca8fd6c2a4e30b0a32955448c10becba7b4d2125c91daa44b2cc2cdbec6db2,a4ca8fd6c2a4e30b0a32955448c10becba7b4d2125c91daa44b2cc2cdbec6db2,RAAZ-26-1020,TRON,76315060,2026-09-21T01:13:00+05:30,TTThbBt6CmQhXBXYdS7osrTWrYApAyL6ti,TwdabuAxL2fYatitHBafuGTFE4D6VL4oAj,2663.93,USDT,235491,layering,3,False
0c826093d8fffc7d0840c66067aad962374009774c67e93501e436803674fb12,0c826093d8fffc7d0840c66067aad962374009774c67e93501e436803674fb12,RAAZ-26-1020,TRON,76315180,2026-09-21T01:19:00+05:30,TwdabuAxL2fYatitHBafuGTFE4D6VL4oAj,TG7BbxNcqx7kUTjVbUnnSi5v8bDL88JWfP,2663.93,USDT,235491,layering,4,False
4d56bf7342b5748ce708dcc5b80eba199a9e8fb6171329baf96b492a203a6368,4d56bf7342b5748ce708dcc5b80eba199a9e8fb6171329baf96b492a203a6368,RAAZ-26-1020,TRON,76315320,2026-09-21T01:26:00+05:30,TLqjRP2FS59EZ3H8HqGpHkGLyQftXCzXEw,TWssiBJJe9RD1QkDSRmp6UH76b7krJJMgY,2651.83,USDT,234422,consolidation,5,False
41fb8e1a2956b9e41469e2e0438dde12b646c1627b4f849302a5477b6890593b,41fb8e1a2956b9e41469e2e0438dde12b646c1627b4f849302a5477b6890593b,RAAZ-26-1020,TRON,76315340,2026-09-21T01:27:00+05:30,TG7BbxNcqx7kUTjVbUnnSi5v8bDL88JWfP,TWssiBJJe9RD1QkDSRmp6UH76b7krJJMgY,2663.93,USDT,235491,consolidation,5,False
f25fff83fa8cf7dc10f6c369752b452078ffbe88ef51cd1c1bfd84d88e7b0e63,f25fff83fa8cf7dc10f6c369752b452078ffbe88ef51cd1c1bfd84d88e7b0e63,RAAZ-26-1020,TRON,76315600,2026-09-21T01:40:00+05:30,TWssiBJJe9RD1QkDSRmp6UH76b7krJJMgY,TsgZSZoPpLiveTtRAj6gMNPn4X9QMzDPKi,2077.3,USDT,183633,exchange_deposit,6,False
81161078dde94d6aedb3c80e5dcb6ceed0df112739112359d880c0a057837274,81161078dde94d6aedb3c80e5dcb6ceed0df112739112359d880c0a057837274,RAAZ-26-1020,TRON,76316160,2026-09-21T02:08:00+05:30,TWssiBJJe9RD1QkDSRmp6UH76b7krJJMgY,TToFdRELSt6EAnCGheK97uVydfe2S5T99X,3020.49,USDT,267011,exchange_deposit,6,False
0ab8bd70e50f9622c52418f4545464b966e492bf83867d0022757695cd2f888e,0ab8bd70e50f9622c52418f4545464b966e492bf83867d0022757695cd2f888e,RAAZ-26-1020,TRON,76316260,2026-09-21T02:13:00+05:30,TToFdRELSt6EAnCGheK97uVydfe2S5T99X,TJnZYCe4Ga1kWs143YNoXfMspdxufwQZfs,3020.49,USDT,267011,exchange_sweep,7,False
fcb16bc01f308487185d52478a2e76a4cb6a7fa35a08b7c81c9072450552d2c5,fcb16bc01f308487185d52478a2e76a4cb6a7fa35a08b7c81c9072450552d2c5,RAAZ-26-1020,TRON,76316620,2026-09-21T02:31:00+05:30,TsgZSZoPpLiveTtRAj6gMNPn4X9QMzDPKi,TGiV3ong85344rhbLEkQU4MUtfQCiNEPXo,2077.3,USDT,183633,exchange_sweep,7,False
0x730ede36d0fe466382caf2dc7804ef16bd78d1470add10a4f372c0f1a6302c4c,0x730ede36d0fe466382caf2dc7804ef16bd78d1470add10a4f372c0f1a6302c4c,RAAZ-26-1021,BSC,61534960,2026-09-03T01:28:00+05:30,0x6fb4aeb677b312cbbdf2a80cdfee2f1f20201899,0x29b35d781cf01f22c454eb0798b3a555c21145d5,0.01,USDT,1,dust,0,False
0x9678e3e3a9b4b9fe79021613e83535878e366398b68646e3aedae8721a576ca1,0x9678e3e3a9b4b9fe79021613e83535878e366398b68646e3aedae8721a576ca1,RAAZ-26-1021,BSC,61569760,2026-09-04T06:28:00+05:30,0x6fb4aeb677b312cbbdf2a80cdfee2f1f20201899,0x29b35d781cf01f22c454eb0798b3a555c21145d5,0.01,USDT,1,dust,0,False
0x5dccd379af904b95ed685fe6b329b26c00fb20dbc4768235709cc076d463775a,0x5dccd379af904b95ed685fe6b329b26c00fb20dbc4768235709cc076d463775a,RAAZ-26-1021,BSC,61670560,2026-09-07T18:28:00+05:30,0x32e7c1ce24fe8d78472b45e32932acfb070275a6,0x29b35d781cf01f22c454eb0798b3a555c21145d5,1704.49,USDT,150677,inbound,0,False
0xa7af055403aec44b3fffc23ea485dd653dd3c47ca20f10d8505821ff8ed322e2,0xa7af055403aec44b3fffc23ea485dd653dd3c47ca20f10d8505821ff8ed322e2,RAAZ-26-1021,BSC,61713760,2026-09-09T06:28:00+05:30,0x6fb4aeb677b312cbbdf2a80cdfee2f1f20201899,0x29b35d781cf01f22c454eb0798b3a555c21145d5,0.01,USDT,1,dust,0,False
0x19550318301eb2f310f1db404fac438bf8a0d906217a9d72fc574b6af6128d7a,0x19550318301eb2f310f1db404fac438bf8a0d906217a9d72fc574b6af6128d7a,RAAZ-26-1021,BSC,61719760,2026-09-09T11:28:00+05:30,0x5e5e2523da7bf4f8fdecf1274534e99010c6eda6,0x29b35d781cf01f22c454eb0798b3a555c21145d5,702.55,USDT,62105,inbound,0,False
0x2cf1001d9720c4236079256fd1a2b1983826e7c211d324380075373f69ee4a24,0x2cf1001d9720c4236079256fd1a2b1983826e7c211d324380075373f69ee4a24,RAAZ-26-1021,BSC,61732960,2026-09-09T22:28:00+05:30,0x247a8449ddac8a49dcf6683f5cfa148d548dd9a2,0x29b35d781cf01f22c454eb0798b3a555c21145d5,542.87,USDT,47990,victim_payment,0,False
0x8e90d704864bf833065c4b636663a4b65e29926761037bb52ff5cde4651864e4,0x8e90d704864bf833065c4b636663a4b65e29926761037bb52ff5cde4651864e4,RAAZ-26-1021,BSC,61748560,2026-09-10T11:28:00+05:30,0x9d94f9bf40be247c1b6fc2fb08671763b9bec406,0x29b35d781cf01f22c454eb0798b3a555c21145d5,1896.87,USDT,167683,inbound,0,False
0xda53425b20549a128d54ffb4124891285de5b6dde4f9f8fb12efb0d96b4e5d12,0xda53425b20549a128d54ffb4124891285de5b6dde4f9f8fb12efb0d96b4e5d12,RAAZ-26-1021,BSC,61788160,2026-09-11T20:28:00+05:30,0x247a8449ddac8a49dcf6683f5cfa148d548dd9a2,0x29b35d781cf01f22c454eb0798b3a555c21145d5,1203.65,USDT,106403,victim_payment,0,False
0x496a9757c2fb460fb3991382a8bb59eaea89f37b895147a530060f3ad81c6146,0x496a9757c2fb460fb3991382a8bb59eaea89f37b895147a530060f3ad81c6146,RAAZ-26-1021,BSC,61809760,2026-09-12T14:28:00+05:30,0x247a8449ddac8a49dcf6683f5cfa148d548dd9a2,0x29b35d781cf01f22c454eb0798b3a555c21145d5,1452.98,USDT,128443,victim_payment,0,False
0x530f180395cda17bb7a83325112d578dd80475993afaaf4e5165e4b8de51e7bf,0x530f180395cda17bb7a83325112d578dd80475993afaaf4e5165e4b8de51e7bf,RAAZ-26-1021,BSC,61821760,2026-09-13T00:28:00+05:30,0xa3c59c4dcd2b2a684d89a26a3e698b35c5ec33d8,0x29b35d781cf01f22c454eb0798b3a555c21145d5,4067.33,USDT,359552,inbound,0,False
0xa4cedd1a1ea3b542ff84534a1ee40754ad493a22d0647310038280d262305347,0xa4cedd1a1ea3b542ff84534a1ee40754ad493a22d0647310038280d262305347,RAAZ-26-1021,BSC,61914160,2026-09-16T05:28:00+05:30,0x247a8449ddac8a49dcf6683f5cfa148d548dd9a2,0x29b35d781cf01f22c454eb0798b3a555c21145d5,1661.36,USDT,146864,victim_payment,0,False
0xab4b15a82c5ba7cc0355986ed436c4f089895d65e0f92fc7bd41a014162c0b9f,0xab4b15a82c5ba7cc0355986ed436c4f089895d65e0f92fc7bd41a014162c0b9f,RAAZ-26-1021,BSC,61916160,2026-09-16T07:08:00+05:30,0x29b35d781cf01f22c454eb0798b3a555c21145d5,0xd0f5876fde06d49ad7b2bd9a19641955ce95bc2e,4647.7,USDT,410857,layering,1,False
0x3450fb056308e5c19f042b95a24de11d4d4e7ca4ae4690c2ad606e11be8fe7c1,0x3450fb056308e5c19f042b95a24de11d4d4e7ca4ae4690c2ad606e11be8fe7c1,RAAZ-26-1021,BSC,61916300,2026-09-16T07:15:00+05:30,0xd0f5876fde06d49ad7b2bd9a19641955ce95bc2e,0xc32844bbe21bd74cd2a1a3ae1616ab135f6e6c3e,4647.7,USDT,410857,layering,2,False
0xa8e92db364322a1f9790b97877b1a6b74e0acb5b4f57a78388ecd0bae140cbff,0xa8e92db364322a1f9790b97877b1a6b74e0acb5b4f57a78388ecd0bae140cbff,RAAZ-26-1021,BSC,61916520,2026-09-16T07:26:00+05:30,0x29b35d781cf01f22c454eb0798b3a555c21145d5,0x275192cc35c79866d578c50c91c49287c1e7f77b,2316.12,USDT,204745,layering,1,False
0xed7d5706d7a0acf937959748bbfc3f70455e87f41c54041e86f59dd0ac034dbd,0xed7d5706d7a0acf937959748bbfc3f70455e87f41c54041e86f59dd0ac034dbd,RAAZ-26-1021,BSC,61916580,2026-09-16T07:29:00+05:30,0x275192cc35c79866d578c50c91c49287c1e7f77b,0x569858c29b75324e259c42ebb9a81e1ee87c9f7a,2316.12,USDT,204745,layering,2,False
0x0ccef204dd651ebf245796cc7080bd3769ca22a938dafec666777f4d5ffd33ef,0x0ccef204dd651ebf245796cc7080bd3769ca22a938dafec666777f4d5ffd33ef,RAAZ-26-1021,BSC,61916600,2026-09-16T07:30:00+05:30,0xc32844bbe21bd74cd2a1a3ae1616ab135f6e6c3e,0xd66d928c249988b7900712d41959cfaa3e90293e,4647.7,USDT,410857,layering,3,False
0xbcb24b60591bc0692060132822795cb7a8407d593d1969f6a6ae9a50e66cdd90,0xbcb24b60591bc0692060132822795cb7a8407d593d1969f6a6ae9a50e66cdd90,RAAZ-26-1021,BSC,61916720,2026-09-16T07:36:00+05:30,0xd66d928c249988b7900712d41959cfaa3e90293e,0x54aa97cb96fb8a1b0e0ee6466874366a981fe81a,4647.7,USDT,410857,exchange_deposit,4,False
0xf0adfb4caa2c72c2317081c40533d23ee79d2d9c8f0c04bae957a9cb9946f750,0xf0adfb4caa2c72c2317081c40533d23ee79d2d9c8f0c04bae957a9cb9946f750,RAAZ-26-1021,BSC,61916860,2026-09-16T07:43:00+05:30,0x29b35d781cf01f22c454eb0798b3a555c21145d5,0x0072138671b730b6889cbab727282c629705d2f9,5909.64,USDT,522412,layering,1,False
0x3ae4959739ed9e2f823b9639c80f08b145a5f7af938af69aa67b8568088776a8,0x3ae4959739ed9e2f823b9639c80f08b145a5f7af938af69aa67b8568088776a8,RAAZ-26-1021,BSC,61916880,2026-09-16T07:44:00+05:30,0x569858c29b75324e259c42ebb9a81e1ee87c9f7a,0x6370263042f5c210950aae969462a3a255fdadd7,2316.12,USDT,204745,layering,3,False
0xc30914303cb2e39eb01296cfa5a58ae082148282669aa7daf2b1b8759b7a539f,0xc30914303cb2e39eb01296cfa5a58ae082148282669aa7daf2b1b8759b7a539f,RAAZ-26-1021,BSC,61916900,2026-09-16T07:45:00+05:30,0x0072138671b730b6889cbab727282c629705d2f9,0x95766df103fe37ddbcdcb38830b61001019409d3,5909.64,USDT,522412,layering,2,False
0xcfd1df402d0c5e723824a5d05af9ee70d5cb8801e9cf2dc5960f14a798564d19,0xcfd1df402d0c5e723824a5d05af9ee70d5cb8801e9cf2dc5960f14a798564d19,RAAZ-26-1021,BSC,61917040,2026-09-16T07:52:00+05:30,0x95766df103fe37ddbcdcb38830b61001019409d3,0xa0637e7e0514a7e5f8c1493b1d81373461712950,5909.64,USDT,522412,layering,3,False
0x0d38daa04516ec5fc6b5b7b809d121509b214b1578338dc1018717f66ee9d7cd,0x0d38daa04516ec5fc6b5b7b809d121509b214b1578338dc1018717f66ee9d7cd,RAAZ-26-1021,BSC,61917120,2026-09-16T07:56:00+05:30,0xa0637e7e0514a7e5f8c1493b1d81373461712950,0x09961a59a237d5a0d7005c0338e64e3782abb6c2,5909.64,USDT,522412,layering,4,False
0xef7bca6846c456af4e6a321ed6c426b608a0cec91c34a8831483bcfa00632aea,0xef7bca6846c456af4e6a321ed6c426b608a0cec91c34a8831483bcfa00632aea,RAAZ-26-1021,BSC,61917300,2026-09-16T08:05:00+05:30,0x09961a59a237d5a0d7005c0338e64e3782abb6c2,0x23febfbd2eaf611f60831bad5a921c7bafdc85d0,5909.64,USDT,522412,exchange_deposit,5,False
0xa603f5af84038033add95686d2af8080fe9fa45758528de9e7c1c14a2231f9ca,0xa603f5af84038033add95686d2af8080fe9fa45758528de9e7c1c14a2231f9ca,RAAZ-26-1021,BSC,61917420,2026-09-16T08:11:00+05:30,0x6370263042f5c210950aae969462a3a255fdadd7,0x54aa97cb96fb8a1b0e0ee6466874366a981fe81a,2316.12,USDT,204745,exchange_deposit,4,False
0x7dca29b7fe8295cd3aa1a2c6eb619b697b140807ce7426c6a8e0485b5332a44b,0x7dca29b7fe8295cd3aa1a2c6eb619b697b140807ce7426c6a8e0485b5332a44b,RAAZ-26-1021,BSC,61917820,2026-09-16T08:31:00+05:30,0x54aa97cb96fb8a1b0e0ee6466874366a981fe81a,0xd14114c3ffd789ff2d8647a0ccac90b3a6a99776,6963.82,USDT,615602,exchange_sweep,5,False
0xfbc58198ef2344adc01ebf10b0769972b9264bd1f581bea9413ab94aa5bd1efb,0xfbc58198ef2344adc01ebf10b0769972b9264bd1f581bea9413ab94aa5bd1efb,RAAZ-26-1021,BSC,61918200,2026-09-16T08:50:00+05:30,0x23febfbd2eaf611f60831bad5a921c7bafdc85d0,0xa5680303a3b9142ecd3fe9f86cc40857453e1591,5909.64,USDT,522412,exchange_sweep,6,False
0xa56c0e5278752042580f453c50140cc506148b4688ecba58d0fff05f67d02285,0xa56c0e5278752042580f453c50140cc506148b4688ecba58d0fff05f67d02285,RAAZ-26-1022,BSC,61621480,2026-09-06T01:34:00+05:30,0x61dee09c05f8423d9250960b9e50f6a32bd1dd81,0x92679b5aca4188f873b7e0029226a6b40cb15669,1.6342,BNB,100503,inbound,0,False
0x29790535204e3d6fc46dc724e5444e2d8d3d2755f4b4150512172441627e60fd,0x29790535204e3d6fc46dc724e5444e2d8d3d2755f4b4150512172441627e60fd,RAAZ-26-1022,BSC,61622680,2026-09-06T02:34:00+05:30,0x6a9349885b1c0d0fc379b75d7ca40a18ee958c56,0x92679b5aca4188f873b7e0029226a6b40cb15669,3.264,BNB,200736,inbound,0,False
0x91dacfb22c8985f36ea16bd724c842eeb92ff7e36c87fe0bb35f8a82e9d92360,0x91dacfb22c8985f36ea16bd724c842eeb92ff7e36c87fe0bb35f8a82e9d92360,RAAZ-26-1022,BSC,61665880,2026-09-07T14:34:00+05:30,0xd2f7f5de735ae87d376d6559fa635bb079065eb2,0x92679b5aca4188f873b7e0029226a6b40cb15669,1.6171,BNB,99452,inbound,0,False
0x62de5930a0c9caab65b318147084ded2590b817a156617f65c2568018036e83c,0x62de5930a0c9caab65b318147084ded2590b817a156617f65c2568018036e83c,RAAZ-26-1022,BSC,61686280,2026-09-08T07:34:00+05:30,0xf34a5022d8bf1f80edd6d17e4737f1700b6eff01,0x92679b5aca4188f873b7e0029226a6b40cb15669,0.779,BNB,47908,victim_payment,0,False
0xb634e20d2d3e1b8d86fdb14a613f222328373e9cc3ccf1f5c6bc6e0d05af89e1,0xb634e20d2d3e1b8d86fdb14a613f222328373e9cc3ccf1f5c6bc6e0d05af89e1,RAAZ-26-1022,BSC,61688680,2026-09-08T09:34:00+05:30,0x1770325dcd5d934847b27e54618a72172691c20c,0x92679b5aca4188f873b7e0029226a6b40cb15669,3.6193,BNB,222587,inbound,0,False
0x29fb197e98b2d47c84ad0b1ff153df3614b3bb6676e2125e619151ec714c40ef,0x29fb197e98b2d47c84ad0b1ff153df3614b3bb6676e2125e619151ec714c40ef,RAAZ-26-1022,BSC,61719880,2026-09-09T11:34:00+05:30,0xf34a5022d8bf1f80edd6d17e4737f1700b6eff01,0x92679b5aca4188f873b7e0029226a6b40cb15669,1.2466,BNB,76666,victim_payment,0,False
0xb71e85d294d64aef2ba60b2f0c60cfa5af0cf86be0eb17c913e29aece9c13382,0xb71e85d294d64aef2ba60b2f0c60cfa5af0cf86be0eb17c913e29aece9c13382,RAAZ-26-1022,BSC,61827880,2026-09-13T05:34:00+05:30,0xf34a5022d8bf1f80edd6d17e4737f1700b6eff01,0x92679b5aca4188f873b7e0029226a6b40cb15669,1.2947,BNB,79624,victim_payment,0,False
0xd252ed78383fa0d1426d86b13410fe008d63f3e8e2c9f3975836b01988bd1da0,0xd252ed78383fa0d1426d86b13410fe008d63f3e8e2c9f3975836b01988bd1da0,RAAZ-26-1022,BSC,61835380,2026-09-13T11:49:00+05:30,0x92679b5aca4188f873b7e0029226a6b40cb15669,0x14d171163ada542e051d1286039eadaf1140b8fd,4.6033,BNB,283103,layering,1,False
0xf3a57347aaf2342ab1429e591796fa8ad51a2abc4d42f8fa092714a5e845d5a6,0xf3a57347aaf2342ab1429e591796fa8ad51a2abc4d42f8fa092714a5e845d5a6,RAAZ-26-1022,BSC,61835420,2026-09-13T11:51:00+05:30,0x92679b5aca4188f873b7e0029226a6b40cb15669,0x03cad605f1f044a2d01acc9c66d19b8416e64a01,2.7999,BNB,172194,layering,1,False
0x0d0794dc0d6661587eb1f82ca84ca75b50eb2da233d31b9c36a6e49beac3dcc0,0x0d0794dc0d6661587eb1f82ca84ca75b50eb2da233d31b9c36a6e49beac3dcc0,RAAZ-26-1022,BSC,61835580,2026-09-13T11:59:00+05:30,0x14d171163ada542e051d1286039eadaf1140b8fd,0x22f3ee999bc16a632b5a888d818c16ee75c249bd,0.3597,BNB,22122,peel,2,False
0x739af22fe0cebdde4b621a4ddbb51d7e67972017083c7d97dd0a12d52ba5974c,0x739af22fe0cebdde4b621a4ddbb51d7e67972017083c7d97dd0a12d52ba5974c,RAAZ-26-1022,BSC,61835580,2026-09-13T11:59:00+05:30,0x14d171163ada542e051d1286039eadaf1140b8fd,0xd309e0a093a412a0d445e822e051fe42160a818b,4.2436,BNB,260981,layering,2,False
0x51d31443930948022cf851b88cad0969f8244fcb695a922387f083b6b1f84706,0x51d31443930948022cf851b88cad0969f8244fcb695a922387f083b6b1f84706,RAAZ-26-1022,BSC,61835620,2026-09-13T12:01:00+05:30,0x92679b5aca4188f873b7e0029226a6b40cb15669,0x8e680b05f1de803d54ca1f736a6cf4774b7b8dce,5.7651,BNB,354554,layering,1,False
0x807e51be8fc1f826567e5818b479a56868fce49aaf96c4af9a50cae2cc579561,0x807e51be8fc1f826567e5818b479a56868fce49aaf96c4af9a50cae2cc579561,RAAZ-26-1022,BSC,61835660,2026-09-13T12:03:00+05:30,0x8e680b05f1de803d54ca1f736a6cf4774b7b8dce,0xaa61c81492aeb4a4ab9e9b46d80e14b35d720b48,5.7651,BNB,354554,layering,2,False
0x8ce00e1861c9bab6922a797e39b01e921eb909a527976d9db7d7b583253f529d,0x8ce00e1861c9bab6922a797e39b01e921eb909a527976d9db7d7b583253f529d,RAAZ-26-1022,BSC,61835740,2026-09-13T12:07:00+05:30,0x03cad605f1f044a2d01acc9c66d19b8416e64a01,0xab011ddc2a06b5e72153a104aec14446a9cf2082,2.7999,BNB,172194,layering,2,False
0x38c3440dadd49af2ece59ca62422cf38ce683998b85fc17f5a45d9f36e3097f7,0x38c3440dadd49af2ece59ca62422cf38ce683998b85fc17f5a45d9f36e3097f7,RAAZ-26-1022,BSC,61836060,2026-09-13T12:23:00+05:30,0xd309e0a093a412a0d445e822e051fe42160a818b,0x9a8b1a9122f8ebacbbf449d7531985f84f5e625b,0.5261,BNB,32355,peel,3,False
0xb8fe6f862e19c979f691eb8a5542bcb9564b26cda408bf8c4ad936add3d75151,0xb8fe6f862e19c979f691eb8a5542bcb9564b26cda408bf8c4ad936add3d75151,RAAZ-26-1022,BSC,61836060,2026-09-13T12:23:00+05:30,0xd309e0a093a412a0d445e822e051fe42160a818b,0x02fea6c49ff0e2c214ef4ef990971301e6bda812,3.7175,BNB,228626,layering,3,False
0xb87bf471ea2140c23a4657db56e6c9f52eb938f65a53534fc19abed11fd3a4d6,0xb87bf471ea2140c23a4657db56e6c9f52eb938f65a53534fc19abed11fd3a4d6,RAAZ-26-1022,BSC,61836140,2026-09-13T12:27:00+05:30,0x9a8b1a9122f8ebacbbf449d7531985f84f5e625b,0x7d97e08c1b728e877573edec907db4a7969187e9,0.5261,BNB,32355,consolidation,3,False
0xb80194c024d4e45b64c1574594c863bff4b6c7f3278efc58843f40599d0137de,0xb80194c024d4e45b64c1574594c863bff4b6c7f3278efc58843f40599d0137de,RAAZ-26-1022,BSC,61836160,2026-09-13T12:28:00+05:30,0xaa61c81492aeb4a4ab9e9b46d80e14b35d720b48,0xdb82c125147ab9141eef707bfe601e1a5e5cdc9b,5.7651,BNB,354554,layering,3,False
0x61dce7637ab5565e352ae31311dd313f851ad059f094f74158884907ef980e53,0x61dce7637ab5565e352ae31311dd313f851ad059f094f74158884907ef980e53,RAAZ-26-1022,BSC,61836260,2026-09-13T12:33:00+05:30,0xab011ddc2a06b5e72153a104aec14446a9cf2082,0x7d97e08c1b728e877573edec907db4a7969187e9,2.7999,BNB,172194,consolidation,3,False
0xcfc419ac9a47217f3cfd53ad48466a7136895e3ec049f4bf610715f5b10bde9e,0xcfc419ac9a47217f3cfd53ad48466a7136895e3ec049f4bf610715f5b10bde9e,RAAZ-26-1022,BSC,61836280,2026-09-13T12:34:00+05:30,0x02fea6c49ff0e2c214ef4ef990971301e6bda812,0x1b3c6e6d8aaaee489b571586ec8608f65d355767,0.1983,BNB,12195,peel,4,False
0x977e53d6262c40cc7b2a49c6014f42b024ac4d2cd711ddde760d91b4ebdd2bf8,0x977e53d6262c40cc7b2a49c6014f42b024ac4d2cd711ddde760d91b4ebdd2bf8,RAAZ-26-1022,BSC,61836280,2026-09-13T12:34:00+05:30,0x02fea6c49ff0e2c214ef4ef990971301e6bda812,0xa974e259dfc112e2a57a0f02f3ad914599efded1,3.5193,BNB,216437,layering,4,False
0x6454f93465fe5ce562589cb88c2c521aae251f19c62eef21adef52aae4e601e3,0x6454f93465fe5ce562589cb88c2c521aae251f19c62eef21adef52aae4e601e3,RAAZ-26-1022,BSC,61836600,2026-09-13T12:50:00+05:30,0xa974e259dfc112e2a57a0f02f3ad914599efded1,0xb91e55d0a084cbc9178739c3139c33af5c12f865,0.4838,BNB,29754,peel,5,False
0x7d4bffca59001ad8fdfc9a70f40651ec440be69ae1e1adadc443f80d3088633e,0x7d4bffca59001ad8fdfc9a70f40651ec440be69ae1e1adadc443f80d3088633e,RAAZ-26-1022,BSC,61836600,2026-09-13T12:50:00+05:30,0xa974e259dfc112e2a57a0f02f3ad914599efded1,0x7c4304bc1a1eaef303939ac6a6045e4cd2cd2ea2,3.0354,BNB,186677,layering,5,False
0x5eac7a66fb39376fa3263e516c646f644b861e2bd71fef60ee15044d48218b80,0x5eac7a66fb39376fa3263e516c646f644b861e2bd71fef60ee15044d48218b80,RAAZ-26-1022,BSC,61836720,2026-09-13T12:56:00+05:30,0xdb82c125147ab9141eef707bfe601e1a5e5cdc9b,0x73d6338a8cf01613b733b0686063a287b5128db7,5.7651,BNB,354554,layering,4,False
0x4d3d191d18b187cd82cfe47f99103988c0bdbb679bc1e09ba852c60a793d8f00,0x4d3d191d18b187cd82cfe47f99103988c0bdbb679bc1e09ba852c60a793d8f00,RAAZ-26-1022,BSC,61836840,2026-09-13T13:02:00+05:30,0x7c4304bc1a1eaef303939ac6a6045e4cd2cd2ea2,0x7d97e08c1b728e877573edec907db4a7969187e9,3.0354,BNB,186677,consolidation,3,False
0x697e523aebf11d32cf96239d53a35f1f1c33c1a6f18264f290658d9bc517f555,0x697e523aebf11d32cf96239d53a35f1f1c33c1a6f18264f290658d9bc517f555,RAAZ-26-1022,BSC,61836920,2026-09-13T13:06:00+05:30,0xb91e55d0a084cbc9178739c3139c33af5c12f865,0x7d97e08c1b728e877573edec907db4a7969187e9,0.4838,BNB,29754,consolidation,3,False
0xe308f444fe7e43eed91adccfebcf855df4a6cd9c5d9044a2eb1385de406b16c8,0xe308f444fe7e43eed91adccfebcf855df4a6cd9c5d9044a2eb1385de406b16c8,RAAZ-26-1022,BSC,61837140,2026-09-13T13:17:00+05:30,0x73d6338a8cf01613b733b0686063a287b5128db7,0x7d97e08c1b728e877573edec907db4a7969187e9,5.7651,BNB,354554,consolidation,3,False
0x6893f3114d5390a5357df3ad2d48173ce7cb6549e548fdd3e421afc0bbc95f18,0x6893f3114d5390a5357df3ad2d48173ce7cb6549e548fdd3e421afc0bbc95f18,RAAZ-26-1022,BSC,61837700,2026-09-13T13:45:00+05:30,0x7d97e08c1b728e877573edec907db4a7969187e9,0x45b4e6ac94b85e4084428b0f57d2e2057b908945,7.7783,BNB,478365,exchange_deposit,4,False
0x44e2f1306be991d30dff650f870170d8c84d8ac4519bc565050b5670de6a8f48,0x44e2f1306be991d30dff650f870170d8c84d8ac4519bc565050b5670de6a8f48,RAAZ-26-1022,BSC,61837940,2026-09-13T13:57:00+05:30,0x7d97e08c1b728e877573edec907db4a7969187e9,0x43e72815c06a39547075eb4d11a608af4d240102,4.5626,BNB,280600,exchange_deposit,4,False
0x9d859c33fcfde88a4a42bb0582d5b23ad4e5cd532f8888f83fa3f3e6376f763a,0x9d859c33fcfde88a4a42bb0582d5b23ad4e5cd532f8888f83fa3f3e6376f763a,RAAZ-26-1022,BSC,61839420,2026-09-13T15:11:00+05:30,0x45b4e6ac94b85e4084428b0f57d2e2057b908945,0xb13f7d46218c6c6f923107f3d33fd67a6909057d,7.7783,BNB,478365,exchange_sweep,5,False
0x4f10d8be47235bd57ef21b9b056a11d0bb48db224374d281f77138cd42bb4c64,0x4f10d8be47235bd57ef21b9b056a11d0bb48db224374d281f77138cd42bb4c64,RAAZ-26-1022,BSC,61839580,2026-09-13T15:19:00+05:30,0x43e72815c06a39547075eb4d11a608af4d240102,0xb9912ef7cb3e354553456ba1466690dff503bec0,4.5626,BNB,280600,exchange_sweep,5,False
b6d94f6d6f475a24540a670a8e11fdd13ae66ad867fdd09a63ec7e82e6e1349c,b6d94f6d6f475a24540a670a8e11fdd13ae66ad867fdd09a63ec7e82e6e1349c,RAAZ-26-1023,TRON,75592460,2026-08-26T23:03:00+05:30,TU3YgWRzz8KhyzovqZ8LX6jHkuKR3YDQLA,T8Esv5GgMDU191GctSM4JJubr4RzWQ2Lpj,1671.23,USDT,147737,inbound,0,False
900a30967376aceceb20c16accb327c30e1140a5f09ad84033ffb773d630c3d2,900a30967376aceceb20c16accb327c30e1140a5f09ad84033ffb773d630c3d2,RAAZ-26-1023,TRON,75634460,2026-08-28T10:03:00+05:30,TCBLrfJKrznmk88y52jk46ZTf3iGPqvTko,T8Esv5GgMDU191GctSM4JJubr4RzWQ2Lpj,190.31,USDT,16823,victim_payment,0,False
40aa2adf105bbead88460757a46bce553edda31ef30f3e09e8ce7ce83ef2dc6f,40aa2adf105bbead88460757a46bce553edda31ef30f3e09e8ce7ce83ef2dc6f,RAAZ-26-1023,TRON,75654860,2026-08-29T03:03:00+05:30,TK2YPD1LEAcyeN1eQ832VyVTqWxpK4NHty,T8Esv5GgMDU191GctSM4JJubr4RzWQ2Lpj,1833.17,USDT,162052,inbound,0,False
884f9f59a18a4a5518ba19db3fa68300c58570aad64e3bc59ebe9d0df511e40d,884f9f59a18a4a5518ba19db3fa68300c58570aad64e3bc59ebe9d0df511e40d,RAAZ-26-1023,TRON,75690860,2026-08-30T09:03:00+05:30,TCBLrfJKrznmk88y52jk46ZTf3iGPqvTko,T8Esv5GgMDU191GctSM4JJubr4RzWQ2Lpj,324.09,USDT,28650,victim_payment,0,False
aa0b4389ad49bef940b5d324916c3cbc6d64e4e347bcd34de92915372d0cad1b,aa0b4389ad49bef940b5d324916c3cbc6d64e4e347bcd34de92915372d0cad1b,RAAZ-26-1023,TRON,75752060,2026-09-01T12:03:00+05:30,TCBLrfJKrznmk88y52jk46ZTf3iGPqvTko,T8Esv5GgMDU191GctSM4JJubr4RzWQ2Lpj,324.51,USDT,28687,victim_payment,0,False
361922b49fab808e3379323b75564e69415952e1f7910bef1c577f29c5c52a70,361922b49fab808e3379323b75564e69415952e1f7910bef1c577f29c5c52a70,RAAZ-26-1023,TRON,75797660,2026-09-03T02:03:00+05:30,TCBLrfJKrznmk88y52jk46ZTf3iGPqvTko,T8Esv5GgMDU191GctSM4JJubr4RzWQ2Lpj,350.07,USDT,30946,victim_payment,0,False
a196410f46c8b3e9fb7fe2303d7cfd57674d58a122832144cf30e41b96ee2fe0,a196410f46c8b3e9fb7fe2303d7cfd57674d58a122832144cf30e41b96ee2fe0,RAAZ-26-1023,TRON,75890060,2026-09-06T07:03:00+05:30,TCBLrfJKrznmk88y52jk46ZTf3iGPqvTko,T8Esv5GgMDU191GctSM4JJubr4RzWQ2Lpj,562.15,USDT,49694,victim_payment,0,False
676eae5219212b043248f88418a983f8aa761f5098fcda6fc53431baa0470b69,676eae5219212b043248f88418a983f8aa761f5098fcda6fc53431baa0470b69,RAAZ-26-1023,TRON,75894180,2026-09-06T10:29:00+05:30,T8Esv5GgMDU191GctSM4JJubr4RzWQ2Lpj,TgsDFSj5yyCVTz4Gt31LpcHkXgfYcTWHEP,2006.26,USDT,177353,layering,1,False
5b3ef565ac6963dcffa4559f2aa3ea1dc932f400cc9dba1071e02ceab3a27b91,5b3ef565ac6963dcffa4559f2aa3ea1dc932f400cc9dba1071e02ceab3a27b91,RAAZ-26-1023,TRON,75894760,2026-09-06T10:58:00+05:30,T8Esv5GgMDU191GctSM4JJubr4RzWQ2Lpj,Tjy7mA8FB9mu8nRhoqSwQRmCaZ1jzeTJXW,3172.83,USDT,280478,layering,1,False
7138fd30c76952b9126fde7cad5b2f20a83887639a2ec4863814bcd49b1a36e2,7138fd30c76952b9126fde7cad5b2f20a83887639a2ec4863814bcd49b1a36e2,RAAZ-26-1023,TRON,75897780,2026-09-06T13:29:00+05:30,TgsDFSj5yyCVTz4Gt31LpcHkXgfYcTWHEP,To6mQqERJXbqN3JQpMzrnWr7DQ8pM9btNc,2006.26,USDT,177353,layering,2,False
294dd84d5ae1c2ec0f9c969b8889ba45782d0adb955e1a06ee6bd6f0471429d3,294dd84d5ae1c2ec0f9c969b8889ba45782d0adb955e1a06ee6bd6f0471429d3,RAAZ-26-1023,TRON,75909580,2026-09-06T23:19:00+05:30,Tjy7mA8FB9mu8nRhoqSwQRmCaZ1jzeTJXW,Tvr415s3zSNSZUu3Sw9ugQzeg96YzZKs6Q,3172.83,USDT,280478,layering,2,False
ad5a38ab18fae98569b80705fe38f8e80a18427f6bcce0f5ced6a2debe426fa5,ad5a38ab18fae98569b80705fe38f8e80a18427f6bcce0f5ced6a2debe426fa5,RAAZ-26-1023,TRON,75911400,2026-09-07T00:50:00+05:30,To6mQqERJXbqN3JQpMzrnWr7DQ8pM9btNc,TZ6P3stYKLZcdMy7hj1kExWC5KVtpzXaAX,2006.26,USDT,177353,layering,3,False
628b8db8e01ea1978d4243559274280e461c949fc9aacf1d6227f7762faf6de8,628b8db8e01ea1978d4243559274280e461c949fc9aacf1d6227f7762faf6de8,RAAZ-26-1023,TRON,75915160,2026-09-07T03:58:00+05:30,Tvr415s3zSNSZUu3Sw9ugQzeg96YzZKs6Q,T5Jp2QUuXdPtn9DXaiDyLvGhFTaRjcsiqE,3172.83,USDT,280478,layering,3,False
6e477e6019b4de8db00b59a8a8d4c71acbebd9bd4f6c9d592c4c4601e1f1f107,6e477e6019b4de8db00b59a8a8d4c71acbebd9bd4f6c9d592c4c4601e1f1f107,RAAZ-26-1023,TRON,75921160,2026-09-07T08:58:00+05:30,TZ6P3stYKLZcdMy7hj1kExWC5KVtpzXaAX,TaXJKCK9ovAdBPusifBMZffqGgWqouRt8m,2006.26,USDT,177353,consolidation,4,False
b0e034f7e6bd833a57d212d05c13f4cad5060db892cff360d255a233a1edb624,b0e034f7e6bd833a57d212d05c13f4cad5060db892cff360d255a233a1edb624,RAAZ-26-1023,TRON,75921780,2026-09-07T09:29:00+05:30,T5Jp2QUuXdPtn9DXaiDyLvGhFTaRjcsiqE,T2F6X8j3MEqk2q6ytJqEhsA8PMKAzttiTN,3172.83,USDT,280478,layering,4,False
3228a042e07a4730f031c704b3285dff8fc4c5ceb0f126fc9bd48e4793da8b6e,3228a042e07a4730f031c704b3285dff8fc4c5ceb0f126fc9bd48e4793da8b6e,RAAZ-26-1023,TRON,75935700,2026-09-07T21:05:00+05:30,T2F6X8j3MEqk2q6ytJqEhsA8PMKAzttiTN,TaXJKCK9ovAdBPusifBMZffqGgWqouRt8m,3172.83,USDT,280478,consolidation,4,False
6764b6fb3b4972b3edc6030a3f1f7e5065d7037625764fb98acc589dbb87f958,6764b6fb3b4972b3edc6030a3f1f7e5065d7037625764fb98acc589dbb87f958,RAAZ-26-1023,TRON,75945980,2026-09-08T05:39:00+05:30,TaXJKCK9ovAdBPusifBMZffqGgWqouRt8m,Tx3cN6KQbAb7eRWUZUMdsDxwcqdrp4ryHs,2883.81,USDT,254929,exchange_deposit,5,False
5fd55d1aca99bff625c3a5efadf9cde50f63e02fc407fdc79109433852aeac3d,5fd55d1aca99bff625c3a5efadf9cde50f63e02fc407fdc79109433852aeac3d,RAAZ-26-1023,TRON,75947440,2026-09-08T06:52:00+05:30,Tx3cN6KQbAb7eRWUZUMdsDxwcqdrp4ryHs,TGiV3ong85344rhbLEkQU4MUtfQCiNEPXo,2883.81,USDT,254929,exchange_sweep,6,False
a2a39683d9e5c6668f77877ed7d220c3f675e7d12918135f9e1b222f6b187e7f,a2a39683d9e5c6668f77877ed7d220c3f675e7d12918135f9e1b222f6b187e7f,RAAZ-26-1023,TRON,75956840,2026-09-08T14:42:00+05:30,TaXJKCK9ovAdBPusifBMZffqGgWqouRt8m,TiUfDMHCbqcCLpiwDPjXG7SiHJgtK9MBzt,2253.1,USDT,199174,exchange_deposit,5,False
42ee5b79063292483bed362086d6e54bea1eb2ba2ce01ce3c7e23d23d202dc61,42ee5b79063292483bed362086d6e54bea1eb2ba2ce01ce3c7e23d23d202dc61,RAAZ-26-1023,TRON,75957540,2026-09-08T15:17:00+05:30,TiUfDMHCbqcCLpiwDPjXG7SiHJgtK9MBzt,TkD1MyZ1Xu6osNY8CMWZivxC3az7sJt6BP,2253.1,USDT,199174,exchange_sweep,6,False
bff74ccef6e1d415891feb3fdd8c9520ac125063e5a5f4eaed7e349e036fd4d4,bff74ccef6e1d415891feb3fdd8c9520ac125063e5a5f4eaed7e349e036fd4d4,RAAZ-26-1024,TRON,75976960,2026-09-09T07:28:00+05:30,TTts5WpV3i3QvoeEud7SzVxbDRkzz3CW8V,TeHsfyBGerRCcTbeujaV9oTVkHYnqW6MwL,2310.26,USDT,204227,inbound,0,False
53e62b01bd6cd8f26b1af5c2ef84cdcc4a83c52911b33a9b22ceee297d02ad0e,53e62b01bd6cd8f26b1af5c2ef84cdcc4a83c52911b33a9b22ceee297d02ad0e,RAAZ-26-1024,TRON,76002160,2026-09-10T04:28:00+05:30,Tmava5qtRXSSAwX5bSxmEkaiCPjuEbQMX7,TeHsfyBGerRCcTbeujaV9oTVkHYnqW6MwL,281.93,USDT,24923,victim_payment,0,False
2d25ef65f2b0c609dc64e565d4f01fe45b4aa114b637c189de35e811243b3a86,2d25ef65f2b0c609dc64e565d4f01fe45b4aa114b637c189de35e811243b3a86,RAAZ-26-1024,TRON,76011760,2026-09-10T12:28:00+05:30,TUYq8SkcaCmfk3xyKU3cMi7gGfCHqFpsoz,TeHsfyBGerRCcTbeujaV9oTVkHYnqW6MwL,2139.18,USDT,189104,inbound,0,False
0e6b0b018fbf1516732c4c48fc2f6e64acacd121803cb3a5170e6675f77c2731,0e6b0b018fbf1516732c4c48fc2f6e64acacd121803cb3a5170e6675f77c2731,RAAZ-26-1024,TRON,76058560,2026-09-12T03:28:00+05:30,Tmava5qtRXSSAwX5bSxmEkaiCPjuEbQMX7,TeHsfyBGerRCcTbeujaV9oTVkHYnqW6MwL,1419.23,USDT,125460,victim_payment,0,False
516f2676bfe255822285d981747bbb42f390aa31f42bcd21263d404229160175,516f2676bfe255822285d981747bbb42f390aa31f42bcd21263d404229160175,RAAZ-26-1024,TRON,76106560,2026-09-13T19:28:00+05:30,TXqDYBECEsKDG9BPLmLesrS3MviDn161uV,TeHsfyBGerRCcTbeujaV9oTVkHYnqW6MwL,2740.99,USDT,242304,inbound,0,False
9d5de31dc918fba6dbb81551a9c2ffc487a79fec2531a64a601e816e9abe8a96,9d5de31dc918fba6dbb81551a9c2ffc487a79fec2531a64a601e816e9abe8a96,RAAZ-26-1024,TRON,76136560,2026-09-14T20:28:00+05:30,Tmava5qtRXSSAwX5bSxmEkaiCPjuEbQMX7,TeHsfyBGerRCcTbeujaV9oTVkHYnqW6MwL,1701.07,USDT,150375,victim_payment,0,False
accf9e873f04fc03584ec337fd6e03e21a95c1452a331d34f84cb03455540720,accf9e873f04fc03584ec337fd6e03e21a95c1452a331d34f84cb03455540720,RAAZ-26-1024,TRON,76162960,2026-09-15T18:28:00+05:30,Tmava5qtRXSSAwX5bSxmEkaiCPjuEbQMX7,TeHsfyBGerRCcTbeujaV9oTVkHYnqW6MwL,1909.99,USDT,168843,victim_payment,0,False
6403fa55260f197cb9327d53798e47d67d9a8986d207e7356b98f03096aad579,6403fa55260f197cb9327d53798e47d67d9a8986d207e7356b98f03096aad579,RAAZ-26-1024,TRON,76163900,2026-09-15T19:15:00+05:30,TeHsfyBGerRCcTbeujaV9oTVkHYnqW6MwL,T8McYuaLYXmxGpQY5pMssLmaJ8yNY2U1ag,4691.14,USDT,414697,layering,1,False
81ec4c4ac59fef6a39ac9826abf07d20c194644b9cbe8d526ea953bee1cd39d7,81ec4c4ac59fef6a39ac9826abf07d20c194644b9cbe8d526ea953bee1cd39d7,RAAZ-26-1024,TRON,76164260,2026-09-15T19:33:00+05:30,TeHsfyBGerRCcTbeujaV9oTVkHYnqW6MwL,TgKK9LEUMMovi6sm9dfpnzH2M2fAM3CkCd,3915.46,USDT,346127,layering,1,False
6847d852bcf82c29bbd71ce76ab44a356f9a0d5f05b3e3f0583a1fc707335957,6847d852bcf82c29bbd71ce76ab44a356f9a0d5f05b3e3f0583a1fc707335957,RAAZ-26-1024,TRON,76164280,2026-09-15T19:34:00+05:30,T8McYuaLYXmxGpQY5pMssLmaJ8yNY2U1ag,T6bihnVT8V8rQFPNekekcszdzZ1wtsZgPy,4691.14,USDT,414697,layering,2,False
4f2307c37e08a5075af95882656dcf6bcc47594dc20a235cb17c3a0b1382d576,4f2307c37e08a5075af95882656dcf6bcc47594dc20a235cb17c3a0b1382d576,RAAZ-26-1024,TRON,76164340,2026-09-15T19:37:00+05:30,TgKK9LEUMMovi6sm9dfpnzH2M2fAM3CkCd,Ta17FDhAPagGdgicsShqK21Fj1X6TEfzwQ,3915.46,USDT,346127,layering,2,False
eeb83d475fe439823623a421e8f79ba82ec8c8bfd6c1b4faeebf0f2ba42834ee,eeb83d475fe439823623a421e8f79ba82ec8c8bfd6c1b4faeebf0f2ba42834ee,RAAZ-26-1024,TRON,76164580,2026-09-15T19:49:00+05:30,T6bihnVT8V8rQFPNekekcszdzZ1wtsZgPy,T4wTs3kj2eZZGa53HzJGZuS7o3iXqa5nGz,4691.14,USDT,414697,layering,3,False
65c926f1a1c80dcf67e898a8933812ee040e1ba409c1e28683d11c611bcde34e,65c926f1a1c80dcf67e898a8933812ee040e1ba409c1e28683d11c611bcde34e,RAAZ-26-1024,TRON,76164660,2026-09-15T19:53:00+05:30,TeHsfyBGerRCcTbeujaV9oTVkHYnqW6MwL,TW3LewQ4JeC5Lo8zb52LfNC85UTwZXRqtT,3421.12,USDT,302427,layering,1,False
c778c0731a87e4e98027363250a2f95524eed80c343a5032d17b799f93a6d221,c778c0731a87e4e98027363250a2f95524eed80c343a5032d17b799f93a6d221,RAAZ-26-1024,TRON,76164660,2026-09-15T19:53:00+05:30,Ta17FDhAPagGdgicsShqK21Fj1X6TEfzwQ,TeyzY3aTcabQLGXHgJwqMZjpvFYF1G7xGs,3915.46,USDT,346127,layering,3,False
804d8c0f24478685cdb30838dd52a734cf1b0a585d10f8ef1541984a218f1195,804d8c0f24478685cdb30838dd52a734cf1b0a585d10f8ef1541984a218f1195,RAAZ-26-1024,TRON,76164800,2026-09-15T20:00:00+05:30,TeyzY3aTcabQLGXHgJwqMZjpvFYF1G7xGs,TaqvnVPg2JrLPrn1K2wcueqkBXhkhM93o2,3915.46,USDT,346127,layering,4,False
36386ed5241f3c030c1983e60b6901b33de10b2c73d3cd6034da25c495e0763c,36386ed5241f3c030c1983e60b6901b33de10b2c73d3cd6034da25c495e0763c,RAAZ-26-1024,TRON,76164920,2026-09-15T20:06:00+05:30,TW3LewQ4JeC5Lo8zb52LfNC85UTwZXRqtT,TMYksFfv7CycHrTo6n3LtqkQkfhgAyutr5,3421.12,USDT,302427,layering,2,False
b5d86ab7514f96dc824fd3a30225193456127ba2681ab896aea9a96ab3ec046f,b5d86ab7514f96dc824fd3a30225193456127ba2681ab896aea9a96ab3ec046f,RAAZ-26-1024,TRON,76164960,2026-09-15T20:08:00+05:30,T4wTs3kj2eZZGa53HzJGZuS7o3iXqa5nGz,TQyeR5kdeaHZvK616Kw7U7qyTN7dmXY1zP,4691.14,USDT,414697,exchange_deposit,4,False
ca1123ae7222f848447cc160a8f998d2d5545bc25f6f707f05d061f3f490b2a2,ca1123ae7222f848447cc160a8f998d2d5545bc25f6f707f05d061f3f490b2a2,RAAZ-26-1024,TRON,76165140,2026-09-15T20:17:00+05:30,TMYksFfv7CycHrTo6n3LtqkQkfhgAyutr5,T48Pxq4ex5QKojStiL6kfd67KTuQrXPiqQ,3421.12,USDT,302427,layering,3,False
1170eed3b796776a6ad7f410e3397614847d90ef56c45e374ef3aa65e6fc3c1b,1170eed3b796776a6ad7f410e3397614847d90ef56c45e374ef3aa65e6fc3c1b,RAAZ-26-1024,TRON,76165260,2026-09-15T20:23:00+05:30,TaqvnVPg2JrLPrn1K2wcueqkBXhkhM93o2,TQyeR5kdeaHZvK616Kw7U7qyTN7dmXY1zP,3915.46,USDT,346127,exchange_deposit,4,False
f1023c1f8cdd13b22709d204a08166aae75f52180f2c00d0c3eebd6a9b4966a5,f1023c1f8cdd13b22709d204a08166aae75f52180f2c00d0c3eebd6a9b4966a5,RAAZ-26-1024,TRON,76165340,2026-09-15T20:27:00+05:30,T48Pxq4ex5QKojStiL6kfd67KTuQrXPiqQ,TQyeR5kdeaHZvK616Kw7U7qyTN7dmXY1zP,3421.12,USDT,302427,exchange_deposit,4,False
7f49b1a1441a082f58177e43e102bb394569dce01c9aca230430f2c2a200aa2b,7f49b1a1441a082f58177e43e102bb394569dce01c9aca230430f2c2a200aa2b,RAAZ-26-1024,TRON,76167120,2026-09-15T21:56:00+05:30,TQyeR5kdeaHZvK616Kw7U7qyTN7dmXY1zP,TJnZYCe4Ga1kWs143YNoXfMspdxufwQZfs,12027.72,USDT,1063250,exchange_sweep,5,False
0xca71f7512b9d9d0dbb84d7f25ac6c8d64e4b7c837821a447f30927cc4696a998,0xca71f7512b9d9d0dbb84d7f25ac6c8d64e4b7c837821a447f30927cc4696a998,RAAZ-26-1025,BSC,61603500,2026-09-05T10:35:00+05:30,0x99a728e516019a995dd60dbdb7b2cdd92198873f,0x452e1c4112fdf16e84809930e71b128338a1f061,56.9124,BNB,3500113,inbound,0,False
0x185a3739673b86631160bf5839980181aab999f5477e84f61c37d9b6ed851a2a,0x185a3739673b86631160bf5839980181aab999f5477e84f61c37d9b6ed851a2a,RAAZ-26-1025,BSC,61628700,2026-09-06T07:35:00+05:30,0x752e2360f01170aa53e51110288df84f1ff318d3,0x452e1c4112fdf16e84809930e71b128338a1f061,26.6665,BNB,1639990,inbound,0,False
0x6c394b63311ffbc3feb939e9cab0f7ee66bb82b728b86584cd314715b2de1cfd,0x6c394b63311ffbc3feb939e9cab0f7ee66bb82b728b86584cd314715b2de1cfd,RAAZ-26-1025,BSC,61676700,2026-09-07T23:35:00+05:30,0x8668bddff970f6e257e626bd81d77cd4ea9029b8,0x452e1c4112fdf16e84809930e71b128338a1f061,10.3446,BNB,636193,victim_payment,0,False
0x5e096ee43b372430818465f5582c39f0f9fb0e22c0f64032770eba67b10ba2a6,0x5e096ee43b372430818465f5582c39f0f9fb0e22c0f64032770eba67b10ba2a6,RAAZ-26-1025,BSC,61755900,2026-09-10T17:35:00+05:30,0x8668bddff970f6e257e626bd81d77cd4ea9029b8,0x452e1c4112fdf16e84809930e71b128338a1f061,11.964,BNB,735786,victim_payment,0,False
0x191847e3c3b8a9da4c5e7e8ff0352a567e7541b47bc2d61ebea58bb4cffb6b58,0x191847e3c3b8a9da4c5e7e8ff0352a567e7541b47bc2d61ebea58bb4cffb6b58,RAAZ-26-1025,BSC,61857900,2026-09-14T06:35:00+05:30,0x8668bddff970f6e257e626bd81d77cd4ea9029b8,0x452e1c4112fdf16e84809930e71b128338a1f061,13.4546,BNB,827458,victim_payment,0,False
0xe97b99f0ffa25145878845e503864f4a72eb7404b5504a184e7c2cdcf5d8714d,0xe97b99f0ffa25145878845e503864f4a72eb7404b5504a184e7c2cdcf5d8714d,RAAZ-26-1025,BSC,61898700,2026-09-15T16:35:00+05:30,0x8668bddff970f6e257e626bd81d77cd4ea9029b8,0x452e1c4112fdf16e84809930e71b128338a1f061,14.9046,BNB,916633,victim_payment,0,False
0xa1d540a511c272fa1c83d0c679aac139d62b1b54d90f250ce6ab4f0af4384abd,0xa1d540a511c272fa1c83d0c679aac139d62b1b54d90f250ce6ab4f0af4384abd,RAAZ-26-1025,BSC,61907100,2026-09-15T23:35:00+05:30,0x8668bddff970f6e257e626bd81d77cd4ea9029b8,0x452e1c4112fdf16e84809930e71b128338a1f061,15.9981,BNB,983883,victim_payment,0,False
0x4a36b488f12de39632645dd9b2cc295c4d549353ea66f9bb4aca59461d62f438,0x4a36b488f12de39632645dd9b2cc295c4d549353ea66f9bb4aca59461d62f438,RAAZ-26-1025,BSC,61998300,2026-09-19T03:35:00+05:30,0x8668bddff970f6e257e626bd81d77cd4ea9029b8,0x452e1c4112fdf16e84809930e71b128338a1f061,17.5569,BNB,1079749,victim_payment,0,False
0x7e4bc5d21312511e3304bfd40a33362574cf44ebc4bfd285b3e33e9b50cd2a73,0x7e4bc5d21312511e3304bfd40a33362574cf44ebc4bfd285b3e33e9b50cd2a73,RAAZ-26-1025,BSC,61999960,2026-09-19T04:58:00+05:30,0x452e1c4112fdf16e84809930e71b128338a1f061,0xca839ea8d8d9a5c28971a3f58aa612285c6841d0,58.4728,BNB,3596077,layering,1,False
0x1040153ca1dc84e5202aefb7aecd0368149f863c5a705cd891f69b8aa7407ded,0x1040153ca1dc84e5202aefb7aecd0368149f863c5a705cd891f69b8aa7407ded,RAAZ-26-1025,BSC,62000000,2026-09-19T05:00:00+05:30,0xca839ea8d8d9a5c28971a3f58aa612285c6841d0,0x6fd7f1432cea8b744f70c206347e4e4885989415,58.4728,BNB,3596077,layering,2,False
0x3f6a9c535abe8228245eb1797cd754591b000aaacca4f9bf631148831e05c513,0x3f6a9c535abe8228245eb1797cd754591b000aaacca4f9bf631148831e05c513,RAAZ-26-1025,BSC,62000020,2026-09-19T05:01:00+05:30,0x452e1c4112fdf16e84809930e71b128338a1f061,0x16997b6497b50d0b5db0db6dba07e471a7a22873,17.1882,BNB,1057074,layering,1,False
0x3e8972aa354dc999adc816fd20d2d449b2e76694a53839e8125255eb62c540ff,0x3e8972aa354dc999adc816fd20d2d449b2e76694a53839e8125255eb62c540ff,RAAZ-26-1025,BSC,62000140,2026-09-19T05:07:00+05:30,0x16997b6497b50d0b5db0db6dba07e471a7a22873,0x74a12a4337699ef62124d9480ee3e81bbd59b917,17.1882,BNB,1057074,layering,2,False
0xc5c345d23e4ead795ddd2c8c298b399f53c6b1bbb1597a2b599faf5a553b4698,0xc5c345d23e4ead795ddd2c8c298b399f53c6b1bbb1597a2b599faf5a553b4698,RAAZ-26-1025,BSC,62000200,2026-09-19T05:10:00+05:30,0x452e1c4112fdf16e84809930e71b128338a1f061,0x69685492189cee04363a9165f5ae5ec44535d48a,27.7102,BNB,1704177,layering,1,False
0x8cf4cbc48d5f7fe0f8ba469594829d503fa6e3d68322ad4694ab0bcb5f8e7150,0x8cf4cbc48d5f7fe0f8ba469594829d503fa6e3d68322ad4694ab0bcb5f8e7150,RAAZ-26-1025,BSC,62000240,2026-09-19T05:12:00+05:30,0x452e1c4112fdf16e84809930e71b128338a1f061,0xa1affe1e252bfe801b06a23efae099e8bc53539e,23.0637,BNB,1418418,layering,1,False
0x1c44f9a8a1bd25449475ead0631dfeb59de6aa57279b94bcb884a2e7165b9a42,0x1c44f9a8a1bd25449475ead0631dfeb59de6aa57279b94bcb884a2e7165b9a42,RAAZ-26-1025,BSC,62000280,2026-09-19T05:14:00+05:30,0x74a12a4337699ef62124d9480ee3e81bbd59b917,0xa8d3f72ecc31e727c16c1ba6948beca5f2e92ac1,17.1882,BNB,1057074,layering,3,False
0xc1d0a82d43e484476cd4ce4ad9338468719912154e8d273aa68616d190f08734,0xc1d0a82d43e484476cd4ce4ad9338468719912154e8d273aa68616d190f08734,RAAZ-26-1025,BSC,62000280,2026-09-19T05:14:00+05:30,0x452e1c4112fdf16e84809930e71b128338a1f061,0x398eeb57dd315cc401aed6d045272caf323ca249,37.8977,BNB,2330709,layering,1,False
0x21e8b822d70a40edd445e3dfbb37b703f0411d8edbd532a56e04c731282f57cb,0x21e8b822d70a40edd445e3dfbb37b703f0411d8edbd532a56e04c731282f57cb,RAAZ-26-1025,BSC,62000360,2026-09-19T05:18:00+05:30,0x69685492189cee04363a9165f5ae5ec44535d48a,0x0a2f535c30ecd93ad4cfa76afc979b13865ebf90,27.7102,BNB,1704177,layering,2,False
0x0110fe55481804f14cbba6fa46a92d782a6865c20e5742c7429cd421c3fdb2f1,0x0110fe55481804f14cbba6fa46a92d782a6865c20e5742c7429cd421c3fdb2f1,RAAZ-26-1025,BSC,62000540,2026-09-19T05:27:00+05:30,0x6fd7f1432cea8b744f70c206347e4e4885989415,0xfbc1f9ee2e85b6a2a8f3cd4f62d474a9a2df2126,58.4728,BNB,3596077,consolidation,3,False
0x7a9c4e12b9f8e9a647ce62921d192992d29ec67b5328e122254ec0967f89d434,0x7a9c4e12b9f8e9a647ce62921d192992d29ec67b5328e122254ec0967f89d434,RAAZ-26-1025,BSC,62000580,2026-09-19T05:29:00+05:30,0x398eeb57dd315cc401aed6d045272caf323ca249,0x52c6d84d4d5928d60424f2dd6d41f95ba7c54c7c,37.8977,BNB,2330709,layering,2,False
0x55eb0af845263d9f6548fd08bdc03cc552c9ef01d0d2e2d64067c7653953f31c,0x55eb0af845263d9f6548fd08bdc03cc552c9ef01d0d2e2d64067c7653953f31c,RAAZ-26-1025,BSC,62000680,2026-09-19T05:34:00+05:30,0xa1affe1e252bfe801b06a23efae099e8bc53539e,0x684d3f1b25cc0becd31833e2e310096a378c7bd3,23.0637,BNB,1418418,layering,2,False
0xdadfe61178bad6ad8a4919b4ee81dda2079f55764eb006a936bdfda536238bd9,0xdadfe61178bad6ad8a4919b4ee81dda2079f55764eb006a936bdfda536238bd9,RAAZ-26-1025,BSC,62000700,2026-09-19T05:35:00+05:30,0xa8d3f72ecc31e727c16c1ba6948beca5f2e92ac1,0x7ef23721a7ab35390c979bbcc0724ac6a7074df4,17.1882,BNB,1057074,layering,4,False
0xfb818fe024e1b7d291c22a9d62547a83cd1d233cd7638687fe740b30d48cb34f,0xfb818fe024e1b7d291c22a9d62547a83cd1d233cd7638687fe740b30d48cb34f,RAAZ-26-1025,BSC,62000820,2026-09-19T05:41:00+05:30,0x0a2f535c30ecd93ad4cfa76afc979b13865ebf90,0xe2e79dda8d424d6a537faf555efc2b6b5a0e5bf5,27.7102,BNB,1704177,layering,3,False
0x51d1deea6d137f09c5f6985b9c4f26c665ef80056d0a81e51de8a6f1a05b59ba,0x51d1deea6d137f09c5f6985b9c4f26c665ef80056d0a81e51de8a6f1a05b59ba,RAAZ-26-1025,BSC,62000920,2026-09-19T05:46:00+05:30,0x7ef23721a7ab35390c979bbcc0724ac6a7074df4,0xfbc1f9ee2e85b6a2a8f3cd4f62d474a9a2df2126,17.1882,BNB,1057074,consolidation,3,False
0x58e86af33fc779e1ba6929c5727c5773b2cf6e0a154ec342ed469e104994c121,0x58e86af33fc779e1ba6929c5727c5773b2cf6e0a154ec342ed469e104994c121,RAAZ-26-1025,BSC,62000940,2026-09-19T05:47:00+05:30,0x684d3f1b25cc0becd31833e2e310096a378c7bd3,0x3597b199a898bb5b40a19306b27fc6d0492c2b11,23.0637,BNB,1418418,layering,3,False
0x37e13bebedcabf3322f23316bb145bd014872cdce47b9dbd7376822897584d3c,0x37e13bebedcabf3322f23316bb145bd014872cdce47b9dbd7376822897584d3c,RAAZ-26-1025,BSC,62000960,2026-09-19T05:48:00+05:30,0x52c6d84d4d5928d60424f2dd6d41f95ba7c54c7c,0x2842dfb10c9bce048ec465c00e35433f1ec1fc81,37.8977,BNB,2330709,layering,3,False
0x323615051054078a1f75cc4381df2b4d2d077e91b9794b751f480c7a4fe9122d,0x323615051054078a1f75cc4381df2b4d2d077e91b9794b751f480c7a4fe9122d,RAAZ-26-1025,BSC,62001000,2026-09-19T05:50:00+05:30,0xe2e79dda8d424d6a537faf555efc2b6b5a0e5bf5,0x4fc0c16caa668ef27a4eb1b1e395d1e6d3f14ed8,27.7102,BNB,1704177,layering,4,False
0xb5863921a77f7a0a1ffec2005f155688e3ed20e218b87e512f6c753281539ea6,0xb5863921a77f7a0a1ffec2005f155688e3ed20e218b87e512f6c753281539ea6,RAAZ-26-1025,BSC,62001060,2026-09-19T05:53:00+05:30,0x3597b199a898bb5b40a19306b27fc6d0492c2b11,0xfbc1f9ee2e85b6a2a8f3cd4f62d474a9a2df2126,23.0637,BNB,1418418,consolidation,3,False
0xb5fd4c3231419cf0e6da2797ea5e01561bdf59eb34569a1458fc76ce48205ed5,0xb5fd4c3231419cf0e6da2797ea5e01561bdf59eb34569a1458fc76ce48205ed5,RAAZ-26-1025,BSC,62001320,2026-09-19T06:06:00+05:30,0x2842dfb10c9bce048ec465c00e35433f1ec1fc81,0xfbc1f9ee2e85b6a2a8f3cd4f62d474a9a2df2126,37.8977,BNB,2330709,consolidation,3,False
0xf27def6347aff45afb19095864730a5453e9ec5897d20918a751075263de1b7c,0xf27def6347aff45afb19095864730a5453e9ec5897d20918a751075263de1b7c,RAAZ-26-1025,BSC,62001500,2026-09-19T06:15:00+05:30,0x4fc0c16caa668ef27a4eb1b1e395d1e6d3f14ed8,0xfbc1f9ee2e85b6a2a8f3cd4f62d474a9a2df2126,27.7102,BNB,1704177,consolidation,3,False
0xa80b1551588b8af3f78e4410b1f46fa4bd6ddcb09acf2952bd055af9dfac2acb,0xa80b1551588b8af3f78e4410b1f46fa4bd6ddcb09acf2952bd055af9dfac2acb,RAAZ-26-1025,BSC,62001760,2026-09-19T06:28:00+05:30,0xfbc1f9ee2e85b6a2a8f3cd4f62d474a9a2df2126,0xbfaddd74108d39e2f2a151bf98a04445aec4c76d,85.6516,BNB,5267573,exchange_deposit,4,False
0xcb2c0e9c51e7e986cbab1b92f9fe5affc4a9e55583304d4d4cd049796b5e7f8f,0xcb2c0e9c51e7e986cbab1b92f9fe5affc4a9e55583304d4d4cd049796b5e7f8f,RAAZ-26-1025,BSC,62002160,2026-09-19T06:48:00+05:30,0xfbc1f9ee2e85b6a2a8f3cd4f62d474a9a2df2126,0x4bf34abd530d9fca5e99a19df1ce5731de0aa834,63.8238,BNB,3925164,exchange_deposit,4,False
0x899ce3f868c7962a06c74a6e9fedd091e6f836fef945470c2e8ee8b11d450103,0x899ce3f868c7962a06c74a6e9fedd091e6f836fef945470c2e8ee8b11d450103,RAAZ-26-1025,BSC,62002400,2026-09-19T07:00:00+05:30,0xbfaddd74108d39e2f2a151bf98a04445aec4c76d,0xb9912ef7cb3e354553456ba1466690dff503bec0,85.6516,BNB,5267573,exchange_sweep,5,False
0xe5d18580fbfa8f8c773e12fb7a13308070a1c15585a7315e9af6ab80e35ca0e3,0xe5d18580fbfa8f8c773e12fb7a13308070a1c15585a7315e9af6ab80e35ca0e3,RAAZ-26-1025,BSC,62002880,2026-09-19T07:24:00+05:30,0x4bf34abd530d9fca5e99a19df1ce5731de0aa834,0xb13f7d46218c6c6f923107f3d33fd67a6909057d,63.8238,BNB,3925164,exchange_sweep,5,False
0xdcd0a2fe5c5493ca0f224dba77b8e13109e1b2902ad1254b4de201a6b21b6c67,0xdcd0a2fe5c5493ca0f224dba77b8e13109e1b2902ad1254b4de201a6b21b6c67,RAAZ-26-1026,BSC,61603660,2026-09-05T10:43:00+05:30,0xd8552acc0f6e06581ec087e5ec4c8db3132aaf8f,0x3c2347ab862823bb3c509ac82ee7f6756986feea,652.44,USDT,57676,victim_payment,0,False
0xe7119a1186a543a27433a3da772f84128b493407aeabcd446c32ad7b4ec88f14,0xe7119a1186a543a27433a3da772f84128b493407aeabcd446c32ad7b4ec88f14,RAAZ-26-1026,BSC,61697260,2026-09-08T16:43:00+05:30,0x968fcaaa9b5620fa3875e8294afafd81bef5b65d,0x3c2347ab862823bb3c509ac82ee7f6756986feea,12707.37,USDT,1123332,inbound,0,False
0x7d19865b74084bd32937d38d264a7be8d45e9d75cc8a3f4df66422a1f856b963,0x7d19865b74084bd32937d38d264a7be8d45e9d75cc8a3f4df66422a1f856b963,RAAZ-26-1026,BSC,61704460,2026-09-08T22:43:00+05:30,0xd8552acc0f6e06581ec087e5ec4c8db3132aaf8f,0x3c2347ab862823bb3c509ac82ee7f6756986feea,763.11,USDT,67459,victim_payment,0,False
0xd2fa487f05a3c7d4231c1106c862bd007c4da8b6d3fec206d97514bb7dfdd148,0xd2fa487f05a3c7d4231c1106c862bd007c4da8b6d3fec206d97514bb7dfdd148,RAAZ-26-1026,BSC,61790860,2026-09-11T22:43:00+05:30,0xd8552acc0f6e06581ec087e5ec4c8db3132aaf8f,0x3c2347ab862823bb3c509ac82ee7f6756986feea,1348.52,USDT,119209,victim_payment,0,False
0x70d0a5c219f3a5e4f8f26de4c58de20645629ca64e9ee219d94ada90c3f862b8,0x70d0a5c219f3a5e4f8f26de4c58de20645629ca64e9ee219d94ada90c3f862b8,RAAZ-26-1026,BSC,61894060,2026-09-15T12:43:00+05:30,0xd8552acc0f6e06581ec087e5ec4c8db3132aaf8f,0x3c2347ab862823bb3c509ac82ee7f6756986feea,3905.69,USDT,345263,victim_payment,0,False
0xb8825ba172d0ebf862ea190db886f97168722dd8de8334c6085ec21a3444d9f3,0xb8825ba172d0ebf862ea190db886f97168722dd8de8334c6085ec21a3444d9f3,RAAZ-26-1026,BSC,61943260,2026-09-17T05:43:00+05:30,0xd8552acc0f6e06581ec087e5ec4c8db3132aaf8f,0x3c2347ab862823bb3c509ac82ee7f6756986feea,4464.56,USDT,394667,victim_payment,0,False
0x6555d58aa20678b3a671a8660f8e877e9b4ed4df760462ec75238daa55314379,0x6555d58aa20678b3a671a8660f8e877e9b4ed4df760462ec75238daa55314379,RAAZ-26-1026,BSC,62027260,2026-09-20T03:43:00+05:30,0xd8552acc0f6e06581ec087e5ec4c8db3132aaf8f,0x3c2347ab862823bb3c509ac82ee7f6756986feea,5380.38,USDT,475626,victim_payment,0,False
0xdaf330a8ad94843667b7a44612514d82ef31cda90c1ff477146a7d65ee99a8b3,0xdaf330a8ad94843667b7a44612514d82ef31cda90c1ff477146a7d65ee99a8b3,RAAZ-26-1026,BSC,62033700,2026-09-20T09:05:00+05:30,0x3c2347ab862823bb3c509ac82ee7f6756986feea,0xcdcf2e682a72aba21764b6fc0c6d82645b7cd198,10283.84,USDT,909091,layering,1,False
0x0e6990f2a64fde2152e9a57af12dbec51e8c0a290a45675d0ba218d89bceb185,0x0e6990f2a64fde2152e9a57af12dbec51e8c0a290a45675d0ba218d89bceb185,RAAZ-26-1026,BSC,62034140,2026-09-20T09:27:00+05:30,0x3c2347ab862823bb3c509ac82ee7f6756986feea,0xe7ae4648e351a410a7b8f133a0706910307886de,14135.01,USDT,1249535,layering,1,False
0x1f2c5fe61af9270135c3139f75d55074544b81a975445132665a1c7b4dad114e,0x1f2c5fe61af9270135c3139f75d55074544b81a975445132665a1c7b4dad114e,RAAZ-26-1026,BSC,62034220,2026-09-20T09:31:00+05:30,0x3c2347ab862823bb3c509ac82ee7f6756986feea,0xfeec4f364284eaade32a45cbeb4602b8ef297e78,3913.56,USDT,345959,layering,1,False
0x30c568ab3e6df96819276f0327d0bfc2be521a71b65f6c85ddccf79d1fbc9822,0x30c568ab3e6df96819276f0327d0bfc2be521a71b65f6c85ddccf79d1fbc9822,RAAZ-26-1026,BSC,62038480,2026-09-20T13:04:00+05:30,0xcdcf2e682a72aba21764b6fc0c6d82645b7cd198,0x55501d78e0a5ae01eb1b5eaec8953921cd1d3786,10283.84,USDT,909091,layering,2,False
0x6f9b7075ab67c521637b9ff2f0be995f7b1fecf9abe33c16a64d33e4308a0488,0x6f9b7075ab67c521637b9ff2f0be995f7b1fecf9abe33c16a64d33e4308a0488,RAAZ-26-1026,BSC,62039740,2026-09-20T14:07:00+05:30,0xe7ae4648e351a410a7b8f133a0706910307886de,0x867b618249b7cde7553e1688051e2516acac6d1c,14135.01,USDT,1249535,layering,2,False
0x6b8ac40ca270187b6179266c913d590f6886b752145a61b4c5d37f65ec36277f,0x6b8ac40ca270187b6179266c913d590f6886b752145a61b4c5d37f65ec36277f,RAAZ-26-1026,BSC,62044280,2026-09-20T17:54:00+05:30,0xfeec4f364284eaade32a45cbeb4602b8ef297e78,0x4c41fcb703a696ef1bcaedc80d4eed2f6f9e0352,3913.56,USDT,345959,layering,2,False
0xd29cb85b9e76fc0d9166f6aadcce06e604bcdfab5965a4087160dff3211cc8e5,0xd29cb85b9e76fc0d9166f6aadcce06e604bcdfab5965a4087160dff3211cc8e5,RAAZ-26-1026,BSC,62045960,2026-09-20T19:18:00+05:30,0x867b618249b7cde7553e1688051e2516acac6d1c,0x10be7162c28be79e70a7e64001623879a2439c57,14135.01,USDT,1249535,layering,3,False
0x00a7106021943e793259aa93144369c5b14d1b85a3ec7978d041fe70a0dd6a1d,0x00a7106021943e793259aa93144369c5b14d1b85a3ec7978d041fe70a0dd6a1d,RAAZ-26-1026,BSC,62048980,2026-09-20T21:49:00+05:30,0x55501d78e0a5ae01eb1b5eaec8953921cd1d3786,0x6f3584c8b3128b1839132140dfbf5d949606b498,10283.84,USDT,909091,layering,3,False
0xa78614983ba976d8cf291ef4ea0db4f9a770a5d1a2bda7883a485f4818d340c6,0xa78614983ba976d8cf291ef4ea0db4f9a770a5d1a2bda7883a485f4818d340c6,RAAZ-26-1026,BSC,62052140,2026-09-21T00:27:00+05:30,0x6f3584c8b3128b1839132140dfbf5d949606b498,0x934f95b03c936355a27bd1b1e8bd8ffb74b14cfa,10283.84,USDT,909091,layering,4,False
0xc7b23a5d90de46b79f3d3526b6d8e454cabe3b359894ef02e777826eeeffbaaf,0xc7b23a5d90de46b79f3d3526b6d8e454cabe3b359894ef02e777826eeeffbaaf,RAAZ-26-1026,BSC,62059920,2026-09-21T06:56:00+05:30,0x10be7162c28be79e70a7e64001623879a2439c57,0x732595ae2118b6fca26a2894c8d6eeca3ffebfdb,14135.01,USDT,1249535,consolidation,4,False
0xb193ca6e0b3d0253211afe594766d6c7b564b62da1efd678634968dcd52a1740,0xb193ca6e0b3d0253211afe594766d6c7b564b62da1efd678634968dcd52a1740,RAAZ-26-1026,BSC,62060320,2026-09-21T07:16:00+05:30,0x4c41fcb703a696ef1bcaedc80d4eed2f6f9e0352,0xd51e109d668929571eb22ba7d9ae985f14043d39,3913.56,USDT,345959,layering,3,False
0x4a787b11c087384be93ad2a85a60ad8030fe26e05aebb1792265815f3a8e8dbf,0x4a787b11c087384be93ad2a85a60ad8030fe26e05aebb1792265815f3a8e8dbf,RAAZ-26-1026,BSC,62061180,2026-09-21T07:59:00+05:30,0x934f95b03c936355a27bd1b1e8bd8ffb74b14cfa,0x732595ae2118b6fca26a2894c8d6eeca3ffebfdb,10283.84,USDT,909091,consolidation,4,False
0xe985a38f3eeb1d6eb1e371c326ae69a30b2d4aedfc4fba7fc8efe2b7c9a6f215,0xe985a38f3eeb1d6eb1e371c326ae69a30b2d4aedfc4fba7fc8efe2b7c9a6f215,RAAZ-26-1026,BSC,62076920,2026-09-21T21:06:00+05:30,0xd51e109d668929571eb22ba7d9ae985f14043d39,0x1b288b9d48218fbd7ca88ebeefdc8b5989a1b312,3913.56,USDT,345959,layering,4,False
0x6f625abd9f775a50bbdeff9ef48836ca2db008916d03f421b58ae4aaec5164d9,0x6f625abd9f775a50bbdeff9ef48836ca2db008916d03f421b58ae4aaec5164d9,RAAZ-26-1026,BSC,62091660,2026-09-22T09:23:00+05:30,0x1b288b9d48218fbd7ca88ebeefdc8b5989a1b312,0x732595ae2118b6fca26a2894c8d6eeca3ffebfdb,3913.56,USDT,345959,consolidation,4,False
0xf562184215d505f5cd2de0af35ce7fed69e074553c5d5ce243a256ad1113d02e,0xf562184215d505f5cd2de0af35ce7fed69e074553c5d5ce243a256ad1113d02e,RAAZ-26-1026,BSC,62105760,2026-09-22T21:08:00+05:30,0x732595ae2118b6fca26a2894c8d6eeca3ffebfdb,0x57b19b6d204118f12e1848537e7f08f2a7ecc124,27123.46,USDT,2397714,exchange_deposit,5,False
0xc57c55f864f4e158e4df2b154a081d1dcb9e8a2ed5d5e0c39dc4809e1e854fea,0xc57c55f864f4e158e4df2b154a081d1dcb9e8a2ed5d5e0c39dc4809e1e854fea,RAAZ-26-1026,BSC,62106500,2026-09-22T21:45:00+05:30,0x57b19b6d204118f12e1848537e7f08f2a7ecc124,0xa5680303a3b9142ecd3fe9f86cc40857453e1591,27123.46,USDT,2397714,exchange_sweep,6,False
0x5f8f576f71881b291fef805646f2354bfb595352b08dcf0a61252646b95a90b3,0x5f8f576f71881b291fef805646f2354bfb595352b08dcf0a61252646b95a90b3,RAAZ-26-1027,BSC,61063760,2026-08-17T16:48:00+05:30,0xe25d6ae368f5ff91b9cedbec54362b0e8955aded,0xf4a556fe8ad5b7c378b8b8b8dc7a0ddcd0cf07a3,1898.19,USDT,167800,victim_payment,0,False
0x66172576eae262e7af3492d812a54c716cdf5694baa238f263818e14b028208a,0x66172576eae262e7af3492d812a54c716cdf5694baa238f263818e14b028208a,RAAZ-26-1027,BSC,61067040,2026-08-17T19:32:00+05:30,0xf4a556fe8ad5b7c378b8b8b8dc7a0ddcd0cf07a3,0x5d97348e70c5b21d7cdb5e212a832e956f822c37,1391.41,USDT,123001,layering,1,False
0x2772a1683f3d9e5233bbfbd0ab520ea607cdaddd3ecbe3b3b1dbf60ca2917b34,0x2772a1683f3d9e5233bbfbd0ab520ea607cdaddd3ecbe3b3b1dbf60ca2917b34,RAAZ-26-1027,BSC,61067200,2026-08-17T19:40:00+05:30,0xf4a556fe8ad5b7c378b8b8b8dc7a0ddcd0cf07a3,0x07bbc1616e4885614ed9055abf178358f1e87291,1153.29,USDT,101951,layering,1,False
0xe5660766a7f6d641d9bbe737701535cee1b67784ed8edf94a1d5347f31f3f481,0xe5660766a7f6d641d9bbe737701535cee1b67784ed8edf94a1d5347f31f3f481,RAAZ-26-1027,BSC,61067400,2026-08-17T19:50:00+05:30,0xf4a556fe8ad5b7c378b8b8b8dc7a0ddcd0cf07a3,0x266abd45bccd521f41ea8f06a3900c7efe3d140a,1728.13,USDT,152767,layering,1,False
0x17b4a9c558c4bc55cd497bcef1d3976a3b026cccc8f31d0acf2747b6ae66c10f,0x17b4a9c558c4bc55cd497bcef1d3976a3b026cccc8f31d0acf2747b6ae66c10f,RAAZ-26-1027,BSC,61067420,2026-08-17T19:51:00+05:30,0xf4a556fe8ad5b7c378b8b8b8dc7a0ddcd0cf07a3,0xc235d5776154ba53955e00c72e9311f447bc4708,1600.35,USDT,141471,layering,1,False
0xc553d27f3accffc6f76afa92c08034ca36e39fe51f3c23244848fd8dd8cb032e,0xc553d27f3accffc6f76afa92c08034ca36e39fe51f3c23244848fd8dd8cb032e,RAAZ-26-1027,BSC,61067600,2026-08-17T20:00:00+05:30,0xf4a556fe8ad5b7c378b8b8b8dc7a0ddcd0cf07a3,0xa5c9187061614209f13a382521c7945dd46dbaaf,1281.18,USDT,113256,layering,1,False
0xc81fc5af7ee248ba8b58cd1aed30e6d0ef934e1543edfe444cb8171639aa4023,0xc81fc5af7ee248ba8b58cd1aed30e6d0ef934e1543edfe444cb8171639aa4023,RAAZ-26-1027,BSC,61067820,2026-08-17T20:11:00+05:30,0xf4a556fe8ad5b7c378b8b8b8dc7a0ddcd0cf07a3,0x88bab6c3bab2faff225f4bb1a67c4644728af4e3,1034.52,USDT,91452,layering,1,False
0x1a12574644dd29f0b4db7ea83c086b1e268d4b1ff6df7d85c9c75efadc946206,0x1a12574644dd29f0b4db7ea83c086b1e268d4b1ff6df7d85c9c75efadc946206,RAAZ-26-1027,BSC,61070640,2026-08-17T22:32:00+05:30,0x07bbc1616e4885614ed9055abf178358f1e87291,0x82f395fd4c440ecb6eb55fdf804e4e6205d30a79,1153.29,USDT,101951,layering,2,False
0xd57840029145525d041462d1ab28034ea272f0d345073152bf993e7c50b4c9c5,0xd57840029145525d041462d1ab28034ea272f0d345073152bf993e7c50b4c9c5,RAAZ-26-1027,BSC,61072840,2026-08-18T00:22:00+05:30,0x5d97348e70c5b21d7cdb5e212a832e956f822c37,0x47014f416668bfebe647a9f7286f1bcef392d127,168.97,USDT,14937,peel,2,False
0xc6632e88abb6ca26278960cdb2bd7bef89d300c3c75ecf9a5d3355d3cd6ce1c0,0xc6632e88abb6ca26278960cdb2bd7bef89d300c3c75ecf9a5d3355d3cd6ce1c0,RAAZ-26-1027,BSC,61072840,2026-08-18T00:22:00+05:30,0x5d97348e70c5b21d7cdb5e212a832e956f822c37,0x7d32a168ff2cb0c78eff183741913da40e53ce28,1222.44,USDT,108064,layering,2,False
0xafbc22a59f08abf9cbf651f6e300912a61ffa91060a9d0399b84d7e69053fdae,0xafbc22a59f08abf9cbf651f6e300912a61ffa91060a9d0399b84d7e69053fdae,RAAZ-26-1027,BSC,61072860,2026-08-18T00:23:00+05:30,0x266abd45bccd521f41ea8f06a3900c7efe3d140a,0xd46b8c05ae021c0ad636d0693e3f43ec1e06595b,1728.13,USDT,152767,layering,2,False
0xa13d737d367ee091535541d9a3c2207e22f1965be194a786c761c01a35c21530,0xa13d737d367ee091535541d9a3c2207e22f1965be194a786c761c01a35c21530,RAAZ-26-1027,BSC,61076020,2026-08-18T03:01:00+05:30,0xd46b8c05ae021c0ad636d0693e3f43ec1e06595b,0x7d97e08c1b728e877573edec907db4a7969187e9,1728.13,USDT,152767,consolidation,3,False
0xd33fd10a62036cab32cc81a75b750ddef156afbbfce87ccd76646ce77c36c23a,0xd33fd10a62036cab32cc81a75b750ddef156afbbfce87ccd76646ce77c36c23a,RAAZ-26-1027,BSC,61078160,2026-08-18T04:48:00+05:30,0xa57df6b6a0c7b7e54c2f58aa865f291f9959b967,0xf4a556fe8ad5b7c378b8b8b8dc7a0ddcd0cf07a3,199.15,USDT,17605,inbound,0,False
0xbac68d615d14c5db164a72c9157833a1992f8307605a484fa5be5a49867b36db,0xbac68d615d14c5db164a72c9157833a1992f8307605a484fa5be5a49867b36db,RAAZ-26-1027,BSC,61078560,2026-08-18T05:08:00+05:30,0xa5c9187061614209f13a382521c7945dd46dbaaf,0xe023050d382e0bc897197ed43b569eb62c802c5e,1281.18,USDT,113256,layering,2,False
0xd7cc7bcc7c5beaed0fe46f5df5bf2380fdd1d648886884f614eb8de6fe2d401c,0xd7cc7bcc7c5beaed0fe46f5df5bf2380fdd1d648886884f614eb8de6fe2d401c,RAAZ-26-1027,BSC,61079080,2026-08-18T05:34:00+05:30,0x7d32a168ff2cb0c78eff183741913da40e53ce28,0x71726233f5716faf7004d9d35cea9522cdab354f,62.55,USDT,5529,peel,3,False
0x425ab97978fbeed0dcae63a20027cc78d95305011658a57150519fb1d7839e1b,0x425ab97978fbeed0dcae63a20027cc78d95305011658a57150519fb1d7839e1b,RAAZ-26-1027,BSC,61079080,2026-08-18T05:34:00+05:30,0x7d32a168ff2cb0c78eff183741913da40e53ce28,0x7b4ebfb66d5f0ed4da621875380f95ba5244529b,1159.88,USDT,102533,layering,3,False
0x86df1df201735ba76103062592d6c5ccd363c13f479851010f04ffe0abf3882e,0x86df1df201735ba76103062592d6c5ccd363c13f479851010f04ffe0abf3882e,RAAZ-26-1027,BSC,61079460,2026-08-18T05:53:00+05:30,0xc235d5776154ba53955e00c72e9311f447bc4708,0xc9597fa004dce7156412d6b3a75c22d20b439cf5,1600.35,USDT,141471,layering,2,False
0x636fb4cac7292d6d2363c2705dec6ab7089929566e57ae01f3c81e90708b74b8,0x636fb4cac7292d6d2363c2705dec6ab7089929566e57ae01f3c81e90708b74b8,RAAZ-26-1027,BSC,61080840,2026-08-18T07:02:00+05:30,0x88bab6c3bab2faff225f4bb1a67c4644728af4e3,0x5ba63357831b53cd64930b386b79e97cf25fca90,1034.52,USDT,91452,layering,2,False
0x366d587a5cfde80aca0c6533aa6b2a14f6fd866c036fada1d5df452f2f02b84e,0x366d587a5cfde80aca0c6533aa6b2a14f6fd866c036fada1d5df452f2f02b84e,RAAZ-26-1027,BSC,61081760,2026-08-18T07:48:00+05:30,0xc8738f8f012fca7d6792bc9434d96cd28a18f1fb,0xf4a556fe8ad5b7c378b8b8b8dc7a0ddcd0cf07a3,1619.16,USDT,143134,inbound,0,False
0x09ded5970eb35e79d6cd3847126ec362d436e45bb38eae888aaf5421b7fa2888,0x09ded5970eb35e79d6cd3847126ec362d436e45bb38eae888aaf5421b7fa2888,RAAZ-26-1027,BSC,61082400,2026-08-18T08:20:00+05:30,0x82f395fd4c440ecb6eb55fdf804e4e6205d30a79,0x7dd7dea00b28d4ac56484dd04d2ee087abfe989b,1153.29,USDT,101951,layering,3,False
0xd3a3fbf9bde91d1863845dc5aa889bbb4ea873cd7815a5f94d0042d23c53f9f0,0xd3a3fbf9bde91d1863845dc5aa889bbb4ea873cd7815a5f94d0042d23c53f9f0,RAAZ-26-1027,BSC,61084000,2026-08-18T09:40:00+05:30,0x7dd7dea00b28d4ac56484dd04d2ee087abfe989b,0xef19e85b2553d9738c35e328a84e56f417b7a507,1153.29,USDT,101951,layering,4,False
0xd70b3fcef19c441de3463a3c31d7c7f211a69d7a00a687ac521daf9a3d5d750f,0xd70b3fcef19c441de3463a3c31d7c7f211a69d7a00a687ac521daf9a3d5d750f,RAAZ-26-1027,BSC,61086340,2026-08-18T11:37:00+05:30,0x7b4ebfb66d5f0ed4da621875380f95ba5244529b,0xfa6c73e2275185a0cea1d5761c58c5c7eacbaac3,58.77,USDT,5195,peel,4,False
0x3b7a1c549c610e67bd83152e1dfc1f6d903a32d3bdb42ac0094c02e7e052034c,0x3b7a1c549c610e67bd83152e1dfc1f6d903a32d3bdb42ac0094c02e7e052034c,RAAZ-26-1027,BSC,61086340,2026-08-18T11:37:00+05:30,0x7b4ebfb66d5f0ed4da621875380f95ba5244529b,0xdc52ae51f7268995bb981f1b7b3dacabedca8f1d,1101.11,USDT,97338,layering,4,False
0xcb8ff376f6b614f77ab2f2f34dfcb3d0d334aeefdcc8817aa56a73456df98e3f,0xcb8ff376f6b614f77ab2f2f34dfcb3d0d334aeefdcc8817aa56a73456df98e3f,RAAZ-26-1027,BSC,61090160,2026-08-18T14:48:00+05:30,0x7c35e8af6503855565602e77934ac42a9f232868,0xf4a556fe8ad5b7c378b8b8b8dc7a0ddcd0cf07a3,1300.73,USDT,114985,inbound,0,False
0xeb47c0103e6e4afe75d499ba269a22f1daf3523b49030a0213ce9b28a8fdec12,0xeb47c0103e6e4afe75d499ba269a22f1daf3523b49030a0213ce9b28a8fdec12,RAAZ-26-1027,BSC,61092240,2026-08-18T16:32:00+05:30,0xe023050d382e0bc897197ed43b569eb62c802c5e,0x69d881b7daf5f6e3e3f5009a22bd4c129686798b,1281.18,USDT,113256,layering,3,False
0x09cad76f9f5813cf94fdfe77f4e46e68dc36a88fc7c5f6783c74d5c992247233,0x09cad76f9f5813cf94fdfe77f4e46e68dc36a88fc7c5f6783c74d5c992247233,RAAZ-26-1027,BSC,61092540,2026-08-18T16:47:00+05:30,0xc9597fa004dce7156412d6b3a75c22d20b439cf5,0x4a3c0dd65295ecfb34378d0241a93aa72ba6d9c2,1600.35,USDT,141471,layering,3,False
0x341a3390c63cc9283e8845a667a8bc71961268c74f92089ea3649541a05f1f5b,0x341a3390c63cc9283e8845a667a8bc71961268c74f92089ea3649541a05f1f5b,RAAZ-26-1027,BSC,61096040,2026-08-18T19:42:00+05:30,0xef19e85b2553d9738c35e328a84e56f417b7a507,0x7d97e08c1b728e877573edec907db4a7969187e9,1153.29,USDT,101951,consolidation,3,False
0x3a27d606a20de49e10081352fb4303fae51848dde7d5bd1ab04122950cb4737d,0x3a27d606a20de49e10081352fb4303fae51848dde7d5bd1ab04122950cb4737d,RAAZ-26-1027,BSC,61096760,2026-08-18T20:18:00+05:30,0x5ba63357831b53cd64930b386b79e97cf25fca90,0x6fc42dbbcab4b29def9b3a60af7f9f3984ca6957,1034.52,USDT,91452,layering,3,False
0x74a1d7908e82ec24ff145c630645d8bba2b2a9b79edfc78010501ab1c6692141,0x74a1d7908e82ec24ff145c630645d8bba2b2a9b79edfc78010501ab1c6692141,RAAZ-26-1027,BSC,61096860,2026-08-18T20:23:00+05:30,0xdc52ae51f7268995bb981f1b7b3dacabedca8f1d,0x020f52eb5ff706ab53c7cb8b40427b3c315557a2,67.13,USDT,5934,peel,5,False
0x9202fbe67a3d11507572b540663e11b2bf8a4fc19d212ec0887e5f4539c6cc2c,0x9202fbe67a3d11507572b540663e11b2bf8a4fc19d212ec0887e5f4539c6cc2c,RAAZ-26-1027,BSC,61096860,2026-08-18T20:23:00+05:30,0xdc52ae51f7268995bb981f1b7b3dacabedca8f1d,0x1f7dbf69f2ad6706cd1865a3e7f9fe22b9ef474c,1033.98,USDT,91404,layering,5,False
0xe928fd8fde9ee5c3da6e86b8bf62cf5e33b517aaff1aa40f1aac4d856721c638,0xe928fd8fde9ee5c3da6e86b8bf62cf5e33b517aaff1aa40f1aac4d856721c638,RAAZ-26-1027,BSC,61099480,2026-08-18T22:34:00+05:30,0x4a3c0dd65295ecfb34378d0241a93aa72ba6d9c2,0x7d97e08c1b728e877573edec907db4a7969187e9,1600.35,USDT,141471,consolidation,3,False
0x6ef0a63811c2f28885b35bfa36b350b5f5559b70426c7539f760d3d6e97581d9,0x6ef0a63811c2f28885b35bfa36b350b5f5559b70426c7539f760d3d6e97581d9,RAAZ-26-1027,BSC,61099840,2026-08-18T22:52:00+05:30,0x69d881b7daf5f6e3e3f5009a22bd4c129686798b,0x7d97e08c1b728e877573edec907db4a7969187e9,1281.18,USDT,113256,consolidation,3,False
0xf0aa97db064c7385e70071ce1067a5f8085f0bde6064850c9581660f0d137ea5,0xf0aa97db064c7385e70071ce1067a5f8085f0bde6064850c9581660f0d137ea5,RAAZ-26-1027,BSC,61103220,2026-08-19T01:41:00+05:30,0x1f7dbf69f2ad6706cd1865a3e7f9fe22b9ef474c,0xb9ab4995d27738cee34c77a35474f45ac80a4244,137.9,USDT,12190,peel,6,False
0x79b890fcf7cbfa8ad4aa28515b9540eb33cfa7a5c1f688f170280af53ee6e639,0x79b890fcf7cbfa8ad4aa28515b9540eb33cfa7a5c1f688f170280af53ee6e639,RAAZ-26-1027,BSC,61103220,2026-08-19T01:41:00+05:30,0x1f7dbf69f2ad6706cd1865a3e7f9fe22b9ef474c,0x308a68f81ab480c476875947afcf6001786b809f,896.08,USDT,79213,layering,6,False
0x4c8f36d66c61a1ad847143c94fe9bce657c0b5822a714c8dec914f1b81a2ec5a,0x4c8f36d66c61a1ad847143c94fe9bce657c0b5822a714c8dec914f1b81a2ec5a,RAAZ-26-1027,BSC,61104760,2026-08-19T02:58:00+05:30,0xb9ab4995d27738cee34c77a35474f45ac80a4244,0x7d97e08c1b728e877573edec907db4a7969187e9,137.9,USDT,12190,consolidation,3,False
0x8542beb576a88c7c893762b617420050f369e92380c6ea546522bd4c4e337c09,0x8542beb576a88c7c893762b617420050f369e92380c6ea546522bd4c4e337c09,RAAZ-26-1027,BSC,61106640,2026-08-19T04:32:00+05:30,0x6fc42dbbcab4b29def9b3a60af7f9f3984ca6957,0xfc15c19543e95a33d8db7989cb39a07f066fb153,1034.52,USDT,91452,mixer_in,4,False
0x0f1a68de9613797b850e899b66c741e9b8e4f032424a05004dee0b093b1fafe6,0x0f1a68de9613797b850e899b66c741e9b8e4f032424a05004dee0b093b1fafe6,RAAZ-26-1027,BSC,61109180,2026-08-19T06:39:00+05:30,0x308a68f81ab480c476875947afcf6001786b809f,0x8da0d56cbdaee276ba4082c214295eec4d1b0ff4,81.15,USDT,7174,peel,7,False
0x35b30b7ceac11559b003e223da7b5d6ef529791da50f89307c3bcd6849c61637,0x35b30b7ceac11559b003e223da7b5d6ef529791da50f89307c3bcd6849c61637,RAAZ-26-1027,BSC,61109180,2026-08-19T06:39:00+05:30,0x308a68f81ab480c476875947afcf6001786b809f,0xf4021021a37309f770c7732ae0b66fcbe3a28ace,814.93,USDT,72040,layering,7,False
0xdd189cf703094ef606316cbcbebc2e2f241ce3f570c9a6bd14018de97aad5798,0xdd189cf703094ef606316cbcbebc2e2f241ce3f570c9a6bd14018de97aad5798,RAAZ-26-1027,BSC,61112540,2026-08-19T09:27:00+05:30,0xf4021021a37309f770c7732ae0b66fcbe3a28ace,0x7d97e08c1b728e877573edec907db4a7969187e9,814.93,USDT,72040,consolidation,3,False
0x25edb06b03cc19779f9d2b48250bef05ee79bb9cf81ba2138052efd1a3921b0b,0x25edb06b03cc19779f9d2b48250bef05ee79bb9cf81ba2138052efd1a3921b0b,RAAZ-26-1027,BSC,61130960,2026-08-20T00:48:00+05:30,0x314abd501c28435e9149be6f633c8ccde3dd1e16,0xf4a556fe8ad5b7c378b8b8b8dc7a0ddcd0cf07a3,1748.47,USDT,154565,inbound,0,False
0x6fec0752786ea783d60c836bd1dd0743c5c5d5908d543e696a5743cfd7949e0a,0x6fec0752786ea783d60c836bd1dd0743c5c5d5908d543e696a5743cfd7949e0a,RAAZ-26-1027,BSC,61151180,2026-08-20T17:39:00+05:30,0xfc15c19543e95a33d8db7989cb39a07f066fb153,0x13450d7e0b8a7946febfdd1c5dc42db9009b1f0e,188.84,USDT,16693,mixer_out,5,True
0x4e5b60f6b4774c496908ae26c56d1699ce57cdeddfbe1f7bdbadf68dca04d865,0x4e5b60f6b4774c496908ae26c56d1699ce57cdeddfbe1f7bdbadf68dca04d865,RAAZ-26-1027,BSC,61154780,2026-08-20T20:39:00+05:30,0xfc15c19543e95a33d8db7989cb39a07f066fb153,0xa49bcf606a7839721d5bb8b1a70b7f42863e5d71,161.15,USDT,14246,mixer_out,5,True
0x76134ccbb35d39f8e5b6ccd5eec7b01b1b451e6512f4c631f3fe2851bfa622fc,0x76134ccbb35d39f8e5b6ccd5eec7b01b1b451e6512f4c631f3fe2851bfa622fc,RAAZ-26-1027,BSC,61156500,2026-08-20T22:05:00+05:30,0xfc15c19543e95a33d8db7989cb39a07f066fb153,0x23a205563f5bb2792656d682615cad5455c8c99a,297.42,USDT,26292,mixer_out,5,True
0x93e1e783800cd9e622178152f8a7b3da143096c20b2624b05ef222abb9cceca0,0x93e1e783800cd9e622178152f8a7b3da143096c20b2624b05ef222abb9cceca0,RAAZ-26-1027,BSC,61156620,2026-08-20T22:11:00+05:30,0xfc15c19543e95a33d8db7989cb39a07f066fb153,0x6ac8b6a7d17841c7d8345fbdad3b1d3b3593f8a7,361.24,USDT,31934,mixer_out,5,True
0xbee63f38b0ffd0f600a7f6c091036f8cd8adaf0099fa99534c3d93751868da10,0xbee63f38b0ffd0f600a7f6c091036f8cd8adaf0099fa99534c3d93751868da10,RAAZ-26-1027,BSC,61159580,2026-08-21T00:39:00+05:30,0xa49bcf606a7839721d5bb8b1a70b7f42863e5d71,0x7d97e08c1b728e877573edec907db4a7969187e9,161.15,USDT,14246,consolidation,3,False
0x09a3ce5a167967d1882c972e595d598e3fc315b65bde095dbac61e93f9e22904,0x09a3ce5a167967d1882c972e595d598e3fc315b65bde095dbac61e93f9e22904,RAAZ-26-1027,BSC,61162400,2026-08-21T03:00:00+05:30,0x23a205563f5bb2792656d682615cad5455c8c99a,0x7d97e08c1b728e877573edec907db4a7969187e9,297.42,USDT,26292,consolidation,3,False
0x060f6b576e2a25a40166d08596c3943b77738816dc8e36375a56b1c67a356ba4,0x060f6b576e2a25a40166d08596c3943b77738816dc8e36375a56b1c67a356ba4,RAAZ-26-1027,BSC,61164800,2026-08-21T05:00:00+05:30,0x6ac8b6a7d17841c7d8345fbdad3b1d3b3593f8a7,0x7d97e08c1b728e877573edec907db4a7969187e9,361.24,USDT,31934,consolidation,3,False
0xfd3df49fc449fddbd34fdfd378b8b905cd9f90328b999c1a0dc394e9d24a60da,0xfd3df49fc449fddbd34fdfd378b8b905cd9f90328b999c1a0dc394e9d24a60da,RAAZ-26-1027,BSC,61166680,2026-08-21T06:34:00+05:30,0x13450d7e0b8a7946febfdd1c5dc42db9009b1f0e,0x7d97e08c1b728e877573edec907db4a7969187e9,188.84,USDT,16693,consolidation,3,False
0x1a1c9b34afffa921b30603a05d3f6e7ca74615f3c3284dc4342b09a716c08f1e,0x1a1c9b34afffa921b30603a05d3f6e7ca74615f3c3284dc4342b09a716c08f1e,RAAZ-26-1027,BSC,61169360,2026-08-21T08:48:00+05:30,0x86e891dc307f7e24afdc0cd59e8082c1625d4c71,0xf4a556fe8ad5b7c378b8b8b8dc7a0ddcd0cf07a3,1559.93,USDT,137898,inbound,0,False
0xa7354ecfad66ee43e228626e177f5e6bd65e8e5248f25806c8979cae84085da7,0xa7354ecfad66ee43e228626e177f5e6bd65e8e5248f25806c8979cae84085da7,RAAZ-26-1027,BSC,61177680,2026-08-21T15:44:00+05:30,0x7d97e08c1b728e877573edec907db4a7969187e9,0x1cec3f2522d2230db7a99c87e9e5a346b438df59,7048.29,USDT,623069,exchange_deposit,4,False
0x62daebfc373c9888c996551345414464b8ceca6bd196cc298bd3129105a22df8,0x62daebfc373c9888c996551345414464b8ceca6bd196cc298bd3129105a22df8,RAAZ-26-1027,BSC,61178540,2026-08-21T16:27:00+05:30,0x1cec3f2522d2230db7a99c87e9e5a346b438df59,0xb9912ef7cb3e354553456ba1466690dff503bec0,7048.29,USDT,623069,exchange_sweep,5,False
1f8ccfc9b84c5a66a85b2f0f25dd5a9433eb540e0638af6942a2ebfefa665731,1f8ccfc9b84c5a66a85b2f0f25dd5a9433eb540e0638af6942a2ebfefa665731,RAAZ-26-1028,TRON,74715320,2026-07-27T12:06:00+05:30,TYZmSid5sYnyzjb7a4mPAA79hxfR1WXhNV,TeXY9z3tm5qWJMx7vfLp16dPZZK1eXX6vz,0.01,USDT,1,dust,0,False
d2ff5911b4e044327158bf5ae66fe9f927567b8283d8938fcf07171836cee930,d2ff5911b4e044327158bf5ae66fe9f927567b8283d8938fcf07171836cee930,RAAZ-26-1028,TRON,74805320,2026-07-30T15:06:00+05:30,TYZmSid5sYnyzjb7a4mPAA79hxfR1WXhNV,TeXY9z3tm5qWJMx7vfLp16dPZZK1eXX6vz,0.01,USDT,1,dust,0,False
b2e87610d798ff2ed8b392199a8f3e8b30ab91e8a7ff57d5f76ac20c7babd889,b2e87610d798ff2ed8b392199a8f3e8b30ab91e8a7ff57d5f76ac20c7babd889,RAAZ-26-1028,TRON,74812520,2026-07-30T21:06:00+05:30,TYZmSid5sYnyzjb7a4mPAA79hxfR1WXhNV,TeXY9z3tm5qWJMx7vfLp16dPZZK1eXX6vz,0.01,USDT,1,dust,0,False
99f263b2f43ff39b72286ce119db3cf48780ff2ee7dd8b0e87b58872215e2a6a,99f263b2f43ff39b72286ce119db3cf48780ff2ee7dd8b0e87b58872215e2a6a,RAAZ-26-1028,TRON,74828120,2026-07-31T10:06:00+05:30,TYZmSid5sYnyzjb7a4mPAA79hxfR1WXhNV,TeXY9z3tm5qWJMx7vfLp16dPZZK1eXX6vz,0.01,USDT,1,dust,0,False
42703966746f3c47765fbbf9d1520bce689d514ab1955e5c2ed265f71900921e,42703966746f3c47765fbbf9d1520bce689d514ab1955e5c2ed265f71900921e,RAAZ-26-1028,TRON,74874920,2026-08-02T01:06:00+05:30,TYZmSid5sYnyzjb7a4mPAA79hxfR1WXhNV,TeXY9z3tm5qWJMx7vfLp16dPZZK1eXX6vz,0.01,USDT,1,dust,0,False
5b1ed324a7954191a56a729343b73e696d8b661e0441f48136e7ea8a46535b21,5b1ed324a7954191a56a729343b73e696d8b661e0441f48136e7ea8a46535b21,RAAZ-26-1028,TRON,74930120,2026-08-03T23:06:00+05:30,TmziMDLamPoATkPRkNRW27j7UB64qfsmgz,TeXY9z3tm5qWJMx7vfLp16dPZZK1eXX6vz,3061.24,USDT,270614,victim_payment,0,False
e8eeaec6df88dc2ed1290f24899c7736d38f033cb3cf947c95c741e2639c7743,e8eeaec6df88dc2ed1290f24899c7736d38f033cb3cf947c95c741e2639c7743,RAAZ-26-1028,TRON,74954120,2026-08-04T19:06:00+05:30,Tm4RxjSY9XnvkBPtXcdwGDQDsNtLriwmw8,TeXY9z3tm5qWJMx7vfLp16dPZZK1eXX6vz,70406.61,USDT,6223944,inbound,0,False
0203f55ac8d998e7d4ee3f30dbe709452b256ae53d0ad7052c8a4b5384eaa878,0203f55ac8d998e7d4ee3f30dbe709452b256ae53d0ad7052c8a4b5384eaa878,RAAZ-26-1028,TRON,74992520,2026-08-06T03:06:00+05:30,TmyLy6gLg5yLuh4LaXv8KmVZXQxUVZWakj,TeXY9z3tm5qWJMx7vfLp16dPZZK1eXX6vz,43135.87,USDT,3813211,inbound,0,False
78b99460004d0a07747e0e2b93cf72f08ad0c1b06307030322f1f54fdb656844,78b99460004d0a07747e0e2b93cf72f08ad0c1b06307030322f1f54fdb656844,RAAZ-26-1028,TRON,75033320,2026-08-07T13:06:00+05:30,TmziMDLamPoATkPRkNRW27j7UB64qfsmgz,TeXY9z3tm5qWJMx7vfLp16dPZZK1eXX6vz,7660.45,USDT,677184,victim_payment,0,False
1e64a53a77eefc9d3156f2c07aa1b4550992cb58374acd82a5ecdcf2e6fed362,1e64a53a77eefc9d3156f2c07aa1b4550992cb58374acd82a5ecdcf2e6fed362,RAAZ-26-1028,TRON,75124520,2026-08-10T17:06:00+05:30,TmziMDLamPoATkPRkNRW27j7UB64qfsmgz,TeXY9z3tm5qWJMx7vfLp16dPZZK1eXX6vz,9505.35,USDT,840273,victim_payment,0,False
e613cfc8b8f1c3faf9bbd3312841a2c4dfddf280c17cc5571eed8d158a2c372d,e613cfc8b8f1c3faf9bbd3312841a2c4dfddf280c17cc5571eed8d158a2c372d,RAAZ-26-1028,TRON,75224120,2026-08-14T04:06:00+05:30,TmziMDLamPoATkPRkNRW27j7UB64qfsmgz,TeXY9z3tm5qWJMx7vfLp16dPZZK1eXX6vz,12761.06,USDT,1128078,victim_payment,0,False
95f876c19a9728ca3705bf49581f8421321de26572e4f8b05950a60b74154d41,95f876c19a9728ca3705bf49581f8421321de26572e4f8b05950a60b74154d41,RAAZ-26-1028,TRON,75322520,2026-08-17T14:06:00+05:30,TmziMDLamPoATkPRkNRW27j7UB64qfsmgz,TeXY9z3tm5qWJMx7vfLp16dPZZK1eXX6vz,17485.64,USDT,1545731,victim_payment,0,False
fc985e8bbbdb8f0a1b7c1eeafc1aafd2f8d1e723b7a6cfdbed8a294757d15dbd,fc985e8bbbdb8f0a1b7c1eeafc1aafd2f8d1e723b7a6cfdbed8a294757d15dbd,RAAZ-26-1028,TRON,75341720,2026-08-18T06:06:00+05:30,TmziMDLamPoATkPRkNRW27j7UB64qfsmgz,TeXY9z3tm5qWJMx7vfLp16dPZZK1eXX6vz,19714.04,USDT,1742721,victim_payment,0,False
a891d8c56a0e13f74306164111846e9ea3cef7afbe64dcf0ac7e036534a23939,a891d8c56a0e13f74306164111846e9ea3cef7afbe64dcf0ac7e036534a23939,RAAZ-26-1028,TRON,75348920,2026-08-18T12:06:00+05:30,TeXY9z3tm5qWJMx7vfLp16dPZZK1eXX6vz,T8ar7FkWTfuGnmRSAEzREXRzxxqY7cWZXX,46055.99,USDT,4071350,layering,1,False
c47478e7056fd2ba1f7654b0c2cc648dc039f0acc64abcd3044b10e5165be3de,c47478e7056fd2ba1f7654b0c2cc648dc039f0acc64abcd3044b10e5165be3de,RAAZ-26-1028,TRON,75349040,2026-08-18T12:12:00+05:30,TeXY9z3tm5qWJMx7vfLp16dPZZK1eXX6vz,T56tn34JGZEhxVawF7U9aau4yinRBo5hXa,50820.43,USDT,4492526,layering,1,False
815e4428cca795e34672026c6a84d3900970c3de2f0c0ab393a5a2b8700018a7,815e4428cca795e34672026c6a84d3900970c3de2f0c0ab393a5a2b8700018a7,RAAZ-26-1028,TRON,75349140,2026-08-18T12:17:00+05:30,TeXY9z3tm5qWJMx7vfLp16dPZZK1eXX6vz,Td5HhcAFcmJJDoxZpcmd2RiKeZAwpw6fvT,55749.31,USDT,4928239,layering,1,False
7f952711423c808f19d33b5534b8588bb4c67261d1a3d100a87651fdde606064,7f952711423c808f19d33b5534b8588bb4c67261d1a3d100a87651fdde606064,RAAZ-26-1028,TRON,75349180,2026-08-18T12:19:00+05:30,TeXY9z3tm5qWJMx7vfLp16dPZZK1eXX6vz,TFBmDQBkpwEZPjCaevvRkfxPdgF7RomCbo,25654.12,USDT,2267824,layering,1,False
c69f5640b7cc3164cc7c66cae81d4dbda226a71e676dc2a0e4d8c0a205151222,c69f5640b7cc3164cc7c66cae81d4dbda226a71e676dc2a0e4d8c0a205151222,RAAZ-26-1028,TRON,75360540,2026-08-18T21:47:00+05:30,TFBmDQBkpwEZPjCaevvRkfxPdgF7RomCbo,TEEwvSNgPxtGc9k1RQeuP4MbR8cszoQr9A,25654.12,USDT,2267824,layering,2,False
f44cb779b3e77cbb6d9bcc953dc19a1f7d7ba8c04b7a60e1220dff5d61873f0c,f44cb779b3e77cbb6d9bcc953dc19a1f7d7ba8c04b7a60e1220dff5d61873f0c,RAAZ-26-1028,TRON,75361520,2026-08-18T22:36:00+05:30,Td5HhcAFcmJJDoxZpcmd2RiKeZAwpw6fvT,TBkAsLrBckh2TTTFScaqPgMBbjo4FrjzXL,55749.31,USDT,4928239,layering,2,False
3235fc28fe98984cbfa0dd0b33eff36229d070fcc01afd31e08fcbf7c3f4ac60,3235fc28fe98984cbfa0dd0b33eff36229d070fcc01afd31e08fcbf7c3f4ac60,RAAZ-26-1028,TRON,75362020,2026-08-18T23:01:00+05:30,T56tn34JGZEhxVawF7U9aau4yinRBo5hXa,THafSaAPSPbBuvkC5SxuCtEue3UgR3thaM,50820.43,USDT,4492526,layering,2,False
c14911522de771ca76d2bf34ac002bc0cbe0485a6f808ab5d39e2d50240f74f1,c14911522de771ca76d2bf34ac002bc0cbe0485a6f808ab5d39e2d50240f74f1,RAAZ-26-1028,TRON,75363660,2026-08-19T00:23:00+05:30,TEEwvSNgPxtGc9k1RQeuP4MbR8cszoQr9A,TVMUQL8jRiD8nXrHTpgzgQTn8QeQkMpuRG,25654.12,USDT,2267824,layering,3,False
5d37b1ca8d5a803e852b3b5440a8e1858026e528ea4c54d0b43de5f91d116adb,5d37b1ca8d5a803e852b3b5440a8e1858026e528ea4c54d0b43de5f91d116adb,RAAZ-26-1028,TRON,75365180,2026-08-19T01:39:00+05:30,T8ar7FkWTfuGnmRSAEzREXRzxxqY7cWZXX,TiHKvRjBjs4fN2nn7J8vxwhzCNpichka6A,46055.99,USDT,4071350,layering,2,False
28bdd3c481d61a42c3378c994577859289e16535b03e91c0d4ea43728bdbb8f5,28bdd3c481d61a42c3378c994577859289e16535b03e91c0d4ea43728bdbb8f5,RAAZ-26-1028,TRON,75370120,2026-08-19T05:46:00+05:30,TiHKvRjBjs4fN2nn7J8vxwhzCNpichka6A,Teq3RvHfpDcGZD21HAWkvEJAFeqZM5V8vy,46055.99,USDT,4071350,exchange_deposit,3,False
a93c3f4c6f1876600f4d2dce93a63deea82b9d1085c706aee56e047e749abe2f,a93c3f4c6f1876600f4d2dce93a63deea82b9d1085c706aee56e047e749abe2f,RAAZ-26-1028,TRON,75373080,2026-08-19T08:14:00+05:30,TBkAsLrBckh2TTTFScaqPgMBbjo4FrjzXL,Teq3RvHfpDcGZD21HAWkvEJAFeqZM5V8vy,55749.31,USDT,4928239,exchange_deposit,3,False
c23825a0ebcf8acbc2b41c65286051605616844640fa58e1c561bdf3881f58f6,c23825a0ebcf8acbc2b41c65286051605616844640fa58e1c561bdf3881f58f6,RAAZ-26-1028,TRON,75373120,2026-08-19T08:16:00+05:30,TVMUQL8jRiD8nXrHTpgzgQTn8QeQkMpuRG,TfXyx6MREDrFq7KCR6cXMFmsKaMnpxgcog,25654.12,USDT,2267824,exchange_deposit,4,False
7e74f7e57a85a04169ac4a151d10128ac85392ca129f4387415fb9f623ffa202,7e74f7e57a85a04169ac4a151d10128ac85392ca129f4387415fb9f623ffa202,RAAZ-26-1028,TRON,75373140,2026-08-19T08:17:00+05:30,THafSaAPSPbBuvkC5SxuCtEue3UgR3thaM,THXujyCUL2PPpiejVUpNmULYNQ9U8uirYy,50820.43,USDT,4492526,layering,3,False
4f50d4a36dcb28bfd0bd78ab39c3f61bbc8d5b61f0a81522146a33c5ab5fcbd1,4f50d4a36dcb28bfd0bd78ab39c3f61bbc8d5b61f0a81522146a33c5ab5fcbd1,RAAZ-26-1028,TRON,75374020,2026-08-19T09:01:00+05:30,Teq3RvHfpDcGZD21HAWkvEJAFeqZM5V8vy,TuM61AHDvWeuySHeoYjZPLiYxwK2pK5h9X,101805.3,USDT,8999589,exchange_sweep,4,False
44167f4f0111c41fd51b13ec4701257add18d499c7cc7e80eff0be0bf6137815,44167f4f0111c41fd51b13ec4701257add18d499c7cc7e80eff0be0bf6137815,RAAZ-26-1028,TRON,75381620,2026-08-19T15:21:00+05:30,THXujyCUL2PPpiejVUpNmULYNQ9U8uirYy,TfXyx6MREDrFq7KCR6cXMFmsKaMnpxgcog,50820.43,USDT,4492526,exchange_deposit,4,False
bf61bec03156995dcd535bd273f6d4120a14614a67c54a8016336e5fa624e086,bf61bec03156995dcd535bd273f6d4120a14614a67c54a8016336e5fa624e086,RAAZ-26-1028,TRON,75382520,2026-08-19T16:06:00+05:30,TfXyx6MREDrFq7KCR6cXMFmsKaMnpxgcog,TJnZYCe4Ga1kWs143YNoXfMspdxufwQZfs,76474.55,USDT,6760350,exchange_sweep,5,False
68daecf72ea40ae3181f153ee1665be2451a107251603da81ec81dcc5d558f46,68daecf72ea40ae3181f153ee1665be2451a107251603da81ec81dcc5d558f46,RAAZ-26-1029,TRON,75800140,2026-09-03T04:07:00+05:30,TMBn9ov5BUcUAtRB31dV9jUghRNYkGSbUb,T7gMqk5qdM6FMUF86paWPeVBRur7v6E3HJ,613.75,USDT,54256,inbound,0,False
8163e16d673c23575a774656d7b30bd99f2b6c78b8fc186d71f168b9db6b0632,8163e16d673c23575a774656d7b30bd99f2b6c78b8fc186d71f168b9db6b0632,RAAZ-26-1029,TRON,75827740,2026-09-04T03:07:00+05:30,TECa4bfPSmEz7xDCHu82kz3P1zY6P3xAkP,T7gMqk5qdM6FMUF86paWPeVBRur7v6E3HJ,360.13,USDT,31835,inbound,0,False
9a92461bc461d04e00b3e48f23741f475c1badc4300efdac4a1b8e64928cca14,9a92461bc461d04e00b3e48f23741f475c1badc4300efdac4a1b8e64928cca14,RAAZ-26-1029,TRON,75868540,2026-09-05T13:07:00+05:30,TUJ8cBhzzf1EAysZ9SJK6LdmXQfgnUeA93,T7gMqk5qdM6FMUF86paWPeVBRur7v6E3HJ,221.88,USDT,19614,victim_payment,0,False
2c0c6cb5ff482a28c4b9ac22972c8526e4f03c51389d952a837563771e21a5f7,2c0c6cb5ff482a28c4b9ac22972c8526e4f03c51389d952a837563771e21a5f7,RAAZ-26-1029,TRON,75935740,2026-09-07T21:07:00+05:30,TUJ8cBhzzf1EAysZ9SJK6LdmXQfgnUeA93,T7gMqk5qdM6FMUF86paWPeVBRur7v6E3HJ,644.64,USDT,56986,victim_payment,0,False
53abea848d8b67e0fe32035a3fc22dae4252c987797377ed21b2f3696c0938f7,53abea848d8b67e0fe32035a3fc22dae4252c987797377ed21b2f3696c0938f7,RAAZ-26-1029,TRON,75937020,2026-09-07T22:11:00+05:30,T7gMqk5qdM6FMUF86paWPeVBRur7v6E3HJ,Td7ULB2rEHVTXEjQkwuJx14JYQVD7W4MMN,280.33,USDT,24781,layering,1,False
d72e60ee3e13e0cebf4f93d9e3183ae388b08b832cb6ed96942f5d09ebae6ed9,d72e60ee3e13e0cebf4f93d9e3183ae388b08b832cb6ed96942f5d09ebae6ed9,RAAZ-26-1029,TRON,75937300,2026-09-07T22:25:00+05:30,T7gMqk5qdM6FMUF86paWPeVBRur7v6E3HJ,TwRMYF1TNaMAeogNX1ZnDjeosNJy2NqLXX,354.69,USDT,31355,layering,1,False
e4f5dcfba9b6da80a1f2abc5a179bcf198d29d0af08eeb1a44c909543f6da682,e4f5dcfba9b6da80a1f2abc5a179bcf198d29d0af08eeb1a44c909543f6da682,RAAZ-26-1029,TRON,75937380,2026-09-07T22:29:00+05:30,T7gMqk5qdM6FMUF86paWPeVBRur7v6E3HJ,TrbNnL1PVufaGzdA5osvC2dbSN8DnjPBTZ,533.26,USDT,47140,layering,1,False
40262486b1b78262f8f90a6b3576ee44e93f1ccfec795c5c8b414215809f55f9,40262486b1b78262f8f90a6b3576ee44e93f1ccfec795c5c8b414215809f55f9,RAAZ-26-1029,TRON,75937400,2026-09-07T22:30:00+05:30,T7gMqk5qdM6FMUF86paWPeVBRur7v6E3HJ,TqeMXdVxb1NCtk4KSfMbdVn4DZkcvFh4z5,659.41,USDT,58292,layering,1,False
98d0d2f26edb752381fce8abf72b56966c9f81d6c2329b9da529db316d4d1b32,98d0d2f26edb752381fce8abf72b56966c9f81d6c2329b9da529db316d4d1b32,RAAZ-26-1029,TRON,75937420,2026-09-07T22:31:00+05:30,T7gMqk5qdM6FMUF86paWPeVBRur7v6E3HJ,TFiCsXWEpFv8b3ytFaRJ3C8PXkBnhxGTKm,224.67,USDT,19861,layering,1,False
586e7955d5c8dbf5f92ab1e6382ce4957e0ef4254048f69a20d6470a5f53799e,586e7955d5c8dbf5f92ab1e6382ce4957e0ef4254048f69a20d6470a5f53799e,RAAZ-26-1029,TRON,75937660,2026-09-07T22:43:00+05:30,T7gMqk5qdM6FMUF86paWPeVBRur7v6E3HJ,TweNUk7FiJT114aGNN7tEYiTk2qCgAH7YN,497.84,USDT,44009,layering,1,False
641ce118517719e29a1ce131213f6cda075806ee24ad7e3ab33a94d2fc14e1ae,641ce118517719e29a1ce131213f6cda075806ee24ad7e3ab33a94d2fc14e1ae,RAAZ-26-1029,TRON,75947540,2026-09-08T06:57:00+05:30,TFiCsXWEpFv8b3ytFaRJ3C8PXkBnhxGTKm,TbUxGTJmjD3tP5D444RN9P7rBLGGwHmZkG,224.67,USDT,19861,layering,2,False
b7410b3d452e06bbf2705f49f0aabf56db90a4e8015dd21f06501fa03543e9af,b7410b3d452e06bbf2705f49f0aabf56db90a4e8015dd21f06501fa03543e9af,RAAZ-26-1029,TRON,75947560,2026-09-08T06:58:00+05:30,TqeMXdVxb1NCtk4KSfMbdVn4DZkcvFh4z5,TgTLW8r12LDjJJDnvLznRmxT95Wvb25XTi,659.41,USDT,58292,bridge_in,2,False
0x6f1ea53e9b02f08a2c51cf673b4e499e2a450f0058afcc8a8c0e21f91a508f31,0x6f1ea53e9b02f08a2c51cf673b4e499e2a450f0058afcc8a8c0e21f91a508f31,RAAZ-26-1029,POLYGON,76353820,2026-09-08T07:14:00+05:30,TgTLW8r12LDjJJDnvLznRmxT95Wvb25XTi,0x0942c8413ed2b89ccf05073911d8cef3ae3dbeab,658.09,USDT,58175,bridge_out,3,False
98070be873d658b164a6d857bd74dfd8f1d941c0770ead567d9c3fcb9c52e7ec,98070be873d658b164a6d857bd74dfd8f1d941c0770ead567d9c3fcb9c52e7ec,RAAZ-26-1029,TRON,75949020,2026-09-08T08:11:00+05:30,Td7ULB2rEHVTXEjQkwuJx14JYQVD7W4MMN,TiLy3xhVUmdXa1UrBmaas7v2soTUEiXz1j,280.33,USDT,24781,layering,2,False
5ef5eade00bb07e125e487f2c188d5b643d269fd4c4ae082d5c350e71e412267,5ef5eade00bb07e125e487f2c188d5b643d269fd4c4ae082d5c350e71e412267,RAAZ-26-1029,TRON,75950660,2026-09-08T09:33:00+05:30,TwRMYF1TNaMAeogNX1ZnDjeosNJy2NqLXX,TDxQksDvbqZENSEF6WrdiQ3QeAAHWQ7xZ6,354.69,USDT,31355,layering,2,False
a29942eaf4d036d2c1aa59fe7410fc22a257fb8fc5f48b4d01e8a76bf39da739,a29942eaf4d036d2c1aa59fe7410fc22a257fb8fc5f48b4d01e8a76bf39da739,RAAZ-26-1029,TRON,75951600,2026-09-08T10:20:00+05:30,TiLy3xhVUmdXa1UrBmaas7v2soTUEiXz1j,T7GfXhCzEgLCFirFoi9chxpwwcMEbHn9Ji,280.33,USDT,24781,layering,3,False
3e90697ccde6573896f8da6d4c474b3600e173a9f8b6d08d095cd2a5a86862d1,3e90697ccde6573896f8da6d4c474b3600e173a9f8b6d08d095cd2a5a86862d1,RAAZ-26-1029,TRON,75951840,2026-09-08T10:32:00+05:30,TweNUk7FiJT114aGNN7tEYiTk2qCgAH7YN,T2eCdRdrvrmbymYT5TYEkEAnRMwqnhmTkz,497.84,USDT,44009,layering,2,False
6eca0e944d191ce1a36ac3ee623f054d9ed445115c18e2eb0a8dfcab45fa4e72,6eca0e944d191ce1a36ac3ee623f054d9ed445115c18e2eb0a8dfcab45fa4e72,RAAZ-26-1029,TRON,75951920,2026-09-08T10:36:00+05:30,TbUxGTJmjD3tP5D444RN9P7rBLGGwHmZkG,TjgQoHmgCWujhmk5RDg8PjT7iTFyLkX14s,224.67,USDT,19861,layering,3,False
9f87dddd412c3e79fb90f4bd3a4868328d0c9d1d1859b8503613b2e90a296e5f,9f87dddd412c3e79fb90f4bd3a4868328d0c9d1d1859b8503613b2e90a296e5f,RAAZ-26-1029,TRON,75953160,2026-09-08T11:38:00+05:30,TrbNnL1PVufaGzdA5osvC2dbSN8DnjPBTZ,TuUrXnxyFR4cCjiXHeqhiRk8LZFScQ2Sjb,533.26,USDT,47140,layering,2,False
8f917af58979fef8d59aacce5722a3a104f622a6f6963d9eabda4d0671d7d04f,8f917af58979fef8d59aacce5722a3a104f622a6f6963d9eabda4d0671d7d04f,RAAZ-26-1029,TRON,75962040,2026-09-08T19:02:00+05:30,T2eCdRdrvrmbymYT5TYEkEAnRMwqnhmTkz,TLEgdV3h9fEph2V4VV9Ebhi5pbzRDjYqPp,497.84,USDT,44009,layering,3,False
cb925c36ea8f8d103f6c932395219558aefce0f3e0cfea805f51ec196d918dd7,cb925c36ea8f8d103f6c932395219558aefce0f3e0cfea805f51ec196d918dd7,RAAZ-26-1029,TRON,75966860,2026-09-08T23:03:00+05:30,TjgQoHmgCWujhmk5RDg8PjT7iTFyLkX14s,TsQaxQSTHSB8keMA6nALruXBQ6UJr3fVzp,224.67,USDT,19861,layering,4,False
24d5e23d740e3aa44e4c4bac03fb874fbe90e3c8fe753136f8b76fabcc1a2764,24d5e23d740e3aa44e4c4bac03fb874fbe90e3c8fe753136f8b76fabcc1a2764,RAAZ-26-1029,TRON,75974140,2026-09-09T05:07:00+05:30,T2WW1EP9pwqPcRW7NWTC7rcZJdHavwt1Ve,T7gMqk5qdM6FMUF86paWPeVBRur7v6E3HJ,721.85,USDT,63812,inbound,0,False
0x9622784573355d42e24fe9999a7350735932858ae93b3b928598014572dbebee,0x9622784573355d42e24fe9999a7350735932858ae93b3b928598014572dbebee,RAAZ-26-1030,POLYGON,76387330,2026-09-09T01:51:00+05:30,0x26e527a7f819738d2464bf8ca393da207927f355,0x0caef3bb5f535e4ec67435add2a50df964934904,2008.76,USDT,177574,inbound,0,False
0x7aea0544098ff59c76434d46eaed87a8a15dcc693293e2b06588587af4f10933,0x7aea0544098ff59c76434d46eaed87a8a15dcc693293e2b06588587af4f10933,RAAZ-26-1030,POLYGON,76453930,2026-09-10T14:51:00+05:30,0x2bb96ba403f9ee817fee57bf57318c282f092050,0x0caef3bb5f535e4ec67435add2a50df964934904,1807.29,USDT,159764,inbound,0,False
0xc13dac0f0789ea2e0f6e84611954bdad9f910a65bfea29f2b1c7efd90c3daaf5,0xc13dac0f0789ea2e0f6e84611954bdad9f910a65bfea29f2b1c7efd90c3daaf5,RAAZ-26-1030,POLYGON,76493530,2026-09-11T12:51:00+05:30,0xfff9b803f821f2d72182db2b4febaa48edbeddd6,0x0caef3bb5f535e4ec67435add2a50df964934904,8029.27,USDT,709787,inbound,0,False
0xe38f11009aecc03116f4efe3266077585f0a902b8628bf7f70921742eaf81cbb,0xe38f11009aecc03116f4efe3266077585f0a902b8628bf7f70921742eaf81cbb,RAAZ-26-1030,POLYGON,76502530,2026-09-11T17:51:00+05:30,0xd093d20c2c3ada755764545e665a1dcad38404a6,0x0caef3bb5f535e4ec67435add2a50df964934904,13582.58,USDT,1200700,victim_payment,0,False
0x57271f2bef0ff8f1901e805b0be715e9f24f663c8b6a023a9fbe6f9f35b10e58,0x57271f2bef0ff8f1901e805b0be715e9f24f663c8b6a023a9fbe6f9f35b10e58,RAAZ-26-1030,POLYGON,76504330,2026-09-11T18:51:00+05:30,0xc0a156877d78fa703abc2a2ddfb8c86a923bb35d,0x0caef3bb5f535e4ec67435add2a50df964934904,9799.96,USDT,866316,inbound,0,False
0x59e73fb4dc14cf8e6f42b93334ae91e3267affaa479f7333a28c84ec5352d6db,0x59e73fb4dc14cf8e6f42b93334ae91e3267affaa479f7333a28c84ec5352d6db,RAAZ-26-1030,POLYGON,76511680,2026-09-11T22:56:00+05:30,0x0caef3bb5f535e4ec67435add2a50df964934904,0xa48292c848ea8b6c0f8dfc5465f711cf3500550e,34155.08,USDT,3019309,layering,1,False
0x585a35c5c58a2d073dec7ec6663db5586ecfdc0bbb6e4f5faf63526ea4e04ecf,0x585a35c5c58a2d073dec7ec6663db5586ecfdc0bbb6e4f5faf63526ea4e04ecf,RAAZ-26-1030,POLYGON,76511980,2026-09-11T23:06:00+05:30,0xa48292c848ea8b6c0f8dfc5465f711cf3500550e,0xd6170b38d4700d789136801a5e0f12785698d13c,34155.08,USDT,3019309,layering,2,False
0xe6947e9717062d6ab7d342cc6e317aaa6d2ddd7161821e6a041fb636354a002e,0xe6947e9717062d6ab7d342cc6e317aaa6d2ddd7161821e6a041fb636354a002e,RAAZ-26-1030,POLYGON,76512760,2026-09-11T23:32:00+05:30,0xd6170b38d4700d789136801a5e0f12785698d13c,0x4623dafd7318f19478169f2e45934856b17fe24e,34155.08,USDT,3019309,consolidation,3,False
0xdff7585b4f501a6de98f0602ac29d9927fb205f851e09541e5425506d4f32338,0xdff7585b4f501a6de98f0602ac29d9927fb205f851e09541e5425506d4f32338,RAAZ-26-1030,POLYGON,76513420,2026-09-11T23:54:00+05:30,0x4623dafd7318f19478169f2e45934856b17fe24e,0xa7305abefe32e7311f2273ddc9c61538a2438145,32448.56,USDT,2868453,exchange_deposit,4,False
0x5841ec046c9101b956805f459cd3afc77999445e5d34615157c4193ad4c07a11,0x5841ec046c9101b956805f459cd3afc77999445e5d34615157c4193ad4c07a11,RAAZ-26-1030,POLYGON,76515370,2026-09-12T00:59:00+05:30,0xa7305abefe32e7311f2273ddc9c61538a2438145,0xf7772a98b71b2239c4dd63d373352f850339baea,32448.56,USDT,2868453,exchange_sweep,5,False
dfd9b16abd2e3097b49b26057ae33853f8b7b1e95e63ef52b5362573b679a7ee:0,dfd9b16abd2e3097b49b26057ae33853f8b7b1e95e63ef52b5362573b679a7ee,RAAZ-26-1031,BTC,911771,2026-08-30T21:50:00+05:30,bc1qqgfftmlt6h9u0a0gu68z4vnv7mal94faptjyfg,bc1ql5lt226na59sja572hkactydhhujs89hlhpuar,0.003112,BTC,29408,victim_payment,0,False
639dc19fe41eb731c85a523fed4e1f944e8800bfb4720907351847ff0784e57e:0,639dc19fe41eb731c85a523fed4e1f944e8800bfb4720907351847ff0784e57e,RAAZ-26-1031,BTC,911933,2026-09-01T00:50:00+05:30,bc1qvs36j6m05tqyj877qa4src2ulqj6uhmlkc2lk8,bc1ql5lt226na59sja572hkactydhhujs89hlhpuar,0.001663,BTC,15715,inbound,0,False
9d84fd8036a108d7e447b731822ffba1af1063327d586c2e65f289d295aa90e0:0,9d84fd8036a108d7e447b731822ffba1af1063327d586c2e65f289d295aa90e0,RAAZ-26-1031,BTC,911951,2026-09-01T03:50:00+05:30,bc1qqgfftmlt6h9u0a0gu68z4vnv7mal94faptjyfg,bc1ql5lt226na59sja572hkactydhhujs89hlhpuar,0.003237,BTC,30590,victim_payment,0,False
7eb9f6607b731ce8c25296c67de268219f48b334b2a3ce2b5f91e007e4f0049e:0,7eb9f6607b731ce8c25296c67de268219f48b334b2a3ce2b5f91e007e4f0049e,RAAZ-26-1031,BTC,911974,2026-09-01T07:41:00+05:30,bc1ql5lt226na59sja572hkactydhhujs89hlhpuar,bc1q8pd8gtxut8dvs0nvdeyp5svhh090y8ge505w03,0.00159,BTC,15026,layering,1,False
7eb9f6607b731ce8c25296c67de268219f48b334b2a3ce2b5f91e007e4f0049e:1,7eb9f6607b731ce8c25296c67de268219f48b334b2a3ce2b5f91e007e4f0049e,RAAZ-26-1031,BTC,911974,2026-09-01T07:41:00+05:30,bc1ql5lt226na59sja572hkactydhhujs89hlhpuar,bc1qm7pp58t8xqsq2v7ehqt82phzy0s8vgze6s87mx,0.003064,BTC,28955,layering,1,False
7eb9f6607b731ce8c25296c67de268219f48b334b2a3ce2b5f91e007e4f0049e:2,7eb9f6607b731ce8c25296c67de268219f48b334b2a3ce2b5f91e007e4f0049e,RAAZ-26-1031,BTC,911974,2026-09-01T07:41:00+05:30,bc1ql5lt226na59sja572hkactydhhujs89hlhpuar,bc1q0j7h22h5mq2kn9nw7t7e9fmakauycmggqdu0w4,0.002386,BTC,22548,layering,1,False
7eb9f6607b731ce8c25296c67de268219f48b334b2a3ce2b5f91e007e4f0049e:3,7eb9f6607b731ce8c25296c67de268219f48b334b2a3ce2b5f91e007e4f0049e,RAAZ-26-1031,BTC,911974,2026-09-01T07:41:00+05:30,bc1ql5lt226na59sja572hkactydhhujs89hlhpuar,bc1qlupcqs36pu2a6cmva9pjr07g6xysefpppyvp55,0.000854,BTC,8070,layering,1,False
8634fb0d4bfe3a70b478940018540175c9e907a6965b6f9736a55226377b94bb:0,8634fb0d4bfe3a70b478940018540175c9e907a6965b6f9736a55226377b94bb,RAAZ-26-1031,BTC,911974,2026-09-01T07:43:00+05:30,bc1qm7pp58t8xqsq2v7ehqt82phzy0s8vgze6s87mx,bc1quuf0mz2x08n42dyrt4wjcx7mgmsekmmkkcdvy4,0.003064,BTC,28955,layering,2,False
d9a1d899eefcab6d9cc7068fdc13267fe3dd7e6da9ec77e667d85a8fe9a8bf04:0,d9a1d899eefcab6d9cc7068fdc13267fe3dd7e6da9ec77e667d85a8fe9a8bf04,RAAZ-26-1031,BTC,911974,2026-09-01T07:45:00+05:30,bc1qlupcqs36pu2a6cmva9pjr07g6xysefpppyvp55,bc1qzlzpk7exjmfecn0jwmenw3ylk8gx4ldc5wgzfg,0.000854,BTC,8070,layering,2,False
a361d58300c8293a4ce9e8dd1af59de5ef6ca35fd3cbcf5e9fdbf27c03db9ecc:0,a361d58300c8293a4ce9e8dd1af59de5ef6ca35fd3cbcf5e9fdbf27c03db9ecc,RAAZ-26-1031,BTC,911974,2026-09-01T07:47:00+05:30,bc1q0j7h22h5mq2kn9nw7t7e9fmakauycmggqdu0w4,bc1qmgngr4cmtg7eyns9d4djuta4v2dxlvyvp4t3mp,0.002386,BTC,22548,layering,2,False
b700dcee740558a46e3cf1ae4b815400ab0d3bdb56b3812aa5867a12d5823b3d:0,b700dcee740558a46e3cf1ae4b815400ab0d3bdb56b3812aa5867a12d5823b3d,RAAZ-26-1031,BTC,911975,2026-09-01T07:52:00+05:30,bc1quuf0mz2x08n42dyrt4wjcx7mgmsekmmkkcdvy4,bc1qdkylmzekh0dfe3j62sz97ak7lskn8je7gzm0en,0.003064,BTC,28955,layering,3,False
ea2a15772e99bbeae7e8c35f1be90fa8ef8ad9996c0b04cb4713454f7e4617f8:0,ea2a15772e99bbeae7e8c35f1be90fa8ef8ad9996c0b04cb4713454f7e4617f8,RAAZ-26-1031,BTC,911975,2026-09-01T07:55:00+05:30,bc1q8pd8gtxut8dvs0nvdeyp5svhh090y8ge505w03,bc1qfl2mhhm42t25kgp5e9fdm4ljy6kzgh45w5gnut,0.000137,BTC,1295,peel,2,False
ea2a15772e99bbeae7e8c35f1be90fa8ef8ad9996c0b04cb4713454f7e4617f8:1,ea2a15772e99bbeae7e8c35f1be90fa8ef8ad9996c0b04cb4713454f7e4617f8,RAAZ-26-1031,BTC,911975,2026-09-01T07:55:00+05:30,bc1q8pd8gtxut8dvs0nvdeyp5svhh090y8ge505w03,bc1qumzq04eees7vwgp0j3xve9q03cxpdkr0s683nm,0.001454,BTC,13740,layering,2,False
c09e092bc161c0d2cc917b29c22fd684ee307c1c840a6aa35ee8938f90dfb5a5:0,c09e092bc161c0d2cc917b29c22fd684ee307c1c840a6aa35ee8938f90dfb5a5,RAAZ-26-1031,BTC,911977,2026-09-01T08:10:00+05:30,bc1qzlzpk7exjmfecn0jwmenw3ylk8gx4ldc5wgzfg,bc1qqk0t7p3r6q49r7heu43dyzqwr0v8cax6gjqt3f,0.000854,BTC,8070,mixer_in,3,False
234162f96f49d6c882e8850d4eee6ff4df2d1d0931c89e50657c902a47563436:0,234162f96f49d6c882e8850d4eee6ff4df2d1d0931c89e50657c902a47563436,RAAZ-26-1031,BTC,911977,2026-09-01T08:11:00+05:30,bc1qmgngr4cmtg7eyns9d4djuta4v2dxlvyvp4t3mp,bc1qpzk8tx8v2nzt39jef4kem05fe5dg9haashy3je,0.002386,BTC,22548,layering,3,False
ca7a96246fcb3ec4e7e2c8d7571834da3337c67b236c6a8fa73f8bbcb746a935:0,ca7a96246fcb3ec4e7e2c8d7571834da3337c67b236c6a8fa73f8bbcb746a935,RAAZ-26-1031,BTC,911977,2026-09-01T08:13:00+05:30,bc1qpzk8tx8v2nzt39jef4kem05fe5dg9haashy3je,bc1q677prh5g6dhdxtwtsv7t6gghd6j39kae4qxcxt,0.002386,BTC,22548,layering,4,False
635cdef2b890341cbd1ee1569e1fc1feafa9c7733448bcbcd80bdf660fb99c49:0,635cdef2b890341cbd1ee1569e1fc1feafa9c7733448bcbcd80bdf660fb99c49,RAAZ-26-1031,BTC,911978,2026-09-01T08:21:00+05:30,bc1qumzq04eees7vwgp0j3xve9q03cxpdkr0s683nm,bc1qvtgefsm3ayu8hzkzc2y945knec7jsxtvhsc73d,0.000162,BTC,1531,peel,3,False
635cdef2b890341cbd1ee1569e1fc1feafa9c7733448bcbcd80bdf660fb99c49:1,635cdef2b890341cbd1ee1569e1fc1feafa9c7733448bcbcd80bdf660fb99c49,RAAZ-26-1031,BTC,911978,2026-09-01T08:21:00+05:30,bc1qumzq04eees7vwgp0j3xve9q03cxpdkr0s683nm,bc1q859wu04ay08wthpdjxlgy4smry64mlc49dsx6l,0.001291,BTC,12200,layering,3,False
11d77a5f82b09f0d7862c8efe12cefc3ddd4d95b82419175098461fd8a1b6a61:0,11d77a5f82b09f0d7862c8efe12cefc3ddd4d95b82419175098461fd8a1b6a61,RAAZ-26-1031,BTC,911980,2026-09-01T08:41:00+05:30,bc1q859wu04ay08wthpdjxlgy4smry64mlc49dsx6l,bc1qzvpfmtp6pyn6wknl00ahckcf0as86klntt0mr2,0.000134,BTC,1266,peel,4,False
11d77a5f82b09f0d7862c8efe12cefc3ddd4d95b82419175098461fd8a1b6a61:1,11d77a5f82b09f0d7862c8efe12cefc3ddd4d95b82419175098461fd8a1b6a61,RAAZ-26-1031,BTC,911980,2026-09-01T08:41:00+05:30,bc1q859wu04ay08wthpdjxlgy4smry64mlc49dsx6l,bc1qwm303lcrj9lapahr0pv554au2mntgqs2tan836,0.001158,BTC,10943,layering,4,False
41ba16c2c7d0cf090176933343aee5b2fe6026b765fbb6f709fd8ddcab090320:0,41ba16c2c7d0cf090176933343aee5b2fe6026b765fbb6f709fd8ddcab090320,RAAZ-26-1031,BTC,911981,2026-09-01T08:55:00+05:30,bc1qwm303lcrj9lapahr0pv554au2mntgqs2tan836,bc1qtzn7sa9t3ackddla5uejdelfgeah36k26e5tsu,0.00015,BTC,1417,peel,5,False
41ba16c2c7d0cf090176933343aee5b2fe6026b765fbb6f709fd8ddcab090320:1,41ba16c2c7d0cf090176933343aee5b2fe6026b765fbb6f709fd8ddcab090320,RAAZ-26-1031,BTC,911981,2026-09-01T08:55:00+05:30,bc1qwm303lcrj9lapahr0pv554au2mntgqs2tan836,bc1qk9z7wh7jpqancapv8l6etvu4uxu47e7capzqg2,0.001007,BTC,9516,layering,5,False
18229fe6f1a8072b4f91ecf5f4cf5bfdd24b684fbe0632104856654dc9a0bca9:0,18229fe6f1a8072b4f91ecf5f4cf5bfdd24b684fbe0632104856654dc9a0bca9,RAAZ-26-1031,BTC,911982,2026-09-01T09:09:00+05:30,bc1qk9z7wh7jpqancapv8l6etvu4uxu47e7capzqg2,bc1qul694p9jl08gxafmjwe5hmh7uv72h09vm99ytd,0.000126,BTC,1191,peel,6,False
18229fe6f1a8072b4f91ecf5f4cf5bfdd24b684fbe0632104856654dc9a0bca9:1,18229fe6f1a8072b4f91ecf5f4cf5bfdd24b684fbe0632104856654dc9a0bca9,RAAZ-26-1031,BTC,911982,2026-09-01T09:09:00+05:30,bc1qk9z7wh7jpqancapv8l6etvu4uxu47e7capzqg2,bc1qa5fewm2r9p46jqcpukglp6je3ugtep7hlktnsl,0.000882,BTC,8335,layering,6,False
217569136e2357031c1d16f46f08a379c06519a060e8a5b5731790e94a5b6055:0,217569136e2357031c1d16f46f08a379c06519a060e8a5b5731790e94a5b6055,RAAZ-26-1031,BTC,912087,2026-09-02T02:32:00+05:30,bc1qqk0t7p3r6q49r7heu43dyzqwr0v8cax6gjqt3f,bc1q6nj2sullr02f6a4rakvrlf6huk8ts3fzqde447,0.000173,BTC,1635,mixer_out,4,True
2c7872b2714a0ed649e37e4623e748479136becc94bb943947458955e7ecb150:0,2c7872b2714a0ed649e37e4623e748479136becc94bb943947458955e7ecb150,RAAZ-26-1031,BTC,912091,2026-09-02T03:12:00+05:30,bc1qqk0t7p3r6q49r7heu43dyzqwr0v8cax6gjqt3f,bc1q9ym8mjajk6wn8sprdah6uzh5x864gznjpp5aza,0.000368,BTC,3478,mixer_out,4,True
e872c53f90098bddd258682db86b48430ba9af81a7a5ea150b41dc8a2270b1fc:0,e872c53f90098bddd258682db86b48430ba9af81a7a5ea150b41dc8a2270b1fc,RAAZ-26-1031,BTC,912093,2026-09-02T03:30:00+05:30,bc1qqk0t7p3r6q49r7heu43dyzqwr0v8cax6gjqt3f,bc1qc43xrltgusvk52jxk26trw2lkgplkya0097xxt,0.000292,BTC,2759,mixer_out,4,True
491233173f6890523c8e82be3603077701209f03664a38bbf3db4b3ea5931e38,491233173f6890523c8e82be3603077701209f03664a38bbf3db4b3ea5931e38,RAAZ-26-1032,TRON,73294080,2026-06-08T03:44:00+05:30,TXcZTKY1Vwy9PvP1wxUtRKwv5S8aFgUYai,TgF1jhLdc4QXKPHJReckh94wm8ocQ5wN3L,1676.26,USDT,148181,victim_payment,0,False
b2f9a12d7ee9266709df503675f0e66e7eefae4458a53ebe56aeaf665d3be5a3,b2f9a12d7ee9266709df503675f0e66e7eefae4458a53ebe56aeaf665d3be5a3,RAAZ-26-1032,TRON,73310880,2026-06-08T17:44:00+05:30,TXcZTKY1Vwy9PvP1wxUtRKwv5S8aFgUYai,TgF1jhLdc4QXKPHJReckh94wm8ocQ5wN3L,2292.0,USDT,202613,victim_payment,0,False
77734789a09b40b6cd9f3d6d75308b45610f48dc79ca9347b74a0926b616065e,77734789a09b40b6cd9f3d6d75308b45610f48dc79ca9347b74a0926b616065e,RAAZ-26-1032,TRON,73361280,2026-06-10T11:44:00+05:30,TXcZTKY1Vwy9PvP1wxUtRKwv5S8aFgUYai,TgF1jhLdc4QXKPHJReckh94wm8ocQ5wN3L,2665.63,USDT,235642,victim_payment,0,False
fb310e4b948c3ca2638ae9f6172341a823e95243fa1324d99d48dea6cdc77a68,fb310e4b948c3ca2638ae9f6172341a823e95243fa1324d99d48dea6cdc77a68,RAAZ-26-1032,TRON,73470480,2026-06-14T06:44:00+05:30,TXcZTKY1Vwy9PvP1wxUtRKwv5S8aFgUYai,TgF1jhLdc4QXKPHJReckh94wm8ocQ5wN3L,4674.93,USDT,413264,victim_payment,0,False
01e17d33af53818ea12eb06251c4564416cfacf7e5c9123072e9fa88ecc70d72,01e17d33af53818ea12eb06251c4564416cfacf7e5c9123072e9fa88ecc70d72,RAAZ-26-1032,TRON,73473480,2026-06-14T09:14:00+05:30,TgF1jhLdc4QXKPHJReckh94wm8ocQ5wN3L,T1dS5SNFMoqP2bR5TFmcGKspzNpWUohM67,3795.83,USDT,335551,layering,1,False
a98cd23f6faa7d3558e0e35ada4cb15fa6b0001db100716b30321bca1b37b37d,a98cd23f6faa7d3558e0e35ada4cb15fa6b0001db100716b30321bca1b37b37d,RAAZ-26-1032,TRON,73473940,2026-06-14T09:37:00+05:30,TgF1jhLdc4QXKPHJReckh94wm8ocQ5wN3L,T9ZYuv9zciCYQddm9FoZknZWJhATfiug69,3943.17,USDT,348576,layering,1,False
f29834fc15f020c41f282fb331258ae800ce9fcb0238be4c08be91b54f938f67,f29834fc15f020c41f282fb331258ae800ce9fcb0238be4c08be91b54f938f67,RAAZ-26-1032,TRON,73473980,2026-06-14T09:39:00+05:30,TgF1jhLdc4QXKPHJReckh94wm8ocQ5wN3L,TGZaJg42eizZPMX2of987KrkeQ6YhMD8ty,3388.94,USDT,299582,layering,1,False
1b055987aa93fed5e1d75272adbaadbc95ef502c41951af04cd0b68ca95a73b3,1b055987aa93fed5e1d75272adbaadbc95ef502c41951af04cd0b68ca95a73b3,RAAZ-26-1032,TRON,73476260,2026-06-14T11:33:00+05:30,T9ZYuv9zciCYQddm9FoZknZWJhATfiug69,TmQHw64WAGGzVG4fBcGKGYNAQEWyu3pxKJ,3943.17,USDT,348576,layering,2,False
2e883a2b0762f8bf3123584c24f6dd3f81815989e743beddab5d26588e27fdd2,2e883a2b0762f8bf3123584c24f6dd3f81815989e743beddab5d26588e27fdd2,RAAZ-26-1032,TRON,73478080,2026-06-14T13:04:00+05:30,T1dS5SNFMoqP2bR5TFmcGKspzNpWUohM67,TT4LQNcgiuHWVMEq3bQuwzDUHenaVBTPNR,3795.83,USDT,335551,layering,2,False
c2b43ecb8d4001f0d738e934225ab37b1928a81006073ecba9d5b2cee6ed6d20,c2b43ecb8d4001f0d738e934225ab37b1928a81006073ecba9d5b2cee6ed6d20,RAAZ-26-1032,TRON,73480880,2026-06-14T15:24:00+05:30,TmQHw64WAGGzVG4fBcGKGYNAQEWyu3pxKJ,TUSrJH6drvJNjwAd6A4T7UBDwqgfpSQqc9,3943.17,USDT,348576,layering,3,False
30d78adef2d82b937c7c19176cc4dd78b99600394834037d17cc1e933c961c91,30d78adef2d82b937c7c19176cc4dd78b99600394834037d17cc1e933c961c91,RAAZ-26-1032,TRON,73486240,2026-06-14T19:52:00+05:30,TGZaJg42eizZPMX2of987KrkeQ6YhMD8ty,TtKg1R39v8r4AjBdsBxDRET1sCDtyHUPyD,3388.94,USDT,299582,layering,2,False
8a0468640c794d9d0871f2c57907a7181fe689263802d53ca836ab0d72af1dc6,8a0468640c794d9d0871f2c57907a7181fe689263802d53ca836ab0d72af1dc6,RAAZ-26-1032,TRON,73489300,2026-06-14T22:25:00+05:30,TT4LQNcgiuHWVMEq3bQuwzDUHenaVBTPNR,TLhznjsV4QUVSzf3kWf3MFLXw7MvswBHqy,3795.83,USDT,335551,layering,3,False
01f7d03452b483ad71ab5a3b606c05c778e98ff4d2d05389d514bcc0746ebbc1,01f7d03452b483ad71ab5a3b606c05c778e98ff4d2d05389d514bcc0746ebbc1,RAAZ-26-1032,TRON,73490580,2026-06-14T23:29:00+05:30,TUSrJH6drvJNjwAd6A4T7UBDwqgfpSQqc9,TRQj9wfgkgWsR9XyuPhj1LkfAPASV3fG4d,3943.17,USDT,348576,exchange_deposit,4,False
de0f8c80e18445a42359c5e86eb73248d2c6ce430b344000c82c5973e92dbee7,de0f8c80e18445a42359c5e86eb73248d2c6ce430b344000c82c5973e92dbee7,RAAZ-26-1032,TRON,73491960,2026-06-15T00:38:00+05:30,TtKg1R39v8r4AjBdsBxDRET1sCDtyHUPyD,TiApq8ogHqsSNzasViSTMvFFnCxaTV8wn3,3388.94,USDT,299582,layering,3,False
8be35596c9abb4d09f5240ef45d9bd22da586bef1e749c2ca4e1f4983648d91e,8be35596c9abb4d09f5240ef45d9bd22da586bef1e749c2ca4e1f4983648d91e,RAAZ-26-1032,TRON,73500760,2026-06-15T07:58:00+05:30,TiApq8ogHqsSNzasViSTMvFFnCxaTV8wn3,TRQj9wfgkgWsR9XyuPhj1LkfAPASV3fG4d,3388.94,USDT,299582,exchange_deposit,4,False
158c868660d59bcfc150605a8497a5cf17fc688ef38e8bdc4272a99d115df1f4,158c868660d59bcfc150605a8497a5cf17fc688ef38e8bdc4272a99d115df1f4,RAAZ-26-1032,TRON,73502140,2026-06-15T09:07:00+05:30,TLhznjsV4QUVSzf3kWf3MFLXw7MvswBHqy,TEfXmjCzpoUNXQdsRD69x6Ur2on1zB39aN,3795.83,USDT,335551,layering,4,False
31d31daa84fd60895ad1880f0055d95b2e42acbf4cd7ad58a88fd564baecb7ee,31d31daa84fd60895ad1880f0055d95b2e42acbf4cd7ad58a88fd564baecb7ee,RAAZ-26-1032,TRON,73508060,2026-06-15T14:03:00+05:30,TEfXmjCzpoUNXQdsRD69x6Ur2on1zB39aN,TRQj9wfgkgWsR9XyuPhj1LkfAPASV3fG4d,3795.83,USDT,335551,exchange_deposit,4,False
c474e9714d5f7db33c01d715be9454b221d5eee48a99bc240500314fa1e8530a,c474e9714d5f7db33c01d715be9454b221d5eee48a99bc240500314fa1e8530a,RAAZ-26-1032,TRON,73509560,2026-06-15T15:18:00+05:30,TRQj9wfgkgWsR9XyuPhj1LkfAPASV3fG4d,ToYNAYxsCctj9ZS5JxQxs754a9tqApXkYD,11127.94,USDT,983710,exchange_sweep,5,False
0x8d896740c65b2b7cff1b775998b1ff2dcb4b53279c3de726777a77e9fe37fc99,0x8d896740c65b2b7cff1b775998b1ff2dcb4b53279c3de726777a77e9fe37fc99,RAAZ-26-1033,ETH,23374455,2026-09-18T08:51:00+05:30,0xc55d8c109444e9418ec498b2e4d7d4af3f75c1a9,0x24c492df86ee4c196643ff662349bd4bfdc7ebbd,782.24,USDT,69150,inbound,0,False
0xd24515ebed3e838d68caa49334710b9b7b6f384971a2cc67fb43bcc37d926f18,0xd24515ebed3e838d68caa49334710b9b7b6f384971a2cc67fb43bcc37d926f18,RAAZ-26-1033,ETH,23374755,2026-09-18T09:51:00+05:30,0x6d033adcfdd25ac853cd4e8c1460aedec7bb45fc,0x24c492df86ee4c196643ff662349bd4bfdc7ebbd,818.17,USDT,72326,inbound,0,False
0x6a5d8a6314e998c777824f1404f2e88e8c1811a7b1aa716ccc2d07efedd789bb,0x6a5d8a6314e998c777824f1404f2e88e8c1811a7b1aa716ccc2d07efedd789bb,RAAZ-26-1033,ETH,23386155,2026-09-19T23:51:00+05:30,0xa1990ce640fc39e8194608457760727eeeb11e83,0x24c492df86ee4c196643ff662349bd4bfdc7ebbd,1450.23,USDT,128200,victim_payment,0,False
0x7782058ba0026a816a09bd79da1aa925213866fb6f9d1f81f3f7cd5f6decdfc0,0x7782058ba0026a816a09bd79da1aa925213866fb6f9d1f81f3f7cd5f6decdfc0,RAAZ-26-1033,ETH,23387805,2026-09-20T05:21:00+05:30,0x24c492df86ee4c196643ff662349bd4bfdc7ebbd,0x9f87cd0650d009b73c1a5666b85805591225feda,4157.71,USDT,367542,layering,1,False
0xe7f709133773a141943eb9b16820e0ee33a05b747f771599c87a8f4758a6b7e1,0xe7f709133773a141943eb9b16820e0ee33a05b747f771599c87a8f4758a6b7e1,RAAZ-26-1033,ETH,23387880,2026-09-20T05:36:00+05:30,0x24c492df86ee4c196643ff662349bd4bfdc7ebbd,0xef4e0c64e3bed25a7cff17d125055a342bbbd6fc,1370.53,USDT,121155,layering,1,False
0xa480e45a45d0e1a0bcdb54fa9e440f91e69d34dbde6054425f357c2b9296d830,0xa480e45a45d0e1a0bcdb54fa9e440f91e69d34dbde6054425f357c2b9296d830,RAAZ-26-1033,ETH,23388280,2026-09-20T06:56:00+05:30,0xef4e0c64e3bed25a7cff17d125055a342bbbd6fc,0x0e5472d8a2e6c94180ef95501e379a050fc04dcc,1370.53,USDT,121155,layering,2,False
0x93f7910a89ba871f829bd155d66e96a862c1845a72d111d5a273f293332b23b4,0x93f7910a89ba871f829bd155d66e96a862c1845a72d111d5a273f293332b23b4,RAAZ-26-1033,ETH,23389480,2026-09-20T10:56:00+05:30,0x0e5472d8a2e6c94180ef95501e379a050fc04dcc,0x29db0b1faa2f8f09b7e316da78eacea7dde66d57,1370.53,USDT,121155,consolidation,3,False
0x1e6baf138a68e1e883fbad9f678eb63b69e53c5779311d6cb27b2514d47c8dbe,0x1e6baf138a68e1e883fbad9f678eb63b69e53c5779311d6cb27b2514d47c8dbe,RAAZ-26-1033,ETH,23391015,2026-09-20T16:03:00+05:30,0x9f87cd0650d009b73c1a5666b85805591225feda,0x2b4d4056d303efc5ad1f1e2751dac6022a866175,4157.71,USDT,367542,layering,2,False
0xd6e9a3d875f2ad92273e3b1ee52a4daba0b0603a3564c780acb7d186438c79b8,0xd6e9a3d875f2ad92273e3b1ee52a4daba0b0603a3564c780acb7d186438c79b8,RAAZ-26-1033,ETH,23392815,2026-09-20T22:03:00+05:30,0x2b4d4056d303efc5ad1f1e2751dac6022a866175,0x29db0b1faa2f8f09b7e316da78eacea7dde66d57,4157.71,USDT,367542,consolidation,3,False
0xfc07347dc7403ff9f3a15370eaa4f76902939aeedc5555ae3277eceb0dacdd40,0xfc07347dc7403ff9f3a15370eaa4f76902939aeedc5555ae3277eceb0dacdd40,RAAZ-26-1033,ETH,23394070,2026-09-21T02:14:00+05:30,0x29db0b1faa2f8f09b7e316da78eacea7dde66d57,0x101a27595dcab682bec4b6e3a0443a7be13a90e9,2985.99,USDT,263962,exchange_deposit,4,False
0x004912d1e0a860b5871ac3fc53545c0789041fa0e67108f6748b9e50d3384e12,0x004912d1e0a860b5871ac3fc53545c0789041fa0e67108f6748b9e50d3384e12,RAAZ-26-1033,ETH,23394305,2026-09-21T03:01:00+05:30,0x101a27595dcab682bec4b6e3a0443a7be13a90e9,0x1fac61a3c11a6ba8b36e6575d2079f071d7309b5,2985.99,USDT,263962,exchange_sweep,5,False
0x28fd6a6909328daff9e5c913ba870ffe60d3c07c22fc3abf6784d0778120b8dd,0x28fd6a6909328daff9e5c913ba870ffe60d3c07c22fc3abf6784d0778120b8dd,RAAZ-26-1033,ETH,23396355,2026-09-21T09:51:00+05:30,0x6ba83437dbbd00156307ae4af027e58e070ac11f,0x24c492df86ee4c196643ff662349bd4bfdc7ebbd,603.82,USDT,53378,inbound,0,False
0x9993846c6980a593a94146c4c96cabd80fde165b61c92ee90b6bd4f90f9310cd,0x9993846c6980a593a94146c4c96cabd80fde165b61c92ee90b6bd4f90f9310cd,RAAZ-26-1033,ETH,23396855,2026-09-21T11:31:00+05:30,0x29db0b1faa2f8f09b7e316da78eacea7dde66d57,0xa3915a1575340e0ba1a573493df265047ba615ee,2003.83,USDT,177139,exchange_deposit,4,False
0x5895253ed535c698751f1b98662bdfbdb8a0555acfcd50a87405ba43fbafa960,0x5895253ed535c698751f1b98662bdfbdb8a0555acfcd50a87405ba43fbafa960,RAAZ-26-1033,ETH,23397025,2026-09-21T12:05:00+05:30,0xa3915a1575340e0ba1a573493df265047ba615ee,0x0267ab56710598de3b7852c9c7f8a6220c30c000,2003.83,USDT,177139,exchange_sweep,5,False
0x91b20d4b7c43b11aeb03638c6634b5e7ab1fc60fb9ee03bc4a0885af479db533,0x91b20d4b7c43b11aeb03638c6634b5e7ab1fc60fb9ee03bc4a0885af479db533,RAAZ-26-1033,ETH,23397555,2026-09-21T13:51:00+05:30,0x0f7a777686860fe8f005d6fe7a7d66304e4ae627,0x24c492df86ee4c196643ff662349bd4bfdc7ebbd,489.75,USDT,43294,inbound,0,False
0x49b265186dba76b669cd4e0b62012e1c0780abfa7d5e6a899571ca09bed23f47,0x49b265186dba76b669cd4e0b62012e1c0780abfa7d5e6a899571ca09bed23f47,RAAZ-26-1033,ETH,23409255,2026-09-23T04:51:00+05:30,0x6b2a1437de6ab410ef42eca78266886537a2ef9f,0x24c492df86ee4c196643ff662349bd4bfdc7ebbd,1591.18,USDT,140660,inbound,0,False
b89e71871040466b2c9fcc6408f59903dc46b690d34b629f33c2371eaf1ff65d,b89e71871040466b2c9fcc6408f59903dc46b690d34b629f33c2371eaf1ff65d,RAAZ-26-1034,TRON,75548360,2026-08-25T10:18:00+05:30,T2pD3PQc2EDHmszbzZw8KPEWbihjsL6hpU,TzRMJBjTkpb4ueMbJq7rb4b5uLpdFL3doU,3701.09,USDT,327176,inbound,0,False
2da956b21fb7a66015d4396ffe1bddfa47688c9978c27056021c73f0373b50eb,2da956b21fb7a66015d4396ffe1bddfa47688c9978c27056021c73f0373b50eb,RAAZ-26-1034,TRON,75571160,2026-08-26T05:18:00+05:30,TSJgiJFLPKg1EnMUCSee4HwSPieDbTAzAD,TzRMJBjTkpb4ueMbJq7rb4b5uLpdFL3doU,3310.08,USDT,292611,inbound,0,False
54e1fe06b199da69f9859fe8acefd3dda820136a28bc7ebe28224c7b7f152e1f,54e1fe06b199da69f9859fe8acefd3dda820136a28bc7ebe28224c7b7f152e1f,RAAZ-26-1034,TRON,75580760,2026-08-26T13:18:00+05:30,TNErtfQPg5mMuaTttzWmajccRunWrTXvHA,TzRMJBjTkpb4ueMbJq7rb4b5uLpdFL3doU,933.98,USDT,82564,inbound,0,False
88ae0362f5ebb5df5ad8c47968da4fc13c957c58e72b4b52cb77667a7841ec60,88ae0362f5ebb5df5ad8c47968da4fc13c957c58e72b4b52cb77667a7841ec60,RAAZ-26-1034,TRON,75587960,2026-08-26T19:18:00+05:30,TTpWcc9WsJ6DVt3X5BRbPAbtVw3jna76rL,TzRMJBjTkpb4ueMbJq7rb4b5uLpdFL3doU,1664.27,USDT,147121,victim_payment,0,False
afca0dd9777359e932e180fcf5e87965e7c09c78379d951e415876c5b99c590c,afca0dd9777359e932e180fcf5e87965e7c09c78379d951e415876c5b99c590c,RAAZ-26-1034,TRON,75605960,2026-08-27T10:18:00+05:30,T5TGKKeKPQPWrYigvt6e791YHX199wXvnn,TzRMJBjTkpb4ueMbJq7rb4b5uLpdFL3doU,4669.93,USDT,412822,inbound,0,False
f91d16040a7f24696715aebb679784fcc32679504389e29fdf72ce09e3d47e66,f91d16040a7f24696715aebb679784fcc32679504389e29fdf72ce09e3d47e66,RAAZ-26-1034,TRON,75629960,2026-08-28T06:18:00+05:30,TTpWcc9WsJ6DVt3X5BRbPAbtVw3jna76rL,TzRMJBjTkpb4ueMbJq7rb4b5uLpdFL3doU,2765.6,USDT,244479,victim_payment,0,False
2635c548b2d9f0a541099dec905701f8943e876f25d9f9547bc30691eca9ac52,2635c548b2d9f0a541099dec905701f8943e876f25d9f9547bc30691eca9ac52,RAAZ-26-1034,TRON,75633820,2026-08-28T09:31:00+05:30,TzRMJBjTkpb4ueMbJq7rb4b5uLpdFL3doU,TqgdbTSKCxzq73D9tnmWaxUyHTSnVgKuW7,4894.29,USDT,432655,layering,1,False
d53026b4f0b59593018bf3851f4dfb3d9f643b4ed6ae87aef34ebc0d658b6440,d53026b4f0b59593018bf3851f4dfb3d9f643b4ed6ae87aef34ebc0d658b6440,RAAZ-26-1034,TRON,75633940,2026-08-28T09:37:00+05:30,TzRMJBjTkpb4ueMbJq7rb4b5uLpdFL3doU,TxwgtGEqSve4ELTUqvpDw4uxyi8HieRbFs,6138.07,USDT,542605,layering,1,False
2c3ad080655c779e2c6b7dc995efcb7682458b983bcef83db3f90c382125c7fd,2c3ad080655c779e2c6b7dc995efcb7682458b983bcef83db3f90c382125c7fd,RAAZ-26-1034,TRON,75634060,2026-08-28T09:43:00+05:30,TzRMJBjTkpb4ueMbJq7rb4b5uLpdFL3doU,TpE1zXB8fG3LDYQGd1VREbCtSJS85dTGyM,3869.32,USDT,342048,layering,1,False
0c5ed8c2c5bffb7c1b5cd4b93551db9e9f047c9553e15ff10da18bef137d0875,0c5ed8c2c5bffb7c1b5cd4b93551db9e9f047c9553e15ff10da18bef137d0875,RAAZ-26-1034,TRON,75634380,2026-08-28T09:59:00+05:30,TzRMJBjTkpb4ueMbJq7rb4b5uLpdFL3doU,TmBan2CMgmjQssypRtRFzMWYCqyMPLiMMD,4453.92,USDT,393727,layering,1,False
ed44f8df7cf2dcc543b4df6da8929063a5625be65c573fed2a273ed13a145b3b,ed44f8df7cf2dcc543b4df6da8929063a5625be65c573fed2a273ed13a145b3b,RAAZ-26-1034,TRON,75636600,2026-08-28T11:50:00+05:30,TpE1zXB8fG3LDYQGd1VREbCtSJS85dTGyM,TCzE24ZcfmVtL2fBZqtkyqVsPqJgLGtfB1,3869.32,USDT,342048,layering,2,False
a405bca1e4c438505ce134e224b21cac09a3b44ed7ee28169edebdd3363cbf44,a405bca1e4c438505ce134e224b21cac09a3b44ed7ee28169edebdd3363cbf44,RAAZ-26-1034,TRON,75639220,2026-08-28T14:01:00+05:30,TxwgtGEqSve4ELTUqvpDw4uxyi8HieRbFs,TR9YYo8sBnjPGrF1gmTpi22QzEN2cCYF68,6138.07,USDT,542605,layering,2,False
e8a0eb4654e5e674ed215f47b368c1a1bbe21b9ecd6dc1e28496bcf98b7462ac,e8a0eb4654e5e674ed215f47b368c1a1bbe21b9ecd6dc1e28496bcf98b7462ac,RAAZ-26-1034,TRON,75645560,2026-08-28T19:18:00+05:30,TCzE24ZcfmVtL2fBZqtkyqVsPqJgLGtfB1,TJQqGMQfcDTbFrTrFc6hBPbkR1dJujhAeF,3869.32,USDT,342048,exchange_deposit,3,False
8b2eb2d280473f35fcd14278b71842fe2f50590399d0ec73816dd7935678182f,8b2eb2d280473f35fcd14278b71842fe2f50590399d0ec73816dd7935678182f,RAAZ-26-1034,TRON,75647900,2026-08-28T21:15:00+05:30,TmBan2CMgmjQssypRtRFzMWYCqyMPLiMMD,Tnvr4De7h6H5q1qtrdZT9fn3LsyvbNRmN6,4453.92,USDT,393727,layering,2,False
d8fa93a1b1c68c070392ad2c0a28d36d246d47b001e0310748acd2d6b8468c40,d8fa93a1b1c68c070392ad2c0a28d36d246d47b001e0310748acd2d6b8468c40,RAAZ-26-1034,TRON,75648860,2026-08-28T22:03:00+05:30,TqgdbTSKCxzq73D9tnmWaxUyHTSnVgKuW7,T6qw3KHweNxD4FS9DnbZWNeaNEwTbrvL22,4894.29,USDT,432655,layering,2,False
221ae0e813c5758dcd353f7aeb2f57f6165686e5433702719ade0d3e7356db20,221ae0e813c5758dcd353f7aeb2f57f6165686e5433702719ade0d3e7356db20,RAAZ-26-1034,TRON,75651100,2026-08-28T23:55:00+05:30,T6qw3KHweNxD4FS9DnbZWNeaNEwTbrvL22,TJQqGMQfcDTbFrTrFc6hBPbkR1dJujhAeF,4894.29,USDT,432655,exchange_deposit,3,False
91911d63d0c0cb9434380eef10ac365709597f3452e9b1c8c8ad0fdf5fb1f8d6,91911d63d0c0cb9434380eef10ac365709597f3452e9b1c8c8ad0fdf5fb1f8d6,RAAZ-26-1034,TRON,75651360,2026-08-29T00:08:00+05:30,TR9YYo8sBnjPGrF1gmTpi22QzEN2cCYF68,TUXW7bAo51cfd16FBp4NbHWf1WuCfQJWSy,6138.07,USDT,542605,layering,3,False
4e50d6dafb37ea16389e87acf3886b9d9165f6892a6c2f40cfc8856d139f3adf,4e50d6dafb37ea16389e87acf3886b9d9165f6892a6c2f40cfc8856d139f3adf,RAAZ-26-1034,TRON,75651900,2026-08-29T00:35:00+05:30,Tnvr4De7h6H5q1qtrdZT9fn3LsyvbNRmN6,Tbzuju5KsSqJktZew5Z1qiD2efzDeF6bXU,4453.92,USDT,393727,layering,3,False
7eb4febb5549ca6a7475c613d83fb607da8be8487d1bbb4538a37445cc42b33f,7eb4febb5549ca6a7475c613d83fb607da8be8487d1bbb4538a37445cc42b33f,RAAZ-26-1034,TRON,75658760,2026-08-29T06:18:00+05:30,TUXW7bAo51cfd16FBp4NbHWf1WuCfQJWSy,TJQqGMQfcDTbFrTrFc6hBPbkR1dJujhAeF,6138.07,USDT,542605,exchange_deposit,3,False
22f2076f3c303dfe346c8511c08fb1185c227823127ced7ff4d404ec6d128ceb,22f2076f3c303dfe346c8511c08fb1185c227823127ced7ff4d404ec6d128ceb,RAAZ-26-1034,TRON,75659540,2026-08-29T06:57:00+05:30,Tbzuju5KsSqJktZew5Z1qiD2efzDeF6bXU,TJQqGMQfcDTbFrTrFc6hBPbkR1dJujhAeF,4453.92,USDT,393727,exchange_deposit,3,False
9a0bad786b6123a0792a0b67d92cf3198fb0a84786966842081f71e03ee0ac65,9a0bad786b6123a0792a0b67d92cf3198fb0a84786966842081f71e03ee0ac65,RAAZ-26-1034,TRON,75660620,2026-08-29T07:51:00+05:30,TJQqGMQfcDTbFrTrFc6hBPbkR1dJujhAeF,TGiV3ong85344rhbLEkQU4MUtfQCiNEPXo,19355.6,USDT,1711035,exchange_sweep,4,False
5a1205e9bea2ce1da306f1bbf7d807cb961d0d1857c26ddae30e2c40e9324bce,5a1205e9bea2ce1da306f1bbf7d807cb961d0d1857c26ddae30e2c40e9324bce,RAAZ-26-1034,TRON,75661160,2026-08-29T08:18:00+05:30,TyMZH9hWxQvWo8X6YfPxXqbBfqvwj8PxX3,TzRMJBjTkpb4ueMbJq7rb4b5uLpdFL3doU,2330.97,USDT,206058,inbound,0,False
0x168364c81efeb5ecfac4762779055619e0ae640a6dce17d1e80a320d8fa4d206,0x168364c81efeb5ecfac4762779055619e0ae640a6dce17d1e80a320d8fa4d206,RAAZ-26-1035,BSC,61836420,2026-09-13T12:41:00+05:30,0x5150bd286dabaea945098cf5420cd270a20d5c7b,0xc7956196acb7f18d95497a06138b83f5c4e0e7ad,108.3992,BNB,6666551,inbound,0,False
0x1b01a4d9a8e83b65f939dec25928f5e31d5516513c883236f7f6aa361f66a9c8,0x1b01a4d9a8e83b65f939dec25928f5e31d5516513c883236f7f6aa361f66a9c8,RAAZ-26-1035,BSC,61859220,2026-09-14T07:41:00+05:30,0xee5f57da7eeacc6123a674c7ab0cbc0604e36158,0xc7956196acb7f18d95497a06138b83f5c4e0e7ad,12.2697,BNB,754587,victim_payment,0,False
0x258c143255af23faba71509d791416fdadf4ca2607120a9f0d2c865fb5c5068a,0x258c143255af23faba71509d791416fdadf4ca2607120a9f0d2c865fb5c5068a,RAAZ-26-1035,BSC,61943220,2026-09-17T05:41:00+05:30,0xee5f57da7eeacc6123a674c7ab0cbc0604e36158,0xc7956196acb7f18d95497a06138b83f5c4e0e7ad,14.9208,BNB,917629,victim_payment,0,False
0x1b2d83cef8d80919e4bb15dd4ec5be462806b8c5ddb87de89985ccf7b510180f,0x1b2d83cef8d80919e4bb15dd4ec5be462806b8c5ddb87de89985ccf7b510180f,RAAZ-26-1035,BSC,61946820,2026-09-17T08:41:00+05:30,0xbcc3988d260030e18c9ce3d73da763032a6cb4f2,0xc7956196acb7f18d95497a06138b83f5c4e0e7ad,59.8818,BNB,3682731,inbound,0,False
0x681253a46d78758157291d93490cf398c7237581dcdcbc392da6202dfbc97c41,0x681253a46d78758157291d93490cf398c7237581dcdcbc392da6202dfbc97c41,RAAZ-26-1035,BSC,61976820,2026-09-18T09:41:00+05:30,0xee5f57da7eeacc6123a674c7ab0cbc0604e36158,0xc7956196acb7f18d95497a06138b83f5c4e0e7ad,46.4875,BNB,2858981,victim_payment,0,False
0x93d5b906caa6001b776d642aa5291ba93b71136dae3b5cfecbf0902fbab38205,0x93d5b906caa6001b776d642aa5291ba93b71136dae3b5cfecbf0902fbab38205,RAAZ-26-1035,BSC,61985220,2026-09-18T16:41:00+05:30,0xee5f57da7eeacc6123a674c7ab0cbc0604e36158,0xc7956196acb7f18d95497a06138b83f5c4e0e7ad,47.7552,BNB,2936945,victim_payment,0,False
0x1e7d01e863bb6e09bf96c06687015a6dd14d2a09f3fc716a8230cf28c3d0b94c,0x1e7d01e863bb6e09bf96c06687015a6dd14d2a09f3fc716a8230cf28c3d0b94c,RAAZ-26-1035,BSC,61994820,2026-09-19T00:41:00+05:30,0xee5f57da7eeacc6123a674c7ab0cbc0604e36158,0xc7956196acb7f18d95497a06138b83f5c4e0e7ad,65.7213,BNB,4041860,victim_payment,0,False
0x24f4f69bdcfd37dfa1472d8cff33365d24daa8c982c1fe1fe2bf7ff6d769c379,0x24f4f69bdcfd37dfa1472d8cff33365d24daa8c982c1fe1fe2bf7ff6d769c379,RAAZ-26-1035,BSC,61997600,2026-09-19T03:00:00+05:30,0xc7956196acb7f18d95497a06138b83f5c4e0e7ad,0x35e2fb71f06c0e69e24bdff492e95d7e26faaf9f,186.3896,BNB,11462960,layering,1,False
0x78b8cf454edfff54b1eec0e9c506e0f05accdaaac4486c37eb68bb980644f6cc,0x78b8cf454edfff54b1eec0e9c506e0f05accdaaac4486c37eb68bb980644f6cc,RAAZ-26-1035,BSC,61997980,2026-09-19T03:19:00+05:30,0xc7956196acb7f18d95497a06138b83f5c4e0e7ad,0x44163956173252881594af66a0d956172f6f67e9,165.5694,BNB,10182518,layering,1,False
0x915a9ce6bc9bc187771eb0485ec1bb611eabf333d9f5da0022dd394964e545c9,0x915a9ce6bc9bc187771eb0485ec1bb611eabf333d9f5da0022dd394964e545c9,RAAZ-26-1035,BSC,61998100,2026-09-19T03:25:00+05:30,0x44163956173252881594af66a0d956172f6f67e9,0x219cb88c6d74b3a4a248226fb831d949722c0d6a,165.5694,BNB,10182518,layering,2,False
0xeaedb4fd2982d0d92c4291ac347a837f8c6d1b48cb3afa70eb43f23d38c97c7f,0xeaedb4fd2982d0d92c4291ac347a837f8c6d1b48cb3afa70eb43f23d38c97c7f,RAAZ-26-1035,BSC,61998120,2026-09-19T03:26:00+05:30,0x35e2fb71f06c0e69e24bdff492e95d7e26faaf9f,0x76f3fe7f8f2172278998fa9508336f1ae536ddae,186.3896,BNB,11462960,layering,2,False
0x21a22d516abc506105cd4147b14683485729b6b606862654ef8321c8890e90c4,0x21a22d516abc506105cd4147b14683485729b6b606862654ef8321c8890e90c4,RAAZ-26-1035,BSC,61998300,2026-09-19T03:35:00+05:30,0x219cb88c6d74b3a4a248226fb831d949722c0d6a,0xbbbe32f12fbfed94a6399688c77531cb528ea046,165.5694,BNB,10182518,layering,3,False
0x0d64f76de4bb6eabda27dad4fe4363d0ba590a1d3d8df461a3ab2ee5b8cd7448,0x0d64f76de4bb6eabda27dad4fe4363d0ba590a1d3d8df461a3ab2ee5b8cd7448,RAAZ-26-1035,BSC,61998640,2026-09-19T03:52:00+05:30,0x76f3fe7f8f2172278998fa9508336f1ae536ddae,0xbb523cc2c428f8da9dce940b7603745f827c6fff,186.3896,BNB,11462960,layering,3,False
0xbfdde1505c163f375256f6dcc229d4f4701ee318675a69e0ec3c24ed2e49c868,0xbfdde1505c163f375256f6dcc229d4f4701ee318675a69e0ec3c24ed2e49c868,RAAZ-26-1035,BSC,61998640,2026-09-19T03:52:00+05:30,0xbbbe32f12fbfed94a6399688c77531cb528ea046,0xfc15c19543e95a33d8db7989cb39a07f066fb153,165.5694,BNB,10182518,mixer_in,4,False
0x505d45d8fd62c3710e11e36985da801d79a027ca8ad18912c3389c76b785ad63,0x505d45d8fd62c3710e11e36985da801d79a027ca8ad18912c3389c76b785ad63,RAAZ-26-1035,BSC,61998940,2026-09-19T04:07:00+05:30,0xbb523cc2c428f8da9dce940b7603745f827c6fff,0x7d97e08c1b728e877573edec907db4a7969187e9,186.3896,BNB,11462960,consolidation,4,False
0x0da2500f1c6026c68a3882db99296013df3196b9c30f0c0da5418c730a546cb4,0x0da2500f1c6026c68a3882db99296013df3196b9c30f0c0da5418c730a546cb4,RAAZ-26-1035,BSC,62020600,2026-09-19T22:10:00+05:30,0xfc15c19543e95a33d8db7989cb39a07f066fb153,0x30a855a13659f87d2c8fd7253fa53bbb086d15e1,64.0156,BNB,3936959,mixer_out,5,True
0x5d578e603deddea983922f5c0802bc286fa267d0495f576192cceee4b4de442c,0x5d578e603deddea983922f5c0802bc286fa267d0495f576192cceee4b4de442c,RAAZ-26-1035,BSC,62020820,2026-09-19T22:21:00+05:30,0x30a855a13659f87d2c8fd7253fa53bbb086d15e1,0x7d97e08c1b728e877573edec907db4a7969187e9,64.0156,BNB,3936959,consolidation,4,False
0xa4d244f6993c29d625ec59dd498c8dce5096a01de885ac60080abcedde6764d0,0xa4d244f6993c29d625ec59dd498c8dce5096a01de885ac60080abcedde6764d0,RAAZ-26-1035,BSC,62023700,2026-09-20T00:45:00+05:30,0xfc15c19543e95a33d8db7989cb39a07f066fb153,0x7521ac95114b15bfabbd300025f8e9d796168a7f,97.4146,BNB,5990998,mixer_out,5,True
0xc7c57ab0d92a7990ad543418ef780cc4da7c8004eb1c72a9e8cc610a40f027db,0xc7c57ab0d92a7990ad543418ef780cc4da7c8004eb1c72a9e8cc610a40f027db,RAAZ-26-1035,BSC,62023960,2026-09-20T00:58:00+05:30,0x7521ac95114b15bfabbd300025f8e9d796168a7f,0x7d97e08c1b728e877573edec907db4a7969187e9,97.4146,BNB,5990998,consolidation,4,False
0x35af3b5adcb352c9f3853a5d1be2e64f27a18f27b190a0753ee9141dfc0b89c5,0x35af3b5adcb352c9f3853a5d1be2e64f27a18f27b190a0753ee9141dfc0b89c5,RAAZ-26-1035,BSC,62024380,2026-09-20T01:19:00+05:30,0x7d97e08c1b728e877573edec907db4a7969187e9,0x6e49d4cc0b6eee6a734225eeea14add80384e771,343.3686,BNB,21117169,exchange_deposit,5,False
0xd1cac7324f0c4706b99eb39b6f27d0226223358a04218d24c92531fb505f0723,0xd1cac7324f0c4706b99eb39b6f27d0226223358a04218d24c92531fb505f0723,RAAZ-26-1035,BSC,62026080,2026-09-20T02:44:00+05:30,0x6e49d4cc0b6eee6a734225eeea14add80384e771,0xb13f7d46218c6c6f923107f3d33fd67a6909057d,343.3686,BNB,21117169,exchange_sweep,6,False
b2118adfb0d3efec073f927ccef080d7dde546d72db67b8aaf3088f85b5f9ac5,b2118adfb0d3efec073f927ccef080d7dde546d72db67b8aaf3088f85b5f9ac5,RAAZ-26-1036,TRON,75832380,2026-09-04T06:59:00+05:30,TJ5L2kRd2TPqb1CZ3mraMtSMWtCbQtfAyb,Ti4VE9Fx1JzfQrNdUWQU5U5X7F4MyUi42C,0.01,USDT,1,dust,0,False
3631da882802e7e9c7cef5034e87f3cf0a4799de5bd4fe9f50c2fb7f81fb927b,3631da882802e7e9c7cef5034e87f3cf0a4799de5bd4fe9f50c2fb7f81fb927b,RAAZ-26-1036,TRON,75923580,2026-09-07T10:59:00+05:30,TJ5L2kRd2TPqb1CZ3mraMtSMWtCbQtfAyb,Ti4VE9Fx1JzfQrNdUWQU5U5X7F4MyUi42C,0.01,USDT,1,dust,0,False
5fd9957bf9893eff8f8cadc1abcf7cda69cd3d9bb363a74dfa26253115c56804,5fd9957bf9893eff8f8cadc1abcf7cda69cd3d9bb363a74dfa26253115c56804,RAAZ-26-1036,TRON,75928380,2026-09-07T14:59:00+05:30,TJ5L2kRd2TPqb1CZ3mraMtSMWtCbQtfAyb,Ti4VE9Fx1JzfQrNdUWQU5U5X7F4MyUi42C,0.01,USDT,1,dust,0,False
90e1e57c44c16cbe56f67e51589fc6863c675ef0833632e227dad1e12f81a514,90e1e57c44c16cbe56f67e51589fc6863c675ef0833632e227dad1e12f81a514,RAAZ-26-1036,TRON,75994380,2026-09-09T21:59:00+05:30,TJ5L2kRd2TPqb1CZ3mraMtSMWtCbQtfAyb,Ti4VE9Fx1JzfQrNdUWQU5U5X7F4MyUi42C,0.01,USDT,1,dust,0,False
845aa24b8b8fd5bfef9781e1dfe9dd38ad619004f42222391edc6aed799a284e,845aa24b8b8fd5bfef9781e1dfe9dd38ad619004f42222391edc6aed799a284e,RAAZ-26-1036,TRON,76038780,2026-09-11T10:59:00+05:30,TJ5L2kRd2TPqb1CZ3mraMtSMWtCbQtfAyb,Ti4VE9Fx1JzfQrNdUWQU5U5X7F4MyUi42C,0.01,USDT,1,dust,0,False
31500765205bb04f588ba067f44bd5a2023c866335690a2ff03dbc3b7b072982,31500765205bb04f588ba067f44bd5a2023c866335690a2ff03dbc3b7b072982,RAAZ-26-1036,TRON,76059180,2026-09-12T03:59:00+05:30,TPCkp1k2gsGxxriCvDZoUbPwsu8wKFbRUh,Ti4VE9Fx1JzfQrNdUWQU5U5X7F4MyUi42C,2526.67,USDT,223358,victim_payment,0,False
19964e1f7d2f400637e56ad9d5b23bccff4030bb907514b8c2423588d156ff0c,19964e1f7d2f400637e56ad9d5b23bccff4030bb907514b8c2423588d156ff0c,RAAZ-26-1036,TRON,76153980,2026-09-15T10:59:00+05:30,TPCkp1k2gsGxxriCvDZoUbPwsu8wKFbRUh,Ti4VE9Fx1JzfQrNdUWQU5U5X7F4MyUi42C,5357.29,USDT,473584,victim_payment,0,False
80053b488450a72874ea2bdbacbbd28720c07a32e16a069800aa4af23720d6ae,80053b488450a72874ea2bdbacbbd28720c07a32e16a069800aa4af23720d6ae,RAAZ-26-1036,TRON,76221180,2026-09-17T18:59:00+05:30,TPCkp1k2gsGxxriCvDZoUbPwsu8wKFbRUh,Ti4VE9Fx1JzfQrNdUWQU5U5X7F4MyUi42C,6819.22,USDT,602819,victim_payment,0,False
450b4e8f69ac2329557a4797cded5ed926eba48d70f1cfb9cfde914297641e4e,450b4e8f69ac2329557a4797cded5ed926eba48d70f1cfb9cfde914297641e4e,RAAZ-26-1036,TRON,76332780,2026-09-21T15:59:00+05:30,TPCkp1k2gsGxxriCvDZoUbPwsu8wKFbRUh,Ti4VE9Fx1JzfQrNdUWQU5U5X7F4MyUi42C,6934.83,USDT,613039,victim_payment,0,False
8e1f8ef557f0fb5f3efd3097d6c6ca1dba2a58238568479f7856ab7ca04468e9,8e1f8ef557f0fb5f3efd3097d6c6ca1dba2a58238568479f7856ab7ca04468e9,RAAZ-26-1036,TRON,76333080,2026-09-21T16:14:00+05:30,Ti4VE9Fx1JzfQrNdUWQU5U5X7F4MyUi42C,TWAvVSwKodGYvUjaFeevi1NoccPbToRcc6,21438.85,USDT,1895194,layering,1,False
92037d9dddf3bd71341196619b9e4909d85af9d51bfa4e8cf88de1813cf7e4cb,92037d9dddf3bd71341196619b9e4909d85af9d51bfa4e8cf88de1813cf7e4cb,RAAZ-26-1036,TRON,76333420,2026-09-21T16:31:00+05:30,TWAvVSwKodGYvUjaFeevi1NoccPbToRcc6,TKkW375ykL9CiJj4MrqatneSq6vki2zedK,21438.85,USDT,1895194,layering,2,False
6bdefe5b12338aeb95742e87e1377659fda10325d23f91a20755a4be86bac0fa,6bdefe5b12338aeb95742e87e1377659fda10325d23f91a20755a4be86bac0fa,RAAZ-26-1036,TRON,76333480,2026-09-21T16:34:00+05:30,TKkW375ykL9CiJj4MrqatneSq6vki2zedK,Tw4b51PbY14W5bkJRtiHfP9UkkvFEGo3nm,21438.85,USDT,1895194,layering,3,False
4b01760888341695409065aaaa02a799bc9c1113c5de2f63e865d2fd3652ea09,4b01760888341695409065aaaa02a799bc9c1113c5de2f63e865d2fd3652ea09,RAAZ-26-1036,TRON,76333700,2026-09-21T16:45:00+05:30,Tw4b51PbY14W5bkJRtiHfP9UkkvFEGo3nm,T2FFPVjR9khsjZ2aCitT2zmzKZSivjgguh,21438.85,USDT,1895194,consolidation,4,False
0c08be0b24db95126eb5785d687213de7562116659c62e18baa202e991da6d3a,0c08be0b24db95126eb5785d687213de7562116659c62e18baa202e991da6d3a,RAAZ-26-1036,TRON,76334200,2026-09-21T17:10:00+05:30,T2FFPVjR9khsjZ2aCitT2zmzKZSivjgguh,TeejMp2WBo8h8yhvNUKUntNiaknX1GPXzm,20795.17,USDT,1838293,exchange_deposit,5,False
ab99e3885ae8ed85632e47019bce962a08bb3a1833c41df5e768d460a8988592,ab99e3885ae8ed85632e47019bce962a08bb3a1833c41df5e768d460a8988592,RAAZ-26-1036,TRON,76335080,2026-09-21T17:54:00+05:30,TeejMp2WBo8h8yhvNUKUntNiaknX1GPXzm,T7CGSBAChrPzuh691yNgXH9HDbJHW2K9pe,20795.17,USDT,1838293,exchange_sweep,6,False
23cd2c98a95bdae09ad63be8f75fa578916c6ecc2ae126138eb27a22ed90111e,23cd2c98a95bdae09ad63be8f75fa578916c6ecc2ae126138eb27a22ed90111e,RAAZ-26-1037,TRON,75114880,2026-08-10T09:04:00+05:30,TjUa8C2zmKcLM58w97UekH6xKHjjK2mvMz,T6YLtrRo5sPRxin8sUbzgfVrqjGvXgAfur,29130.05,USDT,2575096,victim_payment,0,False
02d9d688dc877e669eabe3e29d79a030e48094cd79918fb6ef0254ea34c04a15,02d9d688dc877e669eabe3e29d79a030e48094cd79918fb6ef0254ea34c04a15,RAAZ-26-1037,TRON,75149680,2026-08-11T14:04:00+05:30,TjUa8C2zmKcLM58w97UekH6xKHjjK2mvMz,T6YLtrRo5sPRxin8sUbzgfVrqjGvXgAfur,29937.82,USDT,2646503,victim_payment,0,False
0cb934c23270b4b5284ab7c9a842280934f810650d38399b137f51eb1f751c2d,0cb934c23270b4b5284ab7c9a842280934f810650d38399b137f51eb1f751c2d,RAAZ-26-1037,TRON,75154740,2026-08-11T18:17:00+05:30,T6YLtrRo5sPRxin8sUbzgfVrqjGvXgAfur,TXyNnXz8YSaf8kTgLtu8u7uCzHrzsvMMnj,71282.04,USDT,6301332,layering,1,False
360a6c63a5fbc1ad784f496f1096dc77380c42b0a131a7a7e9d613ec8e4606dc,360a6c63a5fbc1ad784f496f1096dc77380c42b0a131a7a7e9d613ec8e4606dc,RAAZ-26-1037,TRON,75155020,2026-08-11T18:31:00+05:30,TXyNnXz8YSaf8kTgLtu8u7uCzHrzsvMMnj,TjvsWK1HPGYVbSGATKXrndffPkirjiwKHu,71282.04,USDT,6301332,layering,2,False
5eba5ce4a5bbef53787e092a9fe659e1dbda56db9d7cfc30195dfe14d351c032,5eba5ce4a5bbef53787e092a9fe659e1dbda56db9d7cfc30195dfe14d351c032,RAAZ-26-1037,TRON,75155320,2026-08-11T18:46:00+05:30,T6YLtrRo5sPRxin8sUbzgfVrqjGvXgAfur,TyvAyNMQVLXSfMtFdaBiNcfd3mbGEXZWQ5,21194.34,USDT,1873580,layering,1,False
e996fdbf685d74cd0c2cdf2a25da2ac78bf2b7dc42f306f2a7ad68ee5e13002a,e996fdbf685d74cd0c2cdf2a25da2ac78bf2b7dc42f306f2a7ad68ee5e13002a,RAAZ-26-1037,TRON,75155380,2026-08-11T18:49:00+05:30,TjvsWK1HPGYVbSGATKXrndffPkirjiwKHu,TKjDchPjiiR4qi2q1H2bFWR4rZA74Nbq6S,71282.04,USDT,6301332,layering,3,False
d4419844faf6dbf23ac2ceaf7e2be0fcdc3a4a2975aecba740df06af5944cb21,d4419844faf6dbf23ac2ceaf7e2be0fcdc3a4a2975aecba740df06af5944cb21,RAAZ-26-1037,TRON,75155420,2026-08-11T18:51:00+05:30,T6YLtrRo5sPRxin8sUbzgfVrqjGvXgAfur,Txmm1yaj3NntHVawemtZAak19Fa2CNNuW4,28997.59,USDT,2563387,layering,1,False
98719de4081f27224f6c248074329329a07804df5f9ac2c2a695a5a79f770dd6,98719de4081f27224f6c248074329329a07804df5f9ac2c2a695a5a79f770dd6,RAAZ-26-1037,TRON,75155580,2026-08-11T18:59:00+05:30,Txmm1yaj3NntHVawemtZAak19Fa2CNNuW4,Tu6kQYkgmEnmRz3B6Dsbmgwu9R5EWucLL5,28997.59,USDT,2563387,layering,2,False
8a3a787ec4da380f7a361f26a2560ec3f73ba1aa96c72eb089d24369a4d04962,8a3a787ec4da380f7a361f26a2560ec3f73ba1aa96c72eb089d24369a4d04962,RAAZ-26-1037,TRON,75155720,2026-08-11T19:06:00+05:30,TyvAyNMQVLXSfMtFdaBiNcfd3mbGEXZWQ5,TWevHChswZo6DCaknQfT5haPK6dowH4zsW,21194.34,USDT,1873580,layering,2,False
ad9762c3a1365d86a1d81ba668ad7fbdb20cefa85f643ae7c3afcb88d7ba5cab,ad9762c3a1365d86a1d81ba668ad7fbdb20cefa85f643ae7c3afcb88d7ba5cab,RAAZ-26-1037,TRON,75155780,2026-08-11T19:09:00+05:30,TKjDchPjiiR4qi2q1H2bFWR4rZA74Nbq6S,TaJXqcRHSmfSNjNFNsY7WfGZgnjoyP3vkT,71282.04,USDT,6301332,consolidation,3,False
7601eca74e32df566e061a1bdba534c4ffd025b9db303fd5fe8bacef0d6efc6f,7601eca74e32df566e061a1bdba534c4ffd025b9db303fd5fe8bacef0d6efc6f,RAAZ-26-1037,TRON,75155920,2026-08-11T19:16:00+05:30,Tu6kQYkgmEnmRz3B6Dsbmgwu9R5EWucLL5,TRtokFJhdLDQiLqrxE5MCBExPbQLwfRc2F,28997.59,USDT,2563387,layering,3,False
a2b27a7d27220c3fa5b07eb18f7aac8536bbd70f4f8a88a607b09b98a2dd6980,a2b27a7d27220c3fa5b07eb18f7aac8536bbd70f4f8a88a607b09b98a2dd6980,RAAZ-26-1037,TRON,75155980,2026-08-11T19:19:00+05:30,TWevHChswZo6DCaknQfT5haPK6dowH4zsW,TaJXqcRHSmfSNjNFNsY7WfGZgnjoyP3vkT,21194.34,USDT,1873580,consolidation,3,False
fffd3c91a4416fa9afa1c748af1465e8f381450eb389a621f314bc11001776f2,fffd3c91a4416fa9afa1c748af1465e8f381450eb389a621f314bc11001776f2,RAAZ-26-1037,TRON,75156200,2026-08-11T19:30:00+05:30,TRtokFJhdLDQiLqrxE5MCBExPbQLwfRc2F,TaJXqcRHSmfSNjNFNsY7WfGZgnjoyP3vkT,28997.59,USDT,2563387,consolidation,3,False
0d7ecff9cadae195ce8d64d2616bb9c294239f3d7b67f28fa10b077edf446ae4,0d7ecff9cadae195ce8d64d2616bb9c294239f3d7b67f28fa10b077edf446ae4,RAAZ-26-1037,TRON,75156760,2026-08-11T19:58:00+05:30,TaJXqcRHSmfSNjNFNsY7WfGZgnjoyP3vkT,T4o5YD3qmqEEYicMk3DK64rgA2sVSn8WCC,110148.37,USDT,9737116,exchange_deposit,4,False
96cf6c55a787e9f4d383fe0501557770635e060f67f434e952a81fe0baa4f9f3,96cf6c55a787e9f4d383fe0501557770635e060f67f434e952a81fe0baa4f9f3,RAAZ-26-1037,TRON,75157240,2026-08-11T20:22:00+05:30,T4o5YD3qmqEEYicMk3DK64rgA2sVSn8WCC,Th4M2vYPowek6J9cbvmNjpuc3CemQ5cnv3,110148.37,USDT,9737116,exchange_sweep,5,False
d617232a2ee2395618e58c0385e6e6e3e3b47b9cfbb8a900f85d0f19c57915b0,d617232a2ee2395618e58c0385e6e6e3e3b47b9cfbb8a900f85d0f19c57915b0,RAAZ-26-1037,TRON,75197680,2026-08-13T06:04:00+05:30,TEM4NqvGeGL3N2eQEP7ecgXZ5GU4UTNSGN,T6YLtrRo5sPRxin8sUbzgfVrqjGvXgAfur,64323.14,USDT,5686166,inbound,0,False
e9a0678d2dccf7597afb87b6002bfeb331a9698e218e4b3ea912abcf5f0f4094,e9a0678d2dccf7597afb87b6002bfeb331a9698e218e4b3ea912abcf5f0f4094,RAAZ-26-1038,TRON,75143320,2026-08-11T08:46:00+05:30,Taop41XLa3fKPiANmcpaAf4irJqyTeeN14,T5DTbLhX7viBZeYAHJ9L3EFfMUr6K65jjk,570.1,USDT,50397,inbound,0,False
00e3af57ebe7dcd9b7f7dfe74c7b9c8b597e05dfb23ef043076599a3d8e43621,00e3af57ebe7dcd9b7f7dfe74c7b9c8b597e05dfb23ef043076599a3d8e43621,RAAZ-26-1038,TRON,75191320,2026-08-13T00:46:00+05:30,TAcmvLGM7nPnBN28FS2CJj1zNNCHUEt2yK,T5DTbLhX7viBZeYAHJ9L3EFfMUr6K65jjk,90.51,USDT,8001,victim_payment,0,False
ca99d247831c028988499fd086fb83c20b2ce98832956219ee9c0ae0f064f685,ca99d247831c028988499fd086fb83c20b2ce98832956219ee9c0ae0f064f685,RAAZ-26-1038,TRON,75281320,2026-08-16T03:46:00+05:30,TAcmvLGM7nPnBN28FS2CJj1zNNCHUEt2yK,T5DTbLhX7viBZeYAHJ9L3EFfMUr6K65jjk,126.73,USDT,11203,victim_payment,0,False
541955956a39ec29f7b0230ee4f1320b7abd5f1ce8c7b81e96fbd56b3eb445ab,541955956a39ec29f7b0230ee4f1320b7abd5f1ce8c7b81e96fbd56b3eb445ab,RAAZ-26-1038,TRON,75288520,2026-08-16T09:46:00+05:30,TFrYq4XHDMds9gvQc2sz3ofDfAq4fVMnn2,T5DTbLhX7viBZeYAHJ9L3EFfMUr6K65jjk,182.83,USDT,16162,inbound,0,False
32193d2c36bb307e3b772d35beb17c08c1a37b16ac1bf8492bf50fff783c1298,32193d2c36bb307e3b772d35beb17c08c1a37b16ac1bf8492bf50fff783c1298,RAAZ-26-1038,TRON,75396520,2026-08-20T03:46:00+05:30,TAcmvLGM7nPnBN28FS2CJj1zNNCHUEt2yK,T5DTbLhX7viBZeYAHJ9L3EFfMUr6K65jjk,387.97,USDT,34297,victim_payment,0,False
39203f84a5be460f2e4cf0f88db140a708b197d7552818506af416532add8c61,39203f84a5be460f2e4cf0f88db140a708b197d7552818506af416532add8c61,RAAZ-26-1038,TRON,75398860,2026-08-20T05:43:00+05:30,T5DTbLhX7viBZeYAHJ9L3EFfMUr6K65jjk,TKNBKvXjT569cMipTobpYJUVLXJCJYoVdA,414.56,USDT,36647,layering,1,False
7bd3c8e3a5ba888a60d2b4f360702d9d52b70bb928937dd7bb68e8b7bd6e278d,7bd3c8e3a5ba888a60d2b4f360702d9d52b70bb928937dd7bb68e8b7bd6e278d,RAAZ-26-1038,TRON,75399120,2026-08-20T05:56:00+05:30,T5DTbLhX7viBZeYAHJ9L3EFfMUr6K65jjk,TzkLJu974Xzo5TVWwgLvpakZQguhBHjPz8,891.97,USDT,78850,layering,1,False
df331f3b47d81aa13b84055210031d7839c8425a85e58c04442f3ec04af563af,df331f3b47d81aa13b84055210031d7839c8425a85e58c04442f3ec04af563af,RAAZ-26-1038,TRON,75399420,2026-08-20T06:11:00+05:30,TKNBKvXjT569cMipTobpYJUVLXJCJYoVdA,TLBRo8NWwPiMqHqdBmKgUYEHHZXnYj3aCs,414.56,USDT,36647,layering,2,False
b97dd3f3a3228042373c4a88bf71399d14452c69f0b39bb4d15c456a525e77e1,b97dd3f3a3228042373c4a88bf71399d14452c69f0b39bb4d15c456a525e77e1,RAAZ-26-1038,TRON,75399560,2026-08-20T06:18:00+05:30,TzkLJu974Xzo5TVWwgLvpakZQguhBHjPz8,T6HXddmadLR3dwFqVe9RZeRS4qf2Zm8AqG,891.97,USDT,78850,layering,2,False
ca1681eaf55f3e480e5d0fffce02868e65a8d25b1d2886ce13dafd76b2f64096,ca1681eaf55f3e480e5d0fffce02868e65a8d25b1d2886ce13dafd76b2f64096,RAAZ-26-1038,TRON,75399600,2026-08-20T06:20:00+05:30,T6HXddmadLR3dwFqVe9RZeRS4qf2Zm8AqG,T9GvAbdgyL1LZJkfeUeU22NNCyJUaFMwGY,891.97,USDT,78850,consolidation,3,False
b1adb266a4476d54a6ba70cbd4157539d499158ba00701981aa0b4fca1634436,b1adb266a4476d54a6ba70cbd4157539d499158ba00701981aa0b4fca1634436,RAAZ-26-1038,TRON,75399880,2026-08-20T06:34:00+05:30,TLBRo8NWwPiMqHqdBmKgUYEHHZXnYj3aCs,T2mvQb5qWpghx6HShs3Kokkado9Vaca7xy,414.56,USDT,36647,layering,3,False
83b9e9027e4a68ac19a33dc67dfd3bd50e29e4a7bd157c4f96ff36e7bfb1ff21,83b9e9027e4a68ac19a33dc67dfd3bd50e29e4a7bd157c4f96ff36e7bfb1ff21,RAAZ-26-1038,TRON,75399960,2026-08-20T06:38:00+05:30,T2mvQb5qWpghx6HShs3Kokkado9Vaca7xy,T9GvAbdgyL1LZJkfeUeU22NNCyJUaFMwGY,414.56,USDT,36647,consolidation,3,False
815a3652e221ef23a379a46aa51300eb0dc32b323772d6d5487c7939cfb44208,815a3652e221ef23a379a46aa51300eb0dc32b323772d6d5487c7939cfb44208,RAAZ-26-1038,TRON,75400140,2026-08-20T06:47:00+05:30,T9GvAbdgyL1LZJkfeUeU22NNCyJUaFMwGY,T9FbQCdfHghgPrEHtHHtUWK4NHVgsEzTXr,529.17,USDT,46779,exchange_deposit,4,False
aa38e1b9a7fe4fde4c339c95c21e64096a0f862bf495d5a18e0e730bf5480e7c,aa38e1b9a7fe4fde4c339c95c21e64096a0f862bf495d5a18e0e730bf5480e7c,RAAZ-26-1038,TRON,75400260,2026-08-20T06:53:00+05:30,T9FbQCdfHghgPrEHtHHtUWK4NHVgsEzTXr,ToYNAYxsCctj9ZS5JxQxs754a9tqApXkYD,529.17,USDT,46779,exchange_sweep,5,False
41200f7762bed765efdabb46a5a71dcfc3f5fdd1b6d2b7e530167fc03686b088,41200f7762bed765efdabb46a5a71dcfc3f5fdd1b6d2b7e530167fc03686b088,RAAZ-26-1038,TRON,75400640,2026-08-20T07:12:00+05:30,T9GvAbdgyL1LZJkfeUeU22NNCyJUaFMwGY,TTp83uuzRZU2ick3TyfUGesSx5Bo8gbmnx,671.71,USDT,59379,exchange_deposit,4,False
e72e6df0f0a2625bcb7089a663c950d8c52be31b8aae3a04873459afcda5bf0a,e72e6df0f0a2625bcb7089a663c950d8c52be31b8aae3a04873459afcda5bf0a,RAAZ-26-1038,TRON,75401480,2026-08-20T07:54:00+05:30,TTp83uuzRZU2ick3TyfUGesSx5Bo8gbmnx,TkD1MyZ1Xu6osNY8CMWZivxC3az7sJt6BP,671.71,USDT,59379,exchange_sweep,5,False
a7ce8d82b076fbc91944f2b0eab23cc37c5823215e78299e6877eff6bc87ac7b,a7ce8d82b076fbc91944f2b0eab23cc37c5823215e78299e6877eff6bc87ac7b,RAAZ-26-1039,TRON,74535260,2026-07-21T06:03:00+05:30,T6FkZk1aAxpqUaeprcww8FUitySbwKXqsY,TAiiRhFnQ1MXkU3zyEGteyDMxfCWK4uEZu,8913.77,USDT,787977,inbound,0,False
f4918fa36f5deb3e19df1a2c7a7bf54c493560abf9d329f2ad409b8ccfc6dcf2,f4918fa36f5deb3e19df1a2c7a7bf54c493560abf9d329f2ad409b8ccfc6dcf2,RAAZ-26-1039,TRON,74571260,2026-07-22T12:03:00+05:30,TnbzR4CqmrzXhoriKsJfnyGN7bL6XNuhED,TAiiRhFnQ1MXkU3zyEGteyDMxfCWK4uEZu,4765.51,USDT,421271,victim_payment,0,False
3861f9cd5df35661cc628b4535f9495041198e71d38eebf5de1d23fdfe79aab0,3861f9cd5df35661cc628b4535f9495041198e71d38eebf5de1d23fdfe79aab0,RAAZ-26-1039,TRON,74606060,2026-07-23T17:03:00+05:30,TnbzR4CqmrzXhoriKsJfnyGN7bL6XNuhED,TAiiRhFnQ1MXkU3zyEGteyDMxfCWK4uEZu,28800.1,USDT,2545929,victim_payment,0,False
d76ac37e301e048ca9e35eae0e77d91db914a95e001e2b6524e1e897010e7ae6,d76ac37e301e048ca9e35eae0e77d91db914a95e001e2b6524e1e897010e7ae6,RAAZ-26-1039,TRON,74611000,2026-07-23T21:10:00+05:30,TAiiRhFnQ1MXkU3zyEGteyDMxfCWK4uEZu,Tc7a31TzsgFW6qBB3YBS3rN7rrxA7z3h5z,18880.31,USDT,1669019,layering,1,False
75fe5e83a3b8f50aa8229661b55817f03086a9028b23347e2beac164f6489a7e,75fe5e83a3b8f50aa8229661b55817f03086a9028b23347e2beac164f6489a7e,RAAZ-26-1039,TRON,74611180,2026-07-23T21:19:00+05:30,TAiiRhFnQ1MXkU3zyEGteyDMxfCWK4uEZu,TA12sHKd7oiL9veJcnxUYgwUdHN85nkKBg,10943.34,USDT,967391,layering,1,False
817f36f6d2da0ebe222d61c71f6d36ee9821e7b08a277d2a81538d7b71397424,817f36f6d2da0ebe222d61c71f6d36ee9821e7b08a277d2a81538d7b71397424,RAAZ-26-1039,TRON,74611320,2026-07-23T21:26:00+05:30,TAiiRhFnQ1MXkU3zyEGteyDMxfCWK4uEZu,TYWFbeFG9uFBtYfMVcvATnVhECtycTusVY,7631.1,USDT,674589,layering,1,False
33dad5fd0118bdfbaf6536057b1aaac2939c18a3dd5a2859f941d91e34519745,33dad5fd0118bdfbaf6536057b1aaac2939c18a3dd5a2859f941d91e34519745,RAAZ-26-1039,TRON,74611460,2026-07-23T21:33:00+05:30,TAiiRhFnQ1MXkU3zyEGteyDMxfCWK4uEZu,To5snh15KDiEd1KK9QAxYC6iETrM43bA7i,12251.68,USDT,1083049,layering,1,False
85888214afd607f90350f694ad08e2d1e43db699ff6b18dba50b9a0eb5b665fc,85888214afd607f90350f694ad08e2d1e43db699ff6b18dba50b9a0eb5b665fc,RAAZ-26-1039,TRON,74611500,2026-07-23T21:35:00+05:30,TAiiRhFnQ1MXkU3zyEGteyDMxfCWK4uEZu,TXwgXDdyv5JLjEDpv7nfEYnzwHqXPMSwGJ,6828.77,USDT,603663,layering,1,False
ba38b145e3da7204acad912b929dc1fc6b716d53b9cc34f1f8e51d0692e7a8f3,ba38b145e3da7204acad912b929dc1fc6b716d53b9cc34f1f8e51d0692e7a8f3,RAAZ-26-1039,TRON,74611680,2026-07-23T21:44:00+05:30,TAiiRhFnQ1MXkU3zyEGteyDMxfCWK4uEZu,TgeLTAyycL3BiHFUDmhMrjfznxcGsaSB8e,19974.89,USDT,1765780,layering,1,False
34c7c84a12b4849591e90932102d16ba2739c54f805aa36e3f335bb7799186c0,34c7c84a12b4849591e90932102d16ba2739c54f805aa36e3f335bb7799186c0,RAAZ-26-1039,TRON,74612780,2026-07-23T22:39:00+05:30,TXwgXDdyv5JLjEDpv7nfEYnzwHqXPMSwGJ,T1MaSvMFQBd93fThLh5gNB3iSaGcVCp1Np,6828.77,USDT,603663,layering,2,False
f2a30f6df6632418ead00b99486ff8ff1104db789f89510b06e1665e4034e788,f2a30f6df6632418ead00b99486ff8ff1104db789f89510b06e1665e4034e788,RAAZ-26-1039,TRON,74617880,2026-07-24T02:54:00+05:30,Tc7a31TzsgFW6qBB3YBS3rN7rrxA7z3h5z,TDxoyuGj9U844CJScQRT4rkeEaGh8wGptB,18880.31,USDT,1669019,layering,2,False
59c48e6c8ee7b4329281fc6ee4d443c7be7c36f95368cbcbc96b6824fd6ef70c,59c48e6c8ee7b4329281fc6ee4d443c7be7c36f95368cbcbc96b6824fd6ef70c,RAAZ-26-1039,TRON,74617900,2026-07-24T02:55:00+05:30,TA12sHKd7oiL9veJcnxUYgwUdHN85nkKBg,TUtxcJwoKEQe4Fx2AoKQMWJHLS8V2ffbHp,10943.34,USDT,967391,layering,2,False
1deb264e5c2113db3362201a313a3a3da2b54cd07ba92823cbed79fa6dbf4552,1deb264e5c2113db3362201a313a3a3da2b54cd07ba92823cbed79fa6dbf4552,RAAZ-26-1039,TRON,74620180,2026-07-24T04:49:00+05:30,T1MaSvMFQBd93fThLh5gNB3iSaGcVCp1Np,TaXJKCK9ovAdBPusifBMZffqGgWqouRt8m,6828.77,USDT,603663,consolidation,3,False
77d83fb81d81ef69a2f764abbc5dae117677bb9f2d9a8f134eba0df83bfc001e,77d83fb81d81ef69a2f764abbc5dae117677bb9f2d9a8f134eba0df83bfc001e,RAAZ-26-1039,TRON,74620920,2026-07-24T05:26:00+05:30,TgeLTAyycL3BiHFUDmhMrjfznxcGsaSB8e,ThV9v9Ei2PEeUYSimXguTpGYesZ7efKdxe,19974.89,USDT,1765780,layering,2,False
e82ab54ae55688ea87455edce950b75dc43423a7835a32d9b19a3daf13d03357,e82ab54ae55688ea87455edce950b75dc43423a7835a32d9b19a3daf13d03357,RAAZ-26-1039,TRON,74621140,2026-07-24T05:37:00+05:30,TYWFbeFG9uFBtYfMVcvATnVhECtycTusVY,TfSZG4eB5ZqRLGkviueRJ3VxJ8r8niFqNo,7631.1,USDT,674589,layering,2,False
b8589109dc72b57976b4e9e1975496fa75ec0adda8525cd6db94bdc0af3b5244,b8589109dc72b57976b4e9e1975496fa75ec0adda8525cd6db94bdc0af3b5244,RAAZ-26-1039,TRON,74623240,2026-07-24T07:22:00+05:30,TUtxcJwoKEQe4Fx2AoKQMWJHLS8V2ffbHp,TEuZbvesuMa7GuHaeyB1iSGAJ8nNwSp5WT,10943.34,USDT,967391,layering,3,False
0e39e51d432216cd53148ec022d47392224c6537dd77dc712195b47e47e7f938,0e39e51d432216cd53148ec022d47392224c6537dd77dc712195b47e47e7f938,RAAZ-26-1039,TRON,74623480,2026-07-24T07:34:00+05:30,To5snh15KDiEd1KK9QAxYC6iETrM43bA7i,TApAZ4D8CzNAroKHzmTYQ9bAd3KCTUL6t9,12251.68,USDT,1083049,layering,2,False
9ab14910c7e2659a80adcc4d6da4aeba9f214a22346234961b189e7155fd0e5f,9ab14910c7e2659a80adcc4d6da4aeba9f214a22346234961b189e7155fd0e5f,RAAZ-26-1039,TRON,74626000,2026-07-24T09:40:00+05:30,TDxoyuGj9U844CJScQRT4rkeEaGh8wGptB,TYevUGuhrfspEm3s6zgfuEoZvsMFjMXqSR,18880.31,USDT,1669019,layering,3,False
9e7bdbf8abbae4e78ad9ee1b577db1c1a0341d2bdb3b527740a86ee65b25cf83,9e7bdbf8abbae4e78ad9ee1b577db1c1a0341d2bdb3b527740a86ee65b25cf83,RAAZ-26-1039,TRON,74627460,2026-07-24T10:53:00+05:30,TfSZG4eB5ZqRLGkviueRJ3VxJ8r8niFqNo,TzqG3D1917RcRfUo4BGSdSJPU3ovFoLsVe,7631.1,USDT,674589,layering,3,False
90d92c4cbe5bc0372cd67ca50400e2fbd8fdc92f1b6995759192139c53543e6e,90d92c4cbe5bc0372cd67ca50400e2fbd8fdc92f1b6995759192139c53543e6e,RAAZ-26-1039,TRON,74629620,2026-07-24T12:41:00+05:30,TApAZ4D8CzNAroKHzmTYQ9bAd3KCTUL6t9,T4ktHWVwJhtTH8gApNVS7jNCeNeiok36PQ,12251.68,USDT,1083049,layering,3,False
678825c6b9bedc0a65e0860bd52390667c235c5938ff787c52e8f051e5f08826,678825c6b9bedc0a65e0860bd52390667c235c5938ff787c52e8f051e5f08826,RAAZ-26-1039,TRON,74634780,2026-07-24T16:59:00+05:30,TzqG3D1917RcRfUo4BGSdSJPU3ovFoLsVe,TDxPgcdtW8wjxXsSKiKkLiWfMFgyiUZYZA,7631.1,USDT,674589,layering,4,False
0049acb5162af75af668b00793ba2f0825c71d64030957b34ac3ed516d051a7e,0049acb5162af75af668b00793ba2f0825c71d64030957b34ac3ed516d051a7e,RAAZ-26-1039,TRON,74637120,2026-07-24T18:56:00+05:30,ThV9v9Ei2PEeUYSimXguTpGYesZ7efKdxe,TfxTStsQ7G8NMwLJXJqj9Bqmmh5kz3o6fM,19974.89,USDT,1765780,layering,3,False
56ebaad4a51daa985ab8362a69c890b626b2b3f017268f94b1a9b5ab5422694f,56ebaad4a51daa985ab8362a69c890b626b2b3f017268f94b1a9b5ab5422694f,RAAZ-26-1039,TRON,74637600,2026-07-24T19:20:00+05:30,TYevUGuhrfspEm3s6zgfuEoZvsMFjMXqSR,T2nCHVZAMAV85ZcGKf2BLdjD39CevdK7eB,18880.31,USDT,1669019,layering,4,False
aed624e6a22f0e64c87e80ffead88a72946cab6b52a80ab0f2337959f75cd1f1,aed624e6a22f0e64c87e80ffead88a72946cab6b52a80ab0f2337959f75cd1f1,RAAZ-26-1039,TRON,74639340,2026-07-24T20:47:00+05:30,TEuZbvesuMa7GuHaeyB1iSGAJ8nNwSp5WT,TpAP1jB8umPQtLUb8QFG3UDC32AQaFTeNh,10943.34,USDT,967391,layering,4,False
cec044c1f79c4a9de78859285ebd74f25f6d60d31a5d79dc784b0bd722c1a289,cec044c1f79c4a9de78859285ebd74f25f6d60d31a5d79dc784b0bd722c1a289,RAAZ-26-1039,TRON,74642860,2026-07-24T23:43:00+05:30,T4ktHWVwJhtTH8gApNVS7jNCeNeiok36PQ,Teno93gWeEugmX9YAVHccG1JSsjMNsr5xh,12251.68,USDT,1083049,layering,4,False
9b1e2e73e7bae1d6c49fe06f60ef7c58ed5f02b5e9b2a5d6562f9d8a64b96f86,9b1e2e73e7bae1d6c49fe06f60ef7c58ed5f02b5e9b2a5d6562f9d8a64b96f86,RAAZ-26-1039,TRON,74647000,2026-07-25T03:10:00+05:30,Teno93gWeEugmX9YAVHccG1JSsjMNsr5xh,TaXJKCK9ovAdBPusifBMZffqGgWqouRt8m,12251.68,USDT,1083049,consolidation,3,False
466896d4e53d131578999a44515c144d0fac46728c2131641ada2ec2b58147eb,466896d4e53d131578999a44515c144d0fac46728c2131641ada2ec2b58147eb,RAAZ-26-1039,TRON,74648620,2026-07-25T04:31:00+05:30,TDxPgcdtW8wjxXsSKiKkLiWfMFgyiUZYZA,TaXJKCK9ovAdBPusifBMZffqGgWqouRt8m,7631.1,USDT,674589,consolidation,3,False
1ea2cd6ef5d725fb9209fa0189638cca02a9e64c04353a85fdcf1d3a62ce1d4d,1ea2cd6ef5d725fb9209fa0189638cca02a9e64c04353a85fdcf1d3a62ce1d4d,RAAZ-26-1039,TRON,74649200,2026-07-25T05:00:00+05:30,TpAP1jB8umPQtLUb8QFG3UDC32AQaFTeNh,TaXJKCK9ovAdBPusifBMZffqGgWqouRt8m,10943.34,USDT,967391,consolidation,3,False
957b20235ac7ad18b20102c965119981827336a1b1bfcd63901a5be7a5fb0723,957b20235ac7ad18b20102c965119981827336a1b1bfcd63901a5be7a5fb0723,RAAZ-26-1039,TRON,74652900,2026-07-25T08:05:00+05:30,TfxTStsQ7G8NMwLJXJqj9Bqmmh5kz3o6fM,TaXJKCK9ovAdBPusifBMZffqGgWqouRt8m,19974.89,USDT,1765780,consolidation,3,False
f61ff08c0cffed28765d6eba056c7d70258d0b9249d2ae5f95af4a6be92a8657,f61ff08c0cffed28765d6eba056c7d70258d0b9249d2ae5f95af4a6be92a8657,RAAZ-26-1039,TRON,74653320,2026-07-25T08:26:00+05:30,T2nCHVZAMAV85ZcGKf2BLdjD39CevdK7eB,TaXJKCK9ovAdBPusifBMZffqGgWqouRt8m,18880.31,USDT,1669019,consolidation,3,False
647a9d6dcc169475331c1b84e98cb51582f99cedf400303d5b6e0ecbb015446d,647a9d6dcc169475331c1b84e98cb51582f99cedf400303d5b6e0ecbb015446d,RAAZ-26-1039,TRON,74658260,2026-07-25T12:33:00+05:30,TaXJKCK9ovAdBPusifBMZffqGgWqouRt8m,Tbgwh7kt4bhsHhSoWyfkVMk8XB95x3pirP,69505.04,USDT,6144246,exchange_deposit,4,False
ed5a666d24d6f931100627663b11ce24db8db2ebbd9d58c9c28428e81e235306,ed5a666d24d6f931100627663b11ce24db8db2ebbd9d58c9c28428e81e235306,RAAZ-26-1039,TRON,74658820,2026-07-25T13:01:00+05:30,Tbgwh7kt4bhsHhSoWyfkVMk8XB95x3pirP,TGiV3ong85344rhbLEkQU4MUtfQCiNEPXo,69505.04,USDT,6144246,exchange_sweep,5,False
f128e6df3475552703f0ba31a0da530b931715445b6b00ba22db7e7591ca9d12,f128e6df3475552703f0ba31a0da530b931715445b6b00ba22db7e7591ca9d12,RAAZ-26-1039,TRON,74681660,2026-07-26T08:03:00+05:30,TErX6HawLhXV5fw8bhyWxgnqYnLLwuBaTK,TAiiRhFnQ1MXkU3zyEGteyDMxfCWK4uEZu,35544.33,USDT,3142119,inbound,0,False
0x1cda3a5c1b6daaa9759d5becc9a69d6120d0be8cb1c75737e57e91db4dcce3fa,0x1cda3a5c1b6daaa9759d5becc9a69d6120d0be8cb1c75737e57e91db4dcce3fa,RAAZ-26-1040,BSC,61358920,2026-08-27T22:46:00+05:30,0xdfd0c3abe9f82d0f7247cbd4b9697f82a32d4402,0x41a48d1ec19bde3454291ab0c8b13641fa48d9fe,467.8,USDT,41354,victim_payment,0,False
0x05676b3a6e9051e8f4fe1c94bc524b17888cc729d4848f40def08d47d5b536ec,0x05676b3a6e9051e8f4fe1c94bc524b17888cc729d4848f40def08d47d5b536ec,RAAZ-26-1040,BSC,61412920,2026-08-29T19:46:00+05:30,0xdfd0c3abe9f82d0f7247cbd4b9697f82a32d4402,0x41a48d1ec19bde3454291ab0c8b13641fa48d9fe,602.33,USDT,53246,victim_payment,0,False
0xd5e895b95cb2d5277430e441f1207aaf9288a1faebb6c43792be7ab2b8833923,0xd5e895b95cb2d5277430e441f1207aaf9288a1faebb6c43792be7ab2b8833923,RAAZ-26-1040,BSC,61415020,2026-08-29T21:31:00+05:30,0x41a48d1ec19bde3454291ab0c8b13641fa48d9fe,0x1938b33da765466e0cc9073deff328b2f75b4cd3,585.29,USDT,51740,layering,1,False
0x07ce7b13dd7f297927c9fe541052b240a067266b933ae8f6a2b84a6b2217d6c6,0x07ce7b13dd7f297927c9fe541052b240a067266b933ae8f6a2b84a6b2217d6c6,RAAZ-26-1040,BSC,61415260,2026-08-29T21:43:00+05:30,0x1938b33da765466e0cc9073deff328b2f75b4cd3,0xe9b0d9152b56f05467cd3df13d9f28b61646c43e,585.29,USDT,51740,layering,2,False
0xe1456f90004de49228e6be5f7d2e020b35b8966ad85cecb9df0ebd971b147744,0xe1456f90004de49228e6be5f7d2e020b35b8966ad85cecb9df0ebd971b147744,RAAZ-26-1040,BSC,61415400,2026-08-29T21:50:00+05:30,0xe9b0d9152b56f05467cd3df13d9f28b61646c43e,0xf05134088500c385040a096a22cb682e321abd2c,585.29,USDT,51740,layering,3,False
0x0a30a2720dcdf72632f082e4447ddba0196bce7cccbe00859f2656e242ffd485,0x0a30a2720dcdf72632f082e4447ddba0196bce7cccbe00859f2656e242ffd485,RAAZ-26-1040,BSC,61415600,2026-08-29T22:00:00+05:30,0x41a48d1ec19bde3454291ab0c8b13641fa48d9fe,0xa37fa35b6c008208d11f3ea6f30612fb6aa365de,463.97,USDT,41015,layering,1,False
0x819df7462fe97dd8e896343d702ed6d73cdae6692d31550537236d58cf876fa0,0x819df7462fe97dd8e896343d702ed6d73cdae6692d31550537236d58cf876fa0,RAAZ-26-1040,BSC,61415840,2026-08-29T22:12:00+05:30,0xf05134088500c385040a096a22cb682e321abd2c,0x7d97e08c1b728e877573edec907db4a7969187e9,585.29,USDT,51740,consolidation,4,False
0x2604adae85d6fccaec3ef4a4de70f620c60e660899fcefc7ed3b1da9af02b817,0x2604adae85d6fccaec3ef4a4de70f620c60e660899fcefc7ed3b1da9af02b817,RAAZ-26-1040,BSC,61415860,2026-08-29T22:13:00+05:30,0xa37fa35b6c008208d11f3ea6f30612fb6aa365de,0xfedcdf78b500b8cfec85ec006dd0b3b620f3be2c,463.97,USDT,41015,layering,2,False
0xcb36f21d2935da3025dbf8b05d86aa0f9835908ef75dc09ead536436fb9135cf,0xcb36f21d2935da3025dbf8b05d86aa0f9835908ef75dc09ead536436fb9135cf,RAAZ-26-1040,BSC,61415940,2026-08-29T22:17:00+05:30,0xfedcdf78b500b8cfec85ec006dd0b3b620f3be2c,0xcca564ac8951afceaa11ac7152cb6e7488cfa45b,463.97,USDT,41015,layering,3,False
0x0b34a1cc1fd13ea1569356f396727a94d696160e7fd426acfb9d5950104e4fab,0x0b34a1cc1fd13ea1569356f396727a94d696160e7fd426acfb9d5950104e4fab,RAAZ-26-1040,BSC,61416220,2026-08-29T22:31:00+05:30,0xcca564ac8951afceaa11ac7152cb6e7488cfa45b,0xfc4d6a606ec97dc0780c4b278c7ca7083b233859,463.97,USDT,41015,layering,4,False
0xd419f6bede9e3cb7fca6aaca2c7f04dea809828f32b62c4f95db4dcef9e44019,0xd419f6bede9e3cb7fca6aaca2c7f04dea809828f32b62c4f95db4dcef9e44019,RAAZ-26-1040,BSC,61416540,2026-08-29T22:47:00+05:30,0xfc4d6a606ec97dc0780c4b278c7ca7083b233859,0x7d97e08c1b728e877573edec907db4a7969187e9,463.97,USDT,41015,consolidation,4,False
0x155b1504dc77b33baa93ee9089b6da14b73b6860fe6394d9f295f00776bc4657,0x155b1504dc77b33baa93ee9089b6da14b73b6860fe6394d9f295f00776bc4657,RAAZ-26-1040,BSC,61416880,2026-08-29T23:04:00+05:30,0x7d97e08c1b728e877573edec907db4a7969187e9,0x65791ddb2e526e7424f552b44aabe65f15dd6cc9,1035.35,USDT,91525,exchange_deposit,5,False
0x902bf23587a6a592904260c504eb82428b865b99454331078efd28dc152ad9ef,0x902bf23587a6a592904260c504eb82428b865b99454331078efd28dc152ad9ef,RAAZ-26-1040,BSC,61417860,2026-08-29T23:53:00+05:30,0x65791ddb2e526e7424f552b44aabe65f15dd6cc9,0xb13f7d46218c6c6f923107f3d33fd67a6909057d,1035.35,USDT,91525,exchange_sweep,6,False
8ddc6e62547c3fdf3ecc07f1eb6b86f6f1b8dd1b1c63cfa8974b08dfac9fa16f,8ddc6e62547c3fdf3ecc07f1eb6b86f6f1b8dd1b1c63cfa8974b08dfac9fa16f,RAAZ-26-1041,TRON,75247260,2026-08-14T23:23:00+05:30,Tmhim7cK8w1YRSxWZzqsjS3hgS6vTYZm1Y,TMkFtfgVQACciACyKgrub93s4o6G1JzxTV,4464.99,USDT,394705,inbound,0,False
4a917d7f656b7cbd694a6a585e6625264d0cc0ce2b82e9267fab9823a189ba17,4a917d7f656b7cbd694a6a585e6625264d0cc0ce2b82e9267fab9823a189ba17,RAAZ-26-1041,TRON,75324060,2026-08-17T15:23:00+05:30,TBr62MWdPMEzTDHoNjXPzy1gebNrpVrtsc,TMkFtfgVQACciACyKgrub93s4o6G1JzxTV,2645.88,USDT,233896,inbound,0,False
d0b2df0755f4f32242a70ba297dda94c9940f89a7e329c6380a22d3ed4197088,d0b2df0755f4f32242a70ba297dda94c9940f89a7e329c6380a22d3ed4197088,RAAZ-26-1041,TRON,75325260,2026-08-17T16:23:00+05:30,Te86EeE8cxTy5NEucmHKF8VRMLmMREwCDb,TMkFtfgVQACciACyKgrub93s4o6G1JzxTV,1714.99,USDT,151605,victim_payment,0,False
94709be1d2e4061c675177e6d1987f0c021bb899060fccfa0a380e36f4d10d65,94709be1d2e4061c675177e6d1987f0c021bb899060fccfa0a380e36f4d10d65,RAAZ-26-1041,TRON,75363660,2026-08-19T00:23:00+05:30,Tii6KwwbShvgMrW1poo9H6423ahaVLuaWD,TMkFtfgVQACciACyKgrub93s4o6G1JzxTV,1449.9,USDT,128171,inbound,0,False
1f97b53387dc1ce7ec647d910a6326123e38aeb5dc74c67d7bd1b2021c5a5671,1f97b53387dc1ce7ec647d910a6326123e38aeb5dc74c67d7bd1b2021c5a5671,RAAZ-26-1041,TRON,75373260,2026-08-19T08:23:00+05:30,Tw1ovtQXP7gyeUpoLeMnyxTHyLBXVxUmBb,TMkFtfgVQACciACyKgrub93s4o6G1JzxTV,2358.01,USDT,208448,inbound,0,False
953a02aaff9b78221dda6810cb874c2c3e7cbc95f113c84271f7f38273c9f3a2,953a02aaff9b78221dda6810cb874c2c3e7cbc95f113c84271f7f38273c9f3a2,RAAZ-26-1041,TRON,75374460,2026-08-19T09:23:00+05:30,Te86EeE8cxTy5NEucmHKF8VRMLmMREwCDb,TMkFtfgVQACciACyKgrub93s4o6G1JzxTV,1863.13,USDT,164701,victim_payment,0,False
edaefff7b853bc3c3b043d02d1b35f024621c87d4240b02c9774f62cab402b93,edaefff7b853bc3c3b043d02d1b35f024621c87d4240b02c9774f62cab402b93,RAAZ-26-1041,TRON,75436860,2026-08-21T13:23:00+05:30,Te86EeE8cxTy5NEucmHKF8VRMLmMREwCDb,TMkFtfgVQACciACyKgrub93s4o6G1JzxTV,2051.97,USDT,181394,victim_payment,0,False
2dbb4af12c05a3fe13010a210facddc8ad62a6a2e8483a0a0002e0b84d41d8a8,2dbb4af12c05a3fe13010a210facddc8ad62a6a2e8483a0a0002e0b84d41d8a8,RAAZ-26-1041,TRON,75442280,2026-08-21T17:54:00+05:30,TMkFtfgVQACciACyKgrub93s4o6G1JzxTV,Thv3F84NugpzVa4NkLo5Phr8x4GdgTcpss,5752.27,USDT,508501,layering,1,False
9738431a9466666223050107c90bfc211e294e503b71444c174951e2681c819a,9738431a9466666223050107c90bfc211e294e503b71444c174951e2681c819a,RAAZ-26-1041,TRON,75442360,2026-08-21T17:58:00+05:30,TMkFtfgVQACciACyKgrub93s4o6G1JzxTV,TvyK2guTNR9rbX2Jxs81WixQQDWedPDkyc,2947.65,USDT,260572,layering,1,False
58a9105119359d2ef711ab24dfc4b29096d4d8b4a650ae79e91174f18362bc7a,58a9105119359d2ef711ab24dfc4b29096d4d8b4a650ae79e91174f18362bc7a,RAAZ-26-1041,TRON,75442640,2026-08-21T18:12:00+05:30,TMkFtfgVQACciACyKgrub93s4o6G1JzxTV,T64AmcNBYjNPpnChAiRdj2uQ42V8waB4Ah,2677.44,USDT,236686,layering,1,False
07aa088ccce72e893eace9150a131369b38f2989fd0da46f43931f6302288c68,07aa088ccce72e893eace9150a131369b38f2989fd0da46f43931f6302288c68,RAAZ-26-1041,TRON,75442720,2026-08-21T18:16:00+05:30,TMkFtfgVQACciACyKgrub93s4o6G1JzxTV,TWfoXsvCaZUSf9Fwda6ajaJYbEPVGDdtXf,4686.2,USDT,414260,layering,1,False
122d93eec803f69f2773c3cf3c2bf4de81885367da5f938caf06ef555b4f5446,122d93eec803f69f2773c3cf3c2bf4de81885367da5f938caf06ef555b4f5446,RAAZ-26-1041,TRON,75444300,2026-08-21T19:35:00+05:30,T64AmcNBYjNPpnChAiRdj2uQ42V8waB4Ah,ThufCc6UxA6Nm5U2Hwu4Hyhauk6oJXVKXA,2677.44,USDT,236686,layering,2,False
6fac8edc9ace773c483ed5939a98317da19ff55d9cd5f89190519eb9084091bb,6fac8edc9ace773c483ed5939a98317da19ff55d9cd5f89190519eb9084091bb,RAAZ-26-1041,TRON,75446140,2026-08-21T21:07:00+05:30,Thv3F84NugpzVa4NkLo5Phr8x4GdgTcpss,Tp1CyoVanSF9mh62iAruUMJc7R68KpEfMY,5752.27,USDT,508501,layering,2,False
dc36f16f3ebe00dac6d0e1be79063393f73c72a9bf0fdf60b443ed7b93a707fb,dc36f16f3ebe00dac6d0e1be79063393f73c72a9bf0fdf60b443ed7b93a707fb,RAAZ-26-1041,TRON,75450480,2026-08-22T00:44:00+05:30,TvyK2guTNR9rbX2Jxs81WixQQDWedPDkyc,TJW7VUw1jQScn83vj8bvx5EVG5Z2mC3Baq,2947.65,USDT,260572,layering,2,False
ea5821756eba36e22dad153eb9a459e3a283fe8353818ce0d2fd636c52ff044c,ea5821756eba36e22dad153eb9a459e3a283fe8353818ce0d2fd636c52ff044c,RAAZ-26-1041,TRON,75454680,2026-08-22T04:14:00+05:30,ThufCc6UxA6Nm5U2Hwu4Hyhauk6oJXVKXA,TdrJzAVBLoLWQAi9TjMvJHGQ5SL4Ddm2NG,2677.44,USDT,236686,layering,3,False
a38ae7518f0cecd14d9478e45937b7e812f247070f56209ac234df987a90b49d,a38ae7518f0cecd14d9478e45937b7e812f247070f56209ac234df987a90b49d,RAAZ-26-1041,TRON,75457320,2026-08-22T06:26:00+05:30,TWfoXsvCaZUSf9Fwda6ajaJYbEPVGDdtXf,Tg1s2ihESqbMqHeN2iEiXtf244xcteggHS,4686.2,USDT,414260,layering,2,False
d3e9a9576dc01be4402bedffe3c174faf9e6c66c024bc67c2cf870a62f0038b3,d3e9a9576dc01be4402bedffe3c174faf9e6c66c024bc67c2cf870a62f0038b3,RAAZ-26-1041,TRON,75458620,2026-08-22T07:31:00+05:30,TJW7VUw1jQScn83vj8bvx5EVG5Z2mC3Baq,TtE98p79T48V1JLzNPkQNDycqkzkPD4xGH,2947.65,USDT,260572,layering,3,False
7b69cb726ce6e0b14e33328742866358f865b122374a4cabbd0a23d6d58f01bc,7b69cb726ce6e0b14e33328742866358f865b122374a4cabbd0a23d6d58f01bc,RAAZ-26-1041,TRON,75461340,2026-08-22T09:47:00+05:30,Tp1CyoVanSF9mh62iAruUMJc7R68KpEfMY,Ty6xpngRGZdZA8EnXXZwy8EMYMLFEwywX1,5752.27,USDT,508501,layering,3,False
c8f54d0b3ba703be65308bc025582c4132aed7224561e4985ff45a3a3d033eb2,c8f54d0b3ba703be65308bc025582c4132aed7224561e4985ff45a3a3d033eb2,RAAZ-26-1041,TRON,75473740,2026-08-22T20:07:00+05:30,Tg1s2ihESqbMqHeN2iEiXtf244xcteggHS,TEnNuGZjUR8rrcbLj6LXGEtHS9yCp1isZp,4686.2,USDT,414260,layering,3,False
27f4a9c4f3ca828bf875f708fddd40200615b252ad6a1a9e9fc64bc4d8ece88a,27f4a9c4f3ca828bf875f708fddd40200615b252ad6a1a9e9fc64bc4d8ece88a,RAAZ-26-1041,TRON,75486940,2026-08-23T07:07:00+05:30,TEnNuGZjUR8rrcbLj6LXGEtHS9yCp1isZp,Tm7uKFjTUGPuhvNQbssCbfvGstD8Uc6kga,4686.2,USDT,414260,layering,4,False
0xc7bb0d5e2c2d34902f65ecb91506b40fe9a1e29c70106e542d05f7b644a05916,0xc7bb0d5e2c2d34902f65ecb91506b40fe9a1e29c70106e542d05f7b644a05916,RAAZ-26-1042,ETH,23162915,2026-08-19T23:43:00+05:30,0xd6f61a5d45989a05ea500b8919f06b3fe16966c6,0x373473f89fbb423fa5cc3c1d9d5c39ca5cb1f863,1619.69,USDT,143181,victim_payment,0,False
0x16dd8d7f7dddeeda77c72384bd9d694e78715aae5ea4478f97e6a7813fddb8bd,0x16dd8d7f7dddeeda77c72384bd9d694e78715aae5ea4478f97e6a7813fddb8bd,RAAZ-26-1042,ETH,23168015,2026-08-20T16:43:00+05:30,0xd6f61a5d45989a05ea500b8919f06b3fe16966c6,0x373473f89fbb423fa5cc3c1d9d5c39ca5cb1f863,2594.11,USDT,229319,victim_payment,0,False
0x3fac5abdf9729bbc9b6a48aef809662d07d13b8f4c6f4db9b0de2999de255da1,0x3fac5abdf9729bbc9b6a48aef809662d07d13b8f4c6f4db9b0de2999de255da1,RAAZ-26-1042,ETH,23169580,2026-08-20T21:56:00+05:30,0x373473f89fbb423fa5cc3c1d9d5c39ca5cb1f863,0x07d310bde9cb562c239a0b8ab57b4ae563ff4af6,1308.42,USDT,115664,layering,1,False
0xfa052233b387f1b1b0a87dbae11a1404e6e0e4f763e3ec9fbdd7b3bd9db2d9ec,0xfa052233b387f1b1b0a87dbae11a1404e6e0e4f763e3ec9fbdd7b3bd9db2d9ec,RAAZ-26-1042,ETH,23169625,2026-08-20T22:05:00+05:30,0x373473f89fbb423fa5cc3c1d9d5c39ca5cb1f863,0xb5afae93c2998cdb99890a0b9f99d0cae59f28b5,1032.89,USDT,91307,layering,1,False
0x5b718db22608f6f762a15fe065f075e9157e774c4c5797c4593e567a56f243fa,0x5b718db22608f6f762a15fe065f075e9157e774c4c5797c4593e567a56f243fa,RAAZ-26-1042,ETH,23169650,2026-08-20T22:10:00+05:30,0x373473f89fbb423fa5cc3c1d9d5c39ca5cb1f863,0x9edc2e3488ad9b837be9eec7b5ab8a91d9c89268,827.29,USDT,73132,layering,1,False
0xb5e05e560f60d9de0994e1d1d805a93871feba41282865641b49edd354a63180,0xb5e05e560f60d9de0994e1d1d805a93871feba41282865641b49edd354a63180,RAAZ-26-1042,ETH,23169685,2026-08-20T22:17:00+05:30,0x373473f89fbb423fa5cc3c1d9d5c39ca5cb1f863,0x5af804bd894094b22b1002fd4ac8e8beb935c4c2,990.4,USDT,87551,layering,1,False
0x0617e4f0b3e590e8cffae167a14efd2815e18750d9b47b7d8a03b4ec84b85bb6,0x0617e4f0b3e590e8cffae167a14efd2815e18750d9b47b7d8a03b4ec84b85bb6,RAAZ-26-1042,ETH,23170145,2026-08-20T23:49:00+05:30,0xb5afae93c2998cdb99890a0b9f99d0cae59f28b5,0xfd10bce2c319fa9f44311cfd43275dc49b0d64f9,1032.89,USDT,91307,layering,2,False
0x849c727bf746979399da2549be1a22de642256293f41d261e78a6370d7bca964,0x849c727bf746979399da2549be1a22de642256293f41d261e78a6370d7bca964,RAAZ-26-1042,ETH,23170880,2026-08-21T02:16:00+05:30,0xfd10bce2c319fa9f44311cfd43275dc49b0d64f9,0x61a320edf683aa9ad5eec99713147502fc027b77,1032.89,USDT,91307,exchange_deposit,3,False
0xc113d6b6563f1efc2319ffa02bd25711b6ad0d1f63177f7b067116ead82099f9,0xc113d6b6563f1efc2319ffa02bd25711b6ad0d1f63177f7b067116ead82099f9,RAAZ-26-1042,ETH,23171155,2026-08-21T03:11:00+05:30,0x9edc2e3488ad9b837be9eec7b5ab8a91d9c89268,0x42f4fea66c0b28304002b628e074d257cedea70f,827.29,USDT,73132,layering,2,False
0x74dcd89d2f567cefb041fd249d4c06fa80ffa8bcccdbd62ca57a8481d2835339,0x74dcd89d2f567cefb041fd249d4c06fa80ffa8bcccdbd62ca57a8481d2835339,RAAZ-26-1042,ETH,23171630,2026-08-21T04:46:00+05:30,0x5af804bd894094b22b1002fd4ac8e8beb935c4c2,0xec798bb8e37916ccd2813f8abc36f83907fb9216,990.4,USDT,87551,bridge_in,2,False
0x27b55b241c8805e9188fbbc238f759e5e6a1a87561bbed94b9f3c1c46b045e5b,0x27b55b241c8805e9188fbbc238f759e5e6a1a87561bbed94b9f3c1c46b045e5b,RAAZ-26-1042,BSC,61164880,2026-08-21T05:04:00+05:30,0xec798bb8e37916ccd2813f8abc36f83907fb9216,0x02f0ecd7d6a41bcd85d7d5015626ff3c5c9ac924,988.42,USDT,87376,bridge_out,3,False
0x0720566962839f154f1d270da2c02e6f55125a96213685d19c012e47d2c7c4b6,0x0720566962839f154f1d270da2c02e6f55125a96213685d19c012e47d2c7c4b6,RAAZ-26-1042,ETH,23171930,2026-08-21T05:46:00+05:30,0x07d310bde9cb562c239a0b8ab57b4ae563ff4af6,0x1058dd2339d6ca3cab8a390f315df15a7e66621c,1308.42,USDT,115664,layering,2,False
0x28e99b75f9c76336312f1f399adebedd675b812ab13bb8754a23fbb5977415f9,0x28e99b75f9c76336312f1f399adebedd675b812ab13bb8754a23fbb5977415f9,RAAZ-26-1042,ETH,23172090,2026-08-21T06:18:00+05:30,0x42f4fea66c0b28304002b628e074d257cedea70f,0x8803ec6fee1678ee7cf8fcfa20147b7774f985b6,827.29,USDT,73132,layering,3,False
0x00b307f6a54670b8753212405bfcfdf2e3d3e257d54498533a002034f43592ec,0x00b307f6a54670b8753212405bfcfdf2e3d3e257d54498533a002034f43592ec,RAAZ-26-1042,ETH,23172715,2026-08-21T08:23:00+05:30,0x8803ec6fee1678ee7cf8fcfa20147b7774f985b6,0xb559f69ca93411f9b8daac8146c647bc60cd44a4,827.29,USDT,73132,layering,4,False
0x35ec68ac0cd8b2eea7ccbd7ea58d53c81d159f069c0dcef23caac1e655b4be9e,0x35ec68ac0cd8b2eea7ccbd7ea58d53c81d159f069c0dcef23caac1e655b4be9e,RAAZ-26-1042,ETH,23173495,2026-08-21T10:59:00+05:30,0xb559f69ca93411f9b8daac8146c647bc60cd44a4,0x61a320edf683aa9ad5eec99713147502fc027b77,827.29,USDT,73132,exchange_deposit,3,False
0xb8fe144091850192e1e230e3c08c7f87baad85545035400eb0d7cd1fe54aee2f,0xb8fe144091850192e1e230e3c08c7f87baad85545035400eb0d7cd1fe54aee2f,RAAZ-26-1042,BSC,61178700,2026-08-21T16:35:00+05:30,0x02f0ecd7d6a41bcd85d7d5015626ff3c5c9ac924,0xbbf7037313abf3611e38c9f6b0dc2b7e397d3bf7,988.42,USDT,87376,layering,4,False
0xdc01d3d0cf860da12872341e26dfee9e194291f9989bd612036c85011079dd60,0xdc01d3d0cf860da12872341e26dfee9e194291f9989bd612036c85011079dd60,RAAZ-26-1042,ETH,23175490,2026-08-21T17:38:00+05:30,0x1058dd2339d6ca3cab8a390f315df15a7e66621c,0x61a320edf683aa9ad5eec99713147502fc027b77,1308.42,USDT,115664,exchange_deposit,3,False
0x022ac797ebc8a9986d82ab6fc3d513d132aebbb09ed97dd4747d1b25ec83a23d,0x022ac797ebc8a9986d82ab6fc3d513d132aebbb09ed97dd4747d1b25ec83a23d,RAAZ-26-1042,ETH,23175785,2026-08-21T18:37:00+05:30,0x61a320edf683aa9ad5eec99713147502fc027b77,0xb1761d893a06f92417f3e74b4217c1588e01bda6,3168.6,USDT,280104,exchange_sweep,4,False
0x26bf455a2784df4298fa53b177a783c82cae70dda7dc91cc869fde3f450d648b,0x26bf455a2784df4298fa53b177a783c82cae70dda7dc91cc869fde3f450d648b,RAAZ-26-1042,BSC,61183480,2026-08-21T20:34:00+05:30,0xbbf7037313abf3611e38c9f6b0dc2b7e397d3bf7,0x1ca04edde5c54a810f5d0bd351c4dbf44abcd1da,988.42,USDT,87376,layering,5,False
0x3c3406610bf1b1479de3eb92a18d62e5f46018fdf8ae2c5a5970210ae6ccc76d,0x3c3406610bf1b1479de3eb92a18d62e5f46018fdf8ae2c5a5970210ae6ccc76d,RAAZ-26-1042,BSC,61196000,2026-08-22T07:00:00+05:30,0x1ca04edde5c54a810f5d0bd351c4dbf44abcd1da,0x7546f1de79761bc4cb129131dee0aff477e60dd3,988.42,USDT,87376,exchange_deposit,6,False
0xa48576cc2578d80cc607670c7b90236b09377b157f936dd4b005721a1ff4e516,0xa48576cc2578d80cc607670c7b90236b09377b157f936dd4b005721a1ff4e516,RAAZ-26-1042,BSC,61197400,2026-08-22T08:10:00+05:30,0x7546f1de79761bc4cb129131dee0aff477e60dd3,0xa94771960902f0c6cf6e6aa6444f0dacfeab0287,988.42,USDT,87376,exchange_sweep,7,False
d78f43acae2a249b2213f99d5e13ee362b6d6f86fd10d2556f3b3c5dd16d4d95,d78f43acae2a249b2213f99d5e13ee362b6d6f86fd10d2556f3b3c5dd16d4d95,RAAZ-26-1043,TRON,75443440,2026-08-21T18:52:00+05:30,TaTKtjUho6s68vp7zcwkPCLdoQ7TMx3g5S,TtoA5FepmKVEik5d4HdhuJCZUKkrkVBBwV,0.01,USDT,1,dust,0,False
469c4b0cd0ae7d43988298f024ee6d8b6e94f1d380c0eb7e155cae8de6b81221,469c4b0cd0ae7d43988298f024ee6d8b6e94f1d380c0eb7e155cae8de6b81221,RAAZ-26-1043,TRON,75495040,2026-08-23T13:52:00+05:30,TaTKtjUho6s68vp7zcwkPCLdoQ7TMx3g5S,TtoA5FepmKVEik5d4HdhuJCZUKkrkVBBwV,0.01,USDT,1,dust,0,False
2e3cbb55d068c05f111f5e9f23b994f3045ccc8164ba2c8a9e4de1c3405c611b,2e3cbb55d068c05f111f5e9f23b994f3045ccc8164ba2c8a9e4de1c3405c611b,RAAZ-26-1043,TRON,75515440,2026-08-24T06:52:00+05:30,TaTKtjUho6s68vp7zcwkPCLdoQ7TMx3g5S,TtoA5FepmKVEik5d4HdhuJCZUKkrkVBBwV,0.01,USDT,1,dust,0,False
5af9f042ef534541379353ced772e6d4135a928c890b1a2c4368ecf7a23656b2,5af9f042ef534541379353ced772e6d4135a928c890b1a2c4368ecf7a23656b2,RAAZ-26-1043,TRON,75627040,2026-08-28T03:52:00+05:30,TPy211XADoYfRTRoEbtAvHMahSNarURgbg,TtoA5FepmKVEik5d4HdhuJCZUKkrkVBBwV,32295.93,USDT,2854960,inbound,0,False
8243a0d3ebfab62a846120c4ff31465bd2ecc03f6c90b4c03f4c4c008d9a886d,8243a0d3ebfab62a846120c4ff31465bd2ecc03f6c90b4c03f4c4c008d9a886d,RAAZ-26-1043,TRON,75664240,2026-08-29T10:52:00+05:30,Tm52xwY2LD2CeRGdvFg9uC4pD1NXXNzH6k,TtoA5FepmKVEik5d4HdhuJCZUKkrkVBBwV,15859.79,USDT,1402005,inbound,0,False
f4e3783b9ebfd81abe681d7dcf34ecd603045c643ae3c62908916714cc210607,f4e3783b9ebfd81abe681d7dcf34ecd603045c643ae3c62908916714cc210607,RAAZ-26-1043,TRON,75671440,2026-08-29T16:52:00+05:30,TnxBj3jcCRTm8mWiZRZ2e8AGLWSvuhgzxw,TtoA5FepmKVEik5d4HdhuJCZUKkrkVBBwV,3263.59,USDT,288501,victim_payment,0,False
37bd62bb9b24d1146e13c1232247bc26420b0c8daaddc2b9bc3b8bc7e1aa929b,37bd62bb9b24d1146e13c1232247bc26420b0c8daaddc2b9bc3b8bc7e1aa929b,RAAZ-26-1043,TRON,75744640,2026-09-01T05:52:00+05:30,TnxBj3jcCRTm8mWiZRZ2e8AGLWSvuhgzxw,TtoA5FepmKVEik5d4HdhuJCZUKkrkVBBwV,3556.74,USDT,314416,victim_payment,0,False
0effb77ebcbe7abe9b6602d45e3d682201d0b2163cc280a76a884eabe268d23c,0effb77ebcbe7abe9b6602d45e3d682201d0b2163cc280a76a884eabe268d23c,RAAZ-26-1043,TRON,75809440,2026-09-03T11:52:00+05:30,TnxBj3jcCRTm8mWiZRZ2e8AGLWSvuhgzxw,TtoA5FepmKVEik5d4HdhuJCZUKkrkVBBwV,7750.22,USDT,685119,victim_payment,0,False
aa34ac77599e1e93b8c7cd38ace37be199f4a77594af5250c14459aee49ef748,aa34ac77599e1e93b8c7cd38ace37be199f4a77594af5250c14459aee49ef748,RAAZ-26-1043,TRON,75904240,2026-09-06T18:52:00+05:30,TnxBj3jcCRTm8mWiZRZ2e8AGLWSvuhgzxw,TtoA5FepmKVEik5d4HdhuJCZUKkrkVBBwV,22110.44,USDT,1954563,victim_payment,0,False
1bc0646d664211a168ddfada65882c3a0df31dd0e885f3103dd977d05dfaa722,1bc0646d664211a168ddfada65882c3a0df31dd0e885f3103dd977d05dfaa722,RAAZ-26-1043,TRON,75910360,2026-09-06T23:58:00+05:30,TtoA5FepmKVEik5d4HdhuJCZUKkrkVBBwV,Tu84xubvV8amJ2xc6XLYSRtQ4MqLUbdDV9,20582.4,USDT,1819484,layering,1,False
ca5c8462327c1988a6cb963438fbc6ffbe293c2fae029e315a24f9725c99fe8b,ca5c8462327c1988a6cb963438fbc6ffbe293c2fae029e315a24f9725c99fe8b,RAAZ-26-1043,TRON,75910440,2026-09-07T00:02:00+05:30,TtoA5FepmKVEik5d4HdhuJCZUKkrkVBBwV,TRUHD9shAHgpjpCkja1Fxsj9evCJgXAQYv,33038.34,USDT,2920589,layering,1,False
a598c50cc16bb8347abdef510e2d97a6da5eae5c649a1e101f3e96fe4bf66d6c,a598c50cc16bb8347abdef510e2d97a6da5eae5c649a1e101f3e96fe4bf66d6c,RAAZ-26-1043,TRON,75910460,2026-09-07T00:03:00+05:30,TtoA5FepmKVEik5d4HdhuJCZUKkrkVBBwV,TNUZeDvN3ATqfbcXyj9XJDpJdD5Z5WknDR,28659.9,USDT,2533535,layering,1,False
5a6973ae99c84f7f385f9cc78b090af495499622b61ef0f4e24c1e1ef1ecf331,5a6973ae99c84f7f385f9cc78b090af495499622b61ef0f4e24c1e1ef1ecf331,RAAZ-26-1043,TRON,75914360,2026-09-07T03:18:00+05:30,Tu84xubvV8amJ2xc6XLYSRtQ4MqLUbdDV9,TL1cp4YgRjHutdmtvAz7z9rN5HKTdDrvg2,1136.49,USDT,100466,peel,2,False
43cd69bc2a650966891467375d0195d80bdc4e1e895c50bbe816b165aa749d7f,43cd69bc2a650966891467375d0195d80bdc4e1e895c50bbe816b165aa749d7f,RAAZ-26-1043,TRON,75914360,2026-09-07T03:18:00+05:30,Tu84xubvV8amJ2xc6XLYSRtQ4MqLUbdDV9,Tgy2vTyf9jhBdN383r3UEs9mG8x6AJG8hm,19445.91,USDT,1719018,layering,2,False
2644977a0193c3d0d3637a9e9de81bd6da996091c4000a48a786db57ced1841f,2644977a0193c3d0d3637a9e9de81bd6da996091c4000a48a786db57ced1841f,RAAZ-26-1043,TRON,75915720,2026-09-07T04:26:00+05:30,TRUHD9shAHgpjpCkja1Fxsj9evCJgXAQYv,TpHGwyVV3cvzeRDq2xw7vH4nsxF9GD1ZJ4,33038.34,USDT,2920589,layering,2,False
a39b6b7cbcbbd28e8a3e1fb7ff8f524b4e20c74e3c310e58b35ad478bed89e1c,a39b6b7cbcbbd28e8a3e1fb7ff8f524b4e20c74e3c310e58b35ad478bed89e1c,RAAZ-26-1043,TRON,75918740,2026-09-07T06:57:00+05:30,Tgy2vTyf9jhBdN383r3UEs9mG8x6AJG8hm,TBVjH6aJtb5i4xrx7AuB7mT2aLkUTYqrMg,1149.86,USDT,101648,peel,3,False
e6771d0818230ed3551e4ef9f069769b3df2caa5c995cb8a9acd280ae278083b,e6771d0818230ed3551e4ef9f069769b3df2caa5c995cb8a9acd280ae278083b,RAAZ-26-1043,TRON,75918740,2026-09-07T06:57:00+05:30,Tgy2vTyf9jhBdN383r3UEs9mG8x6AJG8hm,Tnqz3PvvjUBSwwT2qT3J2RinqRvemxwUZ2,18296.05,USDT,1617371,layering,3,False
075d89c74f6ff6d41150436ec76ca95540ca21f77f7b5a0cff45b1b7cadf784b,075d89c74f6ff6d41150436ec76ca95540ca21f77f7b5a0cff45b1b7cadf784b,RAAZ-26-1043,TRON,75924640,2026-09-07T11:52:00+05:30,TNUZeDvN3ATqfbcXyj9XJDpJdD5Z5WknDR,TJ5nn4Mz4bEgrdpJPSAZEuiWNs3Qdtb97T,28659.9,USDT,2533535,layering,2,False
86bf1795538025f50677be3faebca0d82051b348552d054364e4abbf8167ca1f,86bf1795538025f50677be3faebca0d82051b348552d054364e4abbf8167ca1f,RAAZ-26-1043,TRON,75925200,2026-09-07T12:20:00+05:30,Tnqz3PvvjUBSwwT2qT3J2RinqRvemxwUZ2,T5TvmgyZSQeepAArAGtohqZPSWgAy74qrg,2539.5,USDT,224492,peel,4,False
9949394169ce701a3f259e06cf3a4386bdd455a24bf28fef04ac62812f54e3bb,9949394169ce701a3f259e06cf3a4386bdd455a24bf28fef04ac62812f54e3bb,RAAZ-26-1043,TRON,75925200,2026-09-07T12:20:00+05:30,Tnqz3PvvjUBSwwT2qT3J2RinqRvemxwUZ2,TY9U7jzJsgWMUMRBqR5RXjxez4VEvjfSXi,15756.55,USDT,1392879,layering,4,False
15ba252c774ad2ad92071e16a2659050942e8bc8dd5b03ff63ce5ccb22804f3b,15ba252c774ad2ad92071e16a2659050942e8bc8dd5b03ff63ce5ccb22804f3b,RAAZ-26-1043,TRON,75929840,2026-09-07T16:12:00+05:30,TJ5nn4Mz4bEgrdpJPSAZEuiWNs3Qdtb97T,TdN4Q89xECZ9ov1v4HH2yHf7qi3AEZVVQ7,28659.9,USDT,2533535,layering,3,False
d3b315da2c9ca90ca0898033aabad357bc092144e6bad7c8a7e09e8df48e0a8a,d3b315da2c9ca90ca0898033aabad357bc092144e6bad7c8a7e09e8df48e0a8a,RAAZ-26-1043,TRON,75930420,2026-09-07T16:41:00+05:30,TpHGwyVV3cvzeRDq2xw7vH4nsxF9GD1ZJ4,TVQkMCWhm8nnLQw3tQBa72qeGS9mGZCQpH,33038.34,USDT,2920589,layering,3,False
14956b5f618ba5a38ddb5f3ef25e05048361cfa51b04e84f1b186fa5e96ad5cf,14956b5f618ba5a38ddb5f3ef25e05048361cfa51b04e84f1b186fa5e96ad5cf,RAAZ-26-1043,TRON,75932800,2026-09-07T18:40:00+05:30,TdN4Q89xECZ9ov1v4HH2yHf7qi3AEZVVQ7,T4jPV7BNmdNLRmHkgsxuNxPDKEcY5wCxy2,28659.9,USDT,2533535,layering,4,False
0b8aebabd7d2bd4bb79db44ae5cd14b073788562ce4b1044d4612d4ee37bbe5d,0b8aebabd7d2bd4bb79db44ae5cd14b073788562ce4b1044d4612d4ee37bbe5d,RAAZ-26-1043,TRON,75938440,2026-09-07T23:22:00+05:30,TY9U7jzJsgWMUMRBqR5RXjxez4VEvjfSXi,T3o4qNGa6WJenZWDufaNA3FUBrc9a9JjUT,1554.0,USDT,137374,peel,5,False
8b5b2617726d8e0ace0eab8357eb28fbb182aae74ad3ad65ff9cb437a71e47cf,8b5b2617726d8e0ace0eab8357eb28fbb182aae74ad3ad65ff9cb437a71e47cf,RAAZ-26-1043,TRON,75938440,2026-09-07T23:22:00+05:30,TY9U7jzJsgWMUMRBqR5RXjxez4VEvjfSXi,TSR6XazbJj2864SDtEeji668gjn6qS985v,14202.55,USDT,1255505,layering,5,False
da6585b124787adc0636231756cf4b12a3d0ff347f292b9021d08b3c9034014b,da6585b124787adc0636231756cf4b12a3d0ff347f292b9021d08b3c9034014b,RAAZ-26-1043,TRON,75938920,2026-09-07T23:46:00+05:30,TVQkMCWhm8nnLQw3tQBa72qeGS9mGZCQpH,T91kuDyJhk6eEHYWUgwD8whpULmr5ij2da,33038.34,USDT,2920589,exchange_deposit,4,False
058076bb2cbe9a519dc2fe60bc7a36e1eb7c00fc7204bad184f66e277549f2ee,058076bb2cbe9a519dc2fe60bc7a36e1eb7c00fc7204bad184f66e277549f2ee,RAAZ-26-1043,TRON,75941440,2026-09-08T01:52:00+05:30,T4jPV7BNmdNLRmHkgsxuNxPDKEcY5wCxy2,T91kuDyJhk6eEHYWUgwD8whpULmr5ij2da,28659.9,USDT,2533535,exchange_deposit,4,False
4d75fcba681b2c1e3dbc20f916541492a5a32bc7c93846b41ca29f6d8e55d73e,4d75fcba681b2c1e3dbc20f916541492a5a32bc7c93846b41ca29f6d8e55d73e,RAAZ-26-1043,TRON,75946600,2026-09-08T06:10:00+05:30,TSR6XazbJj2864SDtEeji668gjn6qS985v,TwoVJCYoMVNkB5zfi7BHC6UAY8eReQK8Q7,1949.85,USDT,172367,peel,6,False
bfc4d375d54aa58337222f977a134db75c38785cc516f7356668bee9732d84ec,bfc4d375d54aa58337222f977a134db75c38785cc516f7356668bee9732d84ec,RAAZ-26-1043,TRON,75946600,2026-09-08T06:10:00+05:30,TSR6XazbJj2864SDtEeji668gjn6qS985v,TeQNR2PbJJzVTYAZwEjPSMhNZGMmNGjsVh,12252.7,USDT,1083139,layering,6,False
0704d76c4a2868271383db186043f889be58ca0e324fb6b198741cd55fcc2231,0704d76c4a2868271383db186043f889be58ca0e324fb6b198741cd55fcc2231,RAAZ-26-1043,TRON,75961580,2026-09-08T18:39:00+05:30,TeQNR2PbJJzVTYAZwEjPSMhNZGMmNGjsVh,T6U3geEdiB9hwSAB3Kz2oFqvVtCd5vxFKK,801.21,USDT,70827,peel,7,False
5ad1d5ebea714f7d1fef1cffca11262d77cf83521ce55de9abc6bebaa3b47e8e,5ad1d5ebea714f7d1fef1cffca11262d77cf83521ce55de9abc6bebaa3b47e8e,RAAZ-26-1043,TRON,75961580,2026-09-08T18:39:00+05:30,TeQNR2PbJJzVTYAZwEjPSMhNZGMmNGjsVh,TEohpetLJRH2nw2brUtKbD5J5Md9fv1DBK,11451.49,USDT,1012312,layering,7,False
beb8f366fa0d4c6349cc36a4c5b4f32bddf2a1d998265c24d99fb130908c27a9,beb8f366fa0d4c6349cc36a4c5b4f32bddf2a1d998265c24d99fb130908c27a9,RAAZ-26-1043,TRON,75968900,2026-09-09T00:45:00+05:30,TEohpetLJRH2nw2brUtKbD5J5Md9fv1DBK,T91kuDyJhk6eEHYWUgwD8whpULmr5ij2da,11451.49,USDT,1012312,exchange_deposit,4,False
fcca2e8501f3b02162bf19a05fa00df51b802924d5cf39e00f0a108cad814fe8,fcca2e8501f3b02162bf19a05fa00df51b802924d5cf39e00f0a108cad814fe8,RAAZ-26-1043,TRON,75969060,2026-09-09T00:53:00+05:30,T91kuDyJhk6eEHYWUgwD8whpULmr5ij2da,TrfNCPpiDLVT9ykkScDA9PGFmdnqG2AtnP,73149.73,USDT,6466436,exchange_sweep,5,False
99f8122ef92d0074f9e6d291135e1d8fc839e4dc74fa8acd75c71b6336807b19,99f8122ef92d0074f9e6d291135e1d8fc839e4dc74fa8acd75c71b6336807b19,RAAZ-26-1044,TRON,76045220,2026-09-11T16:21:00+05:30,TqJUxijKR3yijMzeGWodFeZcpe4XK3dFSW,TAgvgqYQze9swebfT3F23BF39cLM63kTmS,574.91,USDT,50822,inbound,0,False
501af51890637dda04ed23c5a0baf3af712fd4d4143abe0581040eb67ded1b1d,501af51890637dda04ed23c5a0baf3af712fd4d4143abe0581040eb67ded1b1d,RAAZ-26-1044,TRON,76111220,2026-09-13T23:21:00+05:30,T8J7UnbEgLrdFFZVbAiM3SrJT2W7AGhXmS,TAgvgqYQze9swebfT3F23BF39cLM63kTmS,1122.5,USDT,99229,inbound,0,False
e12acc0ddcb87ec61393b42b8d9d131fa1d3ebe2d3b27445b2e825e6577a1515,e12acc0ddcb87ec61393b42b8d9d131fa1d3ebe2d3b27445b2e825e6577a1515,RAAZ-26-1044,TRON,76112420,2026-09-14T00:21:00+05:30,T6uDyoEsmnvUdgUWnZLSGkvXo4Ngrsxq9D,TAgvgqYQze9swebfT3F23BF39cLM63kTmS,175.64,USDT,15527,victim_payment,0,False
aa996ad93f37b69034c56fb4aeba2bc44fa45b3682e11d9bf8725410ce5318c3,aa996ad93f37b69034c56fb4aeba2bc44fa45b3682e11d9bf8725410ce5318c3,RAAZ-26-1044,TRON,76164020,2026-09-15T19:21:00+05:30,TzXTEApVWMPAx52bVC11tFZ9Lutt1oJCxY,TAgvgqYQze9swebfT3F23BF39cLM63kTmS,223.34,USDT,19743,inbound,0,False
045c0908b000eac124bb1f9d923d3a4d4a6d3bfd9af27be6e67491624ccfda2e,045c0908b000eac124bb1f9d923d3a4d4a6d3bfd9af27be6e67491624ccfda2e,RAAZ-26-1044,TRON,76165220,2026-09-15T20:21:00+05:30,TuaXuKsaBQ1QkKHxV4WSEk9gBVSWw5giUH,TAgvgqYQze9swebfT3F23BF39cLM63kTmS,586.85,USDT,51878,inbound,0,False
5b6e71e18e47b2e9112b4c50203dc022fbaf15196c6fc31a108eea8a331742ed,5b6e71e18e47b2e9112b4c50203dc022fbaf15196c6fc31a108eea8a331742ed,RAAZ-26-1044,TRON,76194020,2026-09-16T20:21:00+05:30,T6uDyoEsmnvUdgUWnZLSGkvXo4Ngrsxq9D,TAgvgqYQze9swebfT3F23BF39cLM63kTmS,637.98,USDT,56397,victim_payment,0,False
83cf2450106989749a6bb7d24e91a611ea7959319d67cf651fd1c3508c4c0504,83cf2450106989749a6bb7d24e91a611ea7959319d67cf651fd1c3508c4c0504,RAAZ-26-1044,TRON,76238420,2026-09-18T09:21:00+05:30,T6uDyoEsmnvUdgUWnZLSGkvXo4Ngrsxq9D,TAgvgqYQze9swebfT3F23BF39cLM63kTmS,696.55,USDT,61575,victim_payment,0,False
ce411728cbf49c6b3b43e4375beaeeb683af81dedf156c5602e1f7120798b191,ce411728cbf49c6b3b43e4375beaeeb683af81dedf156c5602e1f7120798b191,RAAZ-26-1044,TRON,76242100,2026-09-18T12:25:00+05:30,TAgvgqYQze9swebfT3F23BF39cLM63kTmS,TfR9tvkkiknQyzhNtk1xu9skt5rAtpzqqS,730.2,USDT,64550,layering,1,False
0cec9511eec7e831ad860271ff1d869d2a088c67e61d6d7af7a7fc789a6137e4,0cec9511eec7e831ad860271ff1d869d2a088c67e61d6d7af7a7fc789a6137e4,RAAZ-26-1044,TRON,76242200,2026-09-18T12:30:00+05:30,TAgvgqYQze9swebfT3F23BF39cLM63kTmS,Td24T3dqqXEEajq2Jy82do3HVfaxQBoAkA,987.76,USDT,87318,layering,1,False
adc8bcc6826704b3482398545def9561b4f881c802e295e43b042ba27c7a4194,adc8bcc6826704b3482398545def9561b4f881c802e295e43b042ba27c7a4194,RAAZ-26-1044,TRON,76242420,2026-09-18T12:41:00+05:30,TAgvgqYQze9swebfT3F23BF39cLM63kTmS,TMfWv2ZwxiKG4LkXv2Vfbes1Rg8TJMX1sC,888.7,USDT,78561,layering,1,False
c6a5d4ee089f0147e9e04ab189eea05477481a867a1eae44890255f3993a686e,c6a5d4ee089f0147e9e04ab189eea05477481a867a1eae44890255f3993a686e,RAAZ-26-1044,TRON,76242420,2026-09-18T12:41:00+05:30,Td24T3dqqXEEajq2Jy82do3HVfaxQBoAkA,TPqsGHF76Ba3UfQhzhb5GugXBLSjfSxVT3,987.76,USDT,87318,layering,2,False
81dff47f19e9a708381ba558bd81dbca6a6159efeb729c04b680fe97b50224c8,81dff47f19e9a708381ba558bd81dbca6a6159efeb729c04b680fe97b50224c8,RAAZ-26-1044,TRON,76242460,2026-09-18T12:43:00+05:30,TAgvgqYQze9swebfT3F23BF39cLM63kTmS,Twjw2pcFiLwgysemzMkg6Ka2YoomgUG7ju,1395.46,USDT,123359,layering,1,False
725627e7350d38fee0ededf9bed0906507670a9d1f95e0cdf01549e45bd44068,725627e7350d38fee0ededf9bed0906507670a9d1f95e0cdf01549e45bd44068,RAAZ-26-1044,TRON,76242560,2026-09-18T12:48:00+05:30,TfR9tvkkiknQyzhNtk1xu9skt5rAtpzqqS,TM69Wwb7jCfQFPmjF4Jzu4wqQW6a8ni3YP,64.93,USDT,5740,peel,2,False
85c81c3cba02e0d15674c00061e7552adac128cf6c06d78f86c86f1602ba7f88,85c81c3cba02e0d15674c00061e7552adac128cf6c06d78f86c86f1602ba7f88,RAAZ-26-1044,TRON,76242560,2026-09-18T12:48:00+05:30,TfR9tvkkiknQyzhNtk1xu9skt5rAtpzqqS,Tm2ikPTcGkdGD3tRVBzYXsnrexNxNrWBq5,665.27,USDT,58810,layering,2,False
92e645cbe66d6f6e37f2f7a1dcf87a1c5130c212e68aef91a8f426bf09e7ef1a,92e645cbe66d6f6e37f2f7a1dcf87a1c5130c212e68aef91a8f426bf09e7ef1a,RAAZ-26-1044,TRON,76242720,2026-09-18T12:56:00+05:30,TPqsGHF76Ba3UfQhzhb5GugXBLSjfSxVT3,TxQVsqRjnCYcA7Pptwf9c8KtLypyQf6Rxe,987.76,USDT,87318,layering,3,False
f448c469f85658d249fab5611682290278d9861824eead49ab5030f53dd062e6,f448c469f85658d249fab5611682290278d9861824eead49ab5030f53dd062e6,RAAZ-26-1044,TRON,76242780,2026-09-18T12:59:00+05:30,TMfWv2ZwxiKG4LkXv2Vfbes1Rg8TJMX1sC,TERQVhbsmxHPgTfpURmsm87vPimypQTShm,888.7,USDT,78561,layering,2,False
af5828febd2182000ce80a38d68978562f3514a41e321143cbca998a3f517374,af5828febd2182000ce80a38d68978562f3514a41e321143cbca998a3f517374,RAAZ-26-1044,TRON,76242800,2026-09-18T13:00:00+05:30,TxQVsqRjnCYcA7Pptwf9c8KtLypyQf6Rxe,TogtMNdpKKuVoqHCE9bQSdq3oh1JKJPFsb,987.76,USDT,87318,consolidation,4,False
8de70e17618a2c703f7f902952c367e2c3353bf83c6132fd831ec626bc06e318,8de70e17618a2c703f7f902952c367e2c3353bf83c6132fd831ec626bc06e318,RAAZ-26-1044,TRON,76242840,2026-09-18T13:02:00+05:30,Tm2ikPTcGkdGD3tRVBzYXsnrexNxNrWBq5,TNsmW96ENLGpAVAeK7T9CfdwrmGYCx1D4y,74.8,USDT,6612,peel,3,False
d401a310ddf284117223bf498f5a8dd6d48772e885d01a3015a059fe90e9fa90,d401a310ddf284117223bf498f5a8dd6d48772e885d01a3015a059fe90e9fa90,RAAZ-26-1044,TRON,76242840,2026-09-18T13:02:00+05:30,Tm2ikPTcGkdGD3tRVBzYXsnrexNxNrWBq5,TaKQBdmDtcTEyVy1p4EZeiSxptEY7foRXy,590.47,USDT,52198,layering,3,False
793abb70ea6a921613f6b150509c28952589170a7fd75195c26b47fa6c4c5bfc,793abb70ea6a921613f6b150509c28952589170a7fd75195c26b47fa6c4c5bfc,RAAZ-26-1044,TRON,76242980,2026-09-18T13:09:00+05:30,Twjw2pcFiLwgysemzMkg6Ka2YoomgUG7ju,ThhwKWC3FXUQfWKXBiBWcW2R2cvsqbEcnV,1395.46,USDT,123359,layering,2,False
3f3569c4089b0e051308abd346395e62b45c192fed7276dd0341a33d93fab7ed,3f3569c4089b0e051308abd346395e62b45c192fed7276dd0341a33d93fab7ed,RAAZ-26-1044,TRON,76242980,2026-09-18T13:09:00+05:30,TERQVhbsmxHPgTfpURmsm87vPimypQTShm,TUoDaR6DsSeWBDJ8aCH8oRt6pbzfGKBu88,888.7,USDT,78561,layering,3,False
46fa52641fd31e1323fac84a46986bf3b58ed1f18f2dbab2daf4abbfa27bcd24,46fa52641fd31e1323fac84a46986bf3b58ed1f18f2dbab2daf4abbfa27bcd24,RAAZ-26-1044,TRON,76243000,2026-09-18T13:10:00+05:30,TaKQBdmDtcTEyVy1p4EZeiSxptEY7foRXy,TMMTRM2KxR1bfQ6Z7fWjsncXjjS4zNH7vH,68.3,USDT,6038,peel,4,False
e4dff9708dc16c298af5785772d79f87a0cf6839fa29dda45f92ffa6d60731e1,e4dff9708dc16c298af5785772d79f87a0cf6839fa29dda45f92ffa6d60731e1,RAAZ-26-1044,TRON,76243000,2026-09-18T13:10:00+05:30,TaKQBdmDtcTEyVy1p4EZeiSxptEY7foRXy,TDY6SWPWmSgAb7cwMzPXtw6twCSuPVF65z,522.17,USDT,46160,layering,4,False
42a5bfd6d45bed6082adaedde9014e596f3e9e16e7a711642df85e0798d4027e,42a5bfd6d45bed6082adaedde9014e596f3e9e16e7a711642df85e0798d4027e,RAAZ-26-1044,TRON,76243120,2026-09-18T13:16:00+05:30,TUoDaR6DsSeWBDJ8aCH8oRt6pbzfGKBu88,TogtMNdpKKuVoqHCE9bQSdq3oh1JKJPFsb,888.7,USDT,78561,consolidation,4,False
fb53ef480c39f7f9919e5679f3d90b0b37241ba17de3b3ae29b443b3a0bbe59c,fb53ef480c39f7f9919e5679f3d90b0b37241ba17de3b3ae29b443b3a0bbe59c,RAAZ-26-1044,TRON,76243220,2026-09-18T13:21:00+05:30,TNsmW96ENLGpAVAeK7T9CfdwrmGYCx1D4y,TogtMNdpKKuVoqHCE9bQSdq3oh1JKJPFsb,74.8,USDT,6612,consolidation,4,False
0596c071adb0f18757b2e54b90821572e5f323c0723b963d6e376df5d774dfc6,0596c071adb0f18757b2e54b90821572e5f323c0723b963d6e376df5d774dfc6,RAAZ-26-1044,TRON,76243240,2026-09-18T13:22:00+05:30,TMMTRM2KxR1bfQ6Z7fWjsncXjjS4zNH7vH,TogtMNdpKKuVoqHCE9bQSdq3oh1JKJPFsb,68.3,USDT,6038,consolidation,4,False
c72eeca6e217cef95b95997594a265775699d5b7c62fd97b40400eb8f4221597,c72eeca6e217cef95b95997594a265775699d5b7c62fd97b40400eb8f4221597,RAAZ-26-1044,TRON,76243320,2026-09-18T13:26:00+05:30,TDY6SWPWmSgAb7cwMzPXtw6twCSuPVF65z,TQVS7hK2iNr3DyC3MckH9irYmU2bm6BrtX,55.4,USDT,4897,peel,5,False
d07123d01650333e110162040953da8f48137ab8da896b1f7d5a9ea5cb57892e,d07123d01650333e110162040953da8f48137ab8da896b1f7d5a9ea5cb57892e,RAAZ-26-1044,TRON,76243320,2026-09-18T13:26:00+05:30,TDY6SWPWmSgAb7cwMzPXtw6twCSuPVF65z,TjtpTtCoqGQ1t6syKdicwUUgTAbJcwkGjx,466.77,USDT,41262,layering,5,False
bf64e12d8000b8dfda0577b7a4815cbd3e23a114dcc470312bbac8f997473c35,bf64e12d8000b8dfda0577b7a4815cbd3e23a114dcc470312bbac8f997473c35,RAAZ-26-1044,TRON,76243520,2026-09-18T13:36:00+05:30,ThhwKWC3FXUQfWKXBiBWcW2R2cvsqbEcnV,TMWcSde47LNAf5kD96Cc57nVur3etJEuiK,1395.46,USDT,123359,layering,3,False
2f391f679defa261b6d80c1799ca125eec71417c038c265d2a3f4541bd99db9b,2f391f679defa261b6d80c1799ca125eec71417c038c265d2a3f4541bd99db9b,RAAZ-26-1044,TRON,76243540,2026-09-18T13:37:00+05:30,TjtpTtCoqGQ1t6syKdicwUUgTAbJcwkGjx,TDjYJg4A3rjobFEaC5GP2bk6JkMjFfww9q,47.12,USDT,4165,peel,6,False
8a15d56e8b2fc328cc0400f24ffc84753959146db91d9d238eaed7cb66321c3c,8a15d56e8b2fc328cc0400f24ffc84753959146db91d9d238eaed7cb66321c3c,RAAZ-26-1044,TRON,76243540,2026-09-18T13:37:00+05:30,TjtpTtCoqGQ1t6syKdicwUUgTAbJcwkGjx,T8Hwqjenq8U93deXVfwg6BCa8upr2cUqLv,419.65,USDT,37097,layering,6,False
f4882cda550b28e1b6b830551cd5105393dee81759d702e09e200e36714663a0,f4882cda550b28e1b6b830551cd5105393dee81759d702e09e200e36714663a0,RAAZ-26-1044,TRON,76243960,2026-09-18T13:58:00+05:30,T8Hwqjenq8U93deXVfwg6BCa8upr2cUqLv,Twj4gDFm8smpBQqJDU5wJumJPUDYGvp5Jm,22.05,USDT,1949,peel,7,False
c4030d21a130b27bdd6bc562376a371960c83506dbfe77734771daf599ef2623,c4030d21a130b27bdd6bc562376a371960c83506dbfe77734771daf599ef2623,RAAZ-26-1044,TRON,76243960,2026-09-18T13:58:00+05:30,T8Hwqjenq8U93deXVfwg6BCa8upr2cUqLv,TDCTT55tr8CetFgXcWsQhtGSg6THqfQ6XJ,397.6,USDT,35148,layering,7,False
a4bfc1cb282e5e7827e1e100dea9d07cafe76adeedd1fc541e237bf260ee4487,a4bfc1cb282e5e7827e1e100dea9d07cafe76adeedd1fc541e237bf260ee4487,RAAZ-26-1044,TRON,76244020,2026-09-18T14:01:00+05:30,TMWcSde47LNAf5kD96Cc57nVur3etJEuiK,TogtMNdpKKuVoqHCE9bQSdq3oh1JKJPFsb,1395.46,USDT,123359,consolidation,4,False
929f4c0e68453f36086c805d497bf0369061a40e901d49290c3a44dcb1c7d8f8,929f4c0e68453f36086c805d497bf0369061a40e901d49290c3a44dcb1c7d8f8,RAAZ-26-1044,TRON,76244220,2026-09-18T14:11:00+05:30,TDCTT55tr8CetFgXcWsQhtGSg6THqfQ6XJ,TogtMNdpKKuVoqHCE9bQSdq3oh1JKJPFsb,397.6,USDT,35148,consolidation,4,False
7e0b04539107d14e98065bfb0591581d09c64c84f7d33926152847c9cfa386fe,7e0b04539107d14e98065bfb0591581d09c64c84f7d33926152847c9cfa386fe,RAAZ-26-1044,TRON,76244520,2026-09-18T14:26:00+05:30,TogtMNdpKKuVoqHCE9bQSdq3oh1JKJPFsb,TR4cHHKWVsMRSXQteKHDYUkZh1eJmTKpc3,3542.94,USDT,313196,exchange_deposit,5,False
53f15ee244fc8ab779f0aaa4245cf9760c51598da2f7fb299219bb77962cc6da,53f15ee244fc8ab779f0aaa4245cf9760c51598da2f7fb299219bb77962cc6da,RAAZ-26-1044,TRON,76245380,2026-09-18T15:09:00+05:30,TR4cHHKWVsMRSXQteKHDYUkZh1eJmTKpc3,TtKex3NiVV1CfGkZX7JmPwy7XCxBmMksUs,3542.94,USDT,313196,exchange_sweep,6,False
0xd56fae9b6afb4e1d836f4ddb36239fcf6c0d99f28a2db377a1802505f1f6e41b,0xd56fae9b6afb4e1d836f4ddb36239fcf6c0d99f28a2db377a1802505f1f6e41b,RAAZ-26-1045,POLYGON,76112170,2026-09-02T16:59:00+05:30,0xb165e55b954311cd41575d3b11be65e41610c225,0xe3b4abfbeda5737748964df3cf0c36b1b1d9c474,28846.78,USDT,2550055,inbound,0,False
0x8285ca5c8db9f442dcbe4435b19b8f1b326af5bf71bd46d0cf01c8b5460705cf,0x8285ca5c8db9f442dcbe4435b19b8f1b326af5bf71bd46d0cf01c8b5460705cf,RAAZ-26-1045,POLYGON,76167970,2026-09-03T23:59:00+05:30,0xd418c7359e56f114199ac73fb55deb169f842d17,0xe3b4abfbeda5737748964df3cf0c36b1b1d9c474,27416.75,USDT,2423641,inbound,0,False
0x36cc41b2f76dfdfbe2f1604572232113e6363da35915d9fbcef3853313fe34ab,0x36cc41b2f76dfdfbe2f1604572232113e6363da35915d9fbcef3853313fe34ab,RAAZ-26-1045,POLYGON,76189570,2026-09-04T11:59:00+05:30,0x76f9edfd9327133b06eb8723bc6d4aaf4fd42e5e,0xe3b4abfbeda5737748964df3cf0c36b1b1d9c474,5969.31,USDT,527687,victim_payment,0,False
0x16cfdae99be2a06db9044cd6bf552c188ee0d838ac915e0ae823226905e58b76,0x16cfdae99be2a06db9044cd6bf552c188ee0d838ac915e0ae823226905e58b76,RAAZ-26-1045,POLYGON,76212970,2026-09-05T00:59:00+05:30,0x76f9edfd9327133b06eb8723bc6d4aaf4fd42e5e,0xe3b4abfbeda5737748964df3cf0c36b1b1d9c474,8370.65,USDT,739965,victim_payment,0,False
0x66d346efdc2f7c8817fdfae399c147f814685ca118ad7f5c28eb6dd80f2fe905,0x66d346efdc2f7c8817fdfae399c147f814685ca118ad7f5c28eb6dd80f2fe905,RAAZ-26-1045,POLYGON,76263370,2026-09-06T04:59:00+05:30,0xe3cc77dcd61626c012f2a0260a9044d8efd5bee2,0xe3b4abfbeda5737748964df3cf0c36b1b1d9c474,14646.61,USDT,1294760,inbound,0,False
0xd70a5f4e5a5c7904148bcb428b2a0f084e8ea15db4c4e99cf108ab7a6a44c8a8,0xd70a5f4e5a5c7904148bcb428b2a0f084e8ea15db4c4e99cf108ab7a6a44c8a8,RAAZ-26-1045,POLYGON,76353370,2026-09-08T06:59:00+05:30,0x0799fca1df223aea3b6f027b0967cc141ff47b3d,0xe3b4abfbeda5737748964df3cf0c36b1b1d9c474,27890.88,USDT,2465554,inbound,0,False
0x4b9b0abe1991c029525f84c3c73831c27a1e89031ccddf85dda8393bcb22bc57,0x4b9b0abe1991c029525f84c3c73831c27a1e89031ccddf85dda8393bcb22bc57,RAAZ-26-1045,POLYGON,76362370,2026-09-08T11:59:00+05:30,0x1c8126781f51fe8a251b02398c7f3c290af8b428,0xe3b4abfbeda5737748964df3cf0c36b1b1d9c474,51557.51,USDT,4557684,inbound,0,False
0x5ca4212c520880280bd77fab288ec851841e55657ccee8bd6f95fc2a1a927e84,0x5ca4212c520880280bd77fab288ec851841e55657ccee8bd6f95fc2a1a927e84,RAAZ-26-1045,POLYGON,76373170,2026-09-08T17:59:00+05:30,0x76f9edfd9327133b06eb8723bc6d4aaf4fd42e5e,0xe3b4abfbeda5737748964df3cf0c36b1b1d9c474,9179.69,USDT,811485,victim_payment,0,False
0x4e9229d925bf5a7b6c8657b7080f8e86c158456b94ce7d84393c9c636c50a0af,0x4e9229d925bf5a7b6c8657b7080f8e86c158456b94ce7d84393c9c636c50a0af,RAAZ-26-1045,POLYGON,76416370,2026-09-09T17:59:00+05:30,0x76f9edfd9327133b06eb8723bc6d4aaf4fd42e5e,0xe3b4abfbeda5737748964df3cf0c36b1b1d9c474,19942.58,USDT,1762924,victim_payment,0,False
0x93d7490b3c2b7d4286ed19669308eda7908267cace85ee6aacb208d530aa6520,0x93d7490b3c2b7d4286ed19669308eda7908267cace85ee6aacb208d530aa6520,RAAZ-26-1045,POLYGON,76441570,2026-09-10T07:59:00+05:30,0x76f9edfd9327133b06eb8723bc6d4aaf4fd42e5e,0xe3b4abfbeda5737748964df3cf0c36b1b1d9c474,20345.47,USDT,1798540,victim_payment,0,False
0x242b5cd05d7c0e3eb77c6e411eeeb9a2df7c5d44eb985c06d8fb1bf82a9e3c44,0x242b5cd05d7c0e3eb77c6e411eeeb9a2df7c5d44eb985c06d8fb1bf82a9e3c44,RAAZ-26-1045,POLYGON,76448740,2026-09-10T11:58:00+05:30,0xe3b4abfbeda5737748964df3cf0c36b1b1d9c474,0x64c88fbb1f25c4d76e5266831fe2ef0adbdc5400,69890.22,USDT,6178295,layering,1,False
0xc1d62de2588e6fe9077ebbc0e478f8d7fc70264f8d85e0dec05d57319b06c312,0xc1d62de2588e6fe9077ebbc0e478f8d7fc70264f8d85e0dec05d57319b06c312,RAAZ-26-1045,POLYGON,76449580,2026-09-10T12:26:00+05:30,0xe3b4abfbeda5737748964df3cf0c36b1b1d9c474,0x51f862e0f6427dded37dc80e3a9922a6146c7bed,139671.81,USDT,12346988,layering,1,False
0xe536390446edbe22e2448142ae8b9b03cdd0066bf22b6469f5558b7f620f0aa1,0xe536390446edbe22e2448142ae8b9b03cdd0066bf22b6469f5558b7f620f0aa1,RAAZ-26-1045,POLYGON,76463560,2026-09-10T20:12:00+05:30,0x51f862e0f6427dded37dc80e3a9922a6146c7bed,0xd045047cf5c553ec16c26a4148a06ebc279a1312,12655.59,USDT,1118754,peel,2,False
0x614d5ea56b96ec4053a10902fbab3f523c0f6f983e0df983a78ecc76e441c409,0x614d5ea56b96ec4053a10902fbab3f523c0f6f983e0df983a78ecc76e441c409,RAAZ-26-1045,POLYGON,76463560,2026-09-10T20:12:00+05:30,0x51f862e0f6427dded37dc80e3a9922a6146c7bed,0x14f51884e4df83bdd9b306badb7d19755142afca,127016.22,USDT,11228234,layering,2,False
0xad081d6733f9d5e348d2ac0f3af3114e2fdf8ce681d2addaaf34e870616bbe57,0xad081d6733f9d5e348d2ac0f3af3114e2fdf8ce681d2addaaf34e870616bbe57,RAAZ-26-1045,POLYGON,76465720,2026-09-10T21:24:00+05:30,0x64c88fbb1f25c4d76e5266831fe2ef0adbdc5400,0x88ff3924cb99a3866c4767a1c3034521ee3bea38,69890.22,USDT,6178295,bridge_in,2,False
0x461074af039be6760c6f404c7b13b84f97081f90684a06dbce7f969a129082c9,0x461074af039be6760c6f404c7b13b84f97081f90684a06dbce7f969a129082c9,RAAZ-26-1045,BSC,61760820,2026-09-10T21:41:00+05:30,0x88ff3924cb99a3866c4767a1c3034521ee3bea38,0x677aa1694df085914ec1d916f847e12299c1914f,69750.44,USDT,6165939,bridge_out,3,False
0xb95b85ddcb726d1f49df99cdabf6ee7289310a8d985c25c293f25f3cf16e7848,0xb95b85ddcb726d1f49df99cdabf6ee7289310a8d985c25c293f25f3cf16e7848,RAAZ-26-1045,BSC,61767220,2026-09-11T03:01:00+05:30,0x677aa1694df085914ec1d916f847e12299c1914f,0x3a48ec6158a596f361b0b472866685085d1e4f8f,69750.44,USDT,6165939,layering,4,False
0xa12ab272f8e7dcfbff9232948ba056b2f7d6e438cfd25f9eaa321e81f73e95a1,0xa12ab272f8e7dcfbff9232948ba056b2f7d6e438cfd25f9eaa321e81f73e95a1,RAAZ-26-1045,POLYGON,76479940,2026-09-11T05:18:00+05:30,0x14f51884e4df83bdd9b306badb7d19755142afca,0x8fb04d15f20d691e0278f53471710bd68d9688ad,16475.49,USDT,1456433,peel,3,False
0x2cd5eb2b100dbfffba08e1a2f25de7620e0ee8be9c83b1e23a5a449f1548f5af,0x2cd5eb2b100dbfffba08e1a2f25de7620e0ee8be9c83b1e23a5a449f1548f5af,RAAZ-26-1045,POLYGON,76479940,2026-09-11T05:18:00+05:30,0x14f51884e4df83bdd9b306badb7d19755142afca,0xbacd5fb405234b8814441f24a07584a9063ee735,110540.72,USDT,9771800,layering,3,False
0xe9a78fd94de0efdba3089558ca0d65afebfbd70752dda5d61622e1304a97ce3d,0xe9a78fd94de0efdba3089558ca0d65afebfbd70752dda5d61622e1304a97ce3d,RAAZ-26-1045,BSC,61770840,2026-09-11T06:02:00+05:30,0x3a48ec6158a596f361b0b472866685085d1e4f8f,0xf86035d4e5e287020724b9f32b71ada82e85dad4,69750.44,USDT,6165939,consolidation,5,False
0x9e67a156c008503d442f59c78770d271bca49c5db673363261b520f462782c79,0x9e67a156c008503d442f59c78770d271bca49c5db673363261b520f462782c79,RAAZ-26-1045,BSC,61773240,2026-09-11T08:02:00+05:30,0xf86035d4e5e287020724b9f32b71ada82e85dad4,0x1c9b322d76d62cd87abf70990c7a2faa983077c4,34172.03,USDT,3020807,exchange_deposit,6,False
0x3064daaa358f7f2b7dfb408edc985b54f82c9337a800312a4351d53efd8b00f5,0x3064daaa358f7f2b7dfb408edc985b54f82c9337a800312a4351d53efd8b00f5,RAAZ-26-1045,POLYGON,76485640,2026-09-11T08:28:00+05:30,0xbacd5fb405234b8814441f24a07584a9063ee735,0x88bc46f7785c3c34a2b9a7ff565c12c27338ce5c,9105.87,USDT,804959,peel,4,False
0x4dc89fd29532dc4ed21bfcd82fe1a93baf51558fa49a49f90d85194bed38fa14,0x4dc89fd29532dc4ed21bfcd82fe1a93baf51558fa49a49f90d85194bed38fa14,RAAZ-26-1045,POLYGON,76485640,2026-09-11T08:28:00+05:30,0xbacd5fb405234b8814441f24a07584a9063ee735,0x69a3ccf5821f046654c6d4e63a1792ba60404dd5,101434.85,USDT,8966841,layering,4,False
0x9db445f6744bc3d80c19e731eec89abaabdeeb9409d198ee516f75c55a7fa373,0x9db445f6744bc3d80c19e731eec89abaabdeeb9409d198ee516f75c55a7fa373,RAAZ-26-1045,BSC,61773980,2026-09-11T08:39:00+05:30,0x1c9b322d76d62cd87abf70990c7a2faa983077c4,0xb9912ef7cb3e354553456ba1466690dff503bec0,34172.03,USDT,3020807,exchange_sweep,7,False
0x9f2b687045dc3d39148596faa1dccc64c3cc18ecf216a26acb1959d3793b11c3,0x9f2b687045dc3d39148596faa1dccc64c3cc18ecf216a26acb1959d3793b11c3,RAAZ-26-1045,POLYGON,76488280,2026-09-11T09:56:00+05:30,0x69a3ccf5821f046654c6d4e63a1792ba60404dd5,0x9aeae9182158f875a17b5b308ee972e9eb6f10e0,9668.52,USDT,854697,peel,5,False
0xa7bb9b8a4627200f098e738ddf69c8fb08856def93a52d5631c837d17796ec7f,0xa7bb9b8a4627200f098e738ddf69c8fb08856def93a52d5631c837d17796ec7f,RAAZ-26-1045,POLYGON,76488280,2026-09-11T09:56:00+05:30,0x69a3ccf5821f046654c6d4e63a1792ba60404dd5,0x847d269a8e6d1c46acdf2a69fce184dca9b10865,91766.33,USDT,8112144,layering,5,False
0x9220b2cfcf6dd6c277528168814e4b3e22dca080dc84e7e794b3762ee30ae58b,0x9220b2cfcf6dd6c277528168814e4b3e22dca080dc84e7e794b3762ee30ae58b,RAAZ-26-1045,BSC,61775800,2026-09-11T10:10:00+05:30,0xf86035d4e5e287020724b9f32b71ada82e85dad4,0x7519440d90324ca16bd501b77c0982be265212e2,29455.11,USDT,2603832,exchange_deposit,6,False
0x0f8ac0dc5e4e490b9b9a6add921d49e038a2d2e4b2adf01880f4477ee2abef09,0x0f8ac0dc5e4e490b9b9a6add921d49e038a2d2e4b2adf01880f4477ee2abef09,RAAZ-26-1045,BSC,61777200,2026-09-11T11:20:00+05:30,0x7519440d90324ca16bd501b77c0982be265212e2,0xb13f7d46218c6c6f923107f3d33fd67a6909057d,29455.11,USDT,2603832,exchange_sweep,7,False
0x2b6823dbd972958d587b272c6ee6f3b65c1320338aca788479c1274029d0cc4b,0x2b6823dbd972958d587b272c6ee6f3b65c1320338aca788479c1274029d0cc4b,RAAZ-26-1045,POLYGON,76495420,2026-09-11T13:54:00+05:30,0x88bc46f7785c3c34a2b9a7ff565c12c27338ce5c,0x29a5799e0d80222d76b4b6647805818a469a4c63,9105.87,USDT,804959,consolidation,5,False
0xb16a8a1cdd4402858b43f48a9e03a0276b109dfb8a2f41590ad7491b1d321672,0xb16a8a1cdd4402858b43f48a9e03a0276b109dfb8a2f41590ad7491b1d321672,RAAZ-26-1045,POLYGON,76508020,2026-09-11T20:54:00+05:30,0x847d269a8e6d1c46acdf2a69fce184dca9b10865,0x29a5799e0d80222d76b4b6647805818a469a4c63,91766.33,USDT,8112144,consolidation,5,False
0xa961196f3bc52067c28d59642af7500b1144278a7c43b1039f929adfb287a08f,0xa961196f3bc52067c28d59642af7500b1144278a7c43b1039f929adfb287a08f,RAAZ-26-1045,POLYGON,76510270,2026-09-11T22:09:00+05:30,0x29a5799e0d80222d76b4b6647805818a469a4c63,0x35fe706717b6d30bfb8d85e70f7727429a0898f7,92628.24,USDT,8188336,exchange_deposit,6,False
0x128ca37f675fe61da76a717391a51599057fe48148f9f6b94d7581904d67b0ae,0x128ca37f675fe61da76a717391a51599057fe48148f9f6b94d7581904d67b0ae,RAAZ-26-1045,POLYGON,76512850,2026-09-11T23:35:00+05:30,0x35fe706717b6d30bfb8d85e70f7727429a0898f7,0x8467270c2b6450f94cc35936d1e6c5856a4d217d,92628.24,USDT,8188336,exchange_sweep,7,False
b298e3132f8627aed7d724f409af9457f9325919093e52db40ed22671cb5e277:0,b298e3132f8627aed7d724f409af9457f9325919093e52db40ed22671cb5e277,RAAZ-26-1046,BTC,912674,2026-09-06T04:24:00+05:30,bc1q4lmh3mn55td6tfyl67e2pjz5mynkeljmt5gxpy,bc1q4wfqdsk39puy4cp3wm490cjnueemz77d0g5a67,0.001625,BTC,15356,inbound,0,False
cade784c9a1fbd30df78f55a203c58ac79b447c0c760d4e0942f1a086aedf423:0,cade784c9a1fbd30df78f55a203c58ac79b447c0c760d4e0942f1a086aedf423,RAAZ-26-1046,BTC,913040,2026-09-08T17:24:00+05:30,bc1qn3jme6x5gw83dp3swwrvgyedzdh0p3t9d2nqfd,bc1q4wfqdsk39puy4cp3wm490cjnueemz77d0g5a67,0.001822,BTC,17218,victim_payment,0,False
c0e57d0d45d3c6acbbe9ab718730093136df2e50f8a43e6eca87dca0f6dca471:0,c0e57d0d45d3c6acbbe9ab718730093136df2e50f8a43e6eca87dca0f6dca471,RAAZ-26-1046,BTC,913496,2026-09-11T21:24:00+05:30,bc1qn3jme6x5gw83dp3swwrvgyedzdh0p3t9d2nqfd,bc1q4wfqdsk39puy4cp3wm490cjnueemz77d0g5a67,0.002223,BTC,21007,victim_payment,0,False
fc4490358c5b93ec1a39197c2214852980650a306af0c50bba51eecf22a52562:0,fc4490358c5b93ec1a39197c2214852980650a306af0c50bba51eecf22a52562,RAAZ-26-1046,BTC,913502,2026-09-11T22:24:00+05:30,bc1qetf3twryw75me0f7yx3f2ezzwrjerz20er429e,bc1q4wfqdsk39puy4cp3wm490cjnueemz77d0g5a67,0.008046,BTC,76035,inbound,0,False
5dfd2316e2cbed5959040a31bd1f522a088854fee7e7e0bd3ecc2822a89787a2:0,5dfd2316e2cbed5959040a31bd1f522a088854fee7e7e0bd3ecc2822a89787a2,RAAZ-26-1046,BTC,914006,2026-09-15T10:24:00+05:30,bc1qn3jme6x5gw83dp3swwrvgyedzdh0p3t9d2nqfd,bc1q4wfqdsk39puy4cp3wm490cjnueemz77d0g5a67,0.004336,BTC,40975,victim_payment,0,False
12a9afb450699a4b61b5049d116e31d3ecb38bb1d003b58dcce1999b085d3bc1:0,12a9afb450699a4b61b5049d116e31d3ecb38bb1d003b58dcce1999b085d3bc1,RAAZ-26-1046,BTC,914032,2026-09-15T14:42:00+05:30,bc1q4wfqdsk39puy4cp3wm490cjnueemz77d0g5a67,bc1qpc2xwxp9q5ftd89pq0heycuayt8h0w96u5dnsj,0.003808,BTC,35986,layering,1,False
12a9afb450699a4b61b5049d116e31d3ecb38bb1d003b58dcce1999b085d3bc1:1,12a9afb450699a4b61b5049d116e31d3ecb38bb1d003b58dcce1999b085d3bc1,RAAZ-26-1046,BTC,914032,2026-09-15T14:42:00+05:30,bc1q4wfqdsk39puy4cp3wm490cjnueemz77d0g5a67,bc1q7am6aajnuxteqp2fgtt3h5vts8lnmm26935llu,0.002722,BTC,25723,layering,1,False
12a9afb450699a4b61b5049d116e31d3ecb38bb1d003b58dcce1999b085d3bc1:2,12a9afb450699a4b61b5049d116e31d3ecb38bb1d003b58dcce1999b085d3bc1,RAAZ-26-1046,BTC,914032,2026-09-15T14:42:00+05:30,bc1q4wfqdsk39puy4cp3wm490cjnueemz77d0g5a67,bc1qhw468fmpw2e7shmu7x3fct9l9fexj7qqy3qkng,0.002898,BTC,27386,layering,1,False
12a9afb450699a4b61b5049d116e31d3ecb38bb1d003b58dcce1999b085d3bc1:3,12a9afb450699a4b61b5049d116e31d3ecb38bb1d003b58dcce1999b085d3bc1,RAAZ-26-1046,BTC,914032,2026-09-15T14:42:00+05:30,bc1q4wfqdsk39puy4cp3wm490cjnueemz77d0g5a67,bc1qm7q2wtyp9vxg6k0ywk96v7hsp7a75dqn5ztg80,0.001657,BTC,15659,layering,1,False
12a9afb450699a4b61b5049d116e31d3ecb38bb1d003b58dcce1999b085d3bc1:4,12a9afb450699a4b61b5049d116e31d3ecb38bb1d003b58dcce1999b085d3bc1,RAAZ-26-1046,BTC,914032,2026-09-15T14:42:00+05:30,bc1q4wfqdsk39puy4cp3wm490cjnueemz77d0g5a67,bc1quk66qq0glxq6gpadr72t00vcajerdncxtyrmgz,0.003799,BTC,35901,layering,1,False
12a9afb450699a4b61b5049d116e31d3ecb38bb1d003b58dcce1999b085d3bc1:5,12a9afb450699a4b61b5049d116e31d3ecb38bb1d003b58dcce1999b085d3bc1,RAAZ-26-1046,BTC,914032,2026-09-15T14:42:00+05:30,bc1q4wfqdsk39puy4cp3wm490cjnueemz77d0g5a67,bc1qzkg9svenrjefgrrwgwmfxjj2wd5gkj6n77d0c0,0.00284,BTC,26838,layering,1,False
960561097343d547dd0eaab440b2976ce359a3d82f81545b64541994518923f2:0,960561097343d547dd0eaab440b2976ce359a3d82f81545b64541994518923f2,RAAZ-26-1046,BTC,914043,2026-09-15T16:34:00+05:30,bc1qm7q2wtyp9vxg6k0ywk96v7hsp7a75dqn5ztg80,bc1q7txunzh0h6kg5hcwv224vgav807255gyteytxf,0.001657,BTC,15659,layering,2,False
3692fa9598ddcc9e552b75fa2f6ed374afa389c0cc1d0562751b6391d66fe2f2:0,3692fa9598ddcc9e552b75fa2f6ed374afa389c0cc1d0562751b6391d66fe2f2,RAAZ-26-1046,BTC,914051,2026-09-15T17:50:00+05:30,bc1qpc2xwxp9q5ftd89pq0heycuayt8h0w96u5dnsj,bc1qsftvuel6p90rmpjhtykvfn0ln99x8kkctt4yrg,0.003808,BTC,35986,layering,2,False
b49ef7b52e422fcf741f98b4b34114f4ac46491e698e6cf019693596e275bd5f:0,b49ef7b52e422fcf741f98b4b34114f4ac46491e698e6cf019693596e275bd5f,RAAZ-26-1046,BTC,914059,2026-09-15T19:11:00+05:30,bc1qzkg9svenrjefgrrwgwmfxjj2wd5gkj6n77d0c0,bc1qw08e3gmnyluyjc6m2t0dny53xd2ddlkahf7lh2,0.00284,BTC,26838,layering,2,False
7a87ddb4bef8030052aa094553b7886b332ec24ec14e0ddb4e96b70c1641565d:0,7a87ddb4bef8030052aa094553b7886b332ec24ec14e0ddb4e96b70c1641565d,RAAZ-26-1046,BTC,914071,2026-09-15T21:13:00+05:30,bc1q7txunzh0h6kg5hcwv224vgav807255gyteytxf,bc1q4ex7wy8pdclg3etlp4ehrjsn58dwhr7w6jq7py,0.001657,BTC,15659,layering,3,False
b63b563fcc596e1744f1bf7f49165050c4f5a0dc3258f1a84d117d8e9c2eadf1:0,b63b563fcc596e1744f1bf7f49165050c4f5a0dc3258f1a84d117d8e9c2eadf1,RAAZ-26-1046,BTC,914093,2026-09-16T00:55:00+05:30,bc1qhw468fmpw2e7shmu7x3fct9l9fexj7qqy3qkng,bc1qeeh7h7qdavl8h6qymmusvuc2fawq7nxyf2nc43,0.002898,BTC,27386,layering,2,False
c3fa6277f178c00557385300e5b5710962cf39be7006b02942eb3950d6edd1fb:0,c3fa6277f178c00557385300e5b5710962cf39be7006b02942eb3950d6edd1fb,RAAZ-26-1046,BTC,914096,2026-09-16T01:26:00+05:30,bc1qsftvuel6p90rmpjhtykvfn0ln99x8kkctt4yrg,bc1q3zvn0qw47kl7n0nczr4ju5uvkjslju5yhkqvma,0.003808,BTC,35986,layering,3,False
61f42dcee90b4df6a308e78cd30139b8a052a3851a07505145fb9e2b677d110e:0,61f42dcee90b4df6a308e78cd30139b8a052a3851a07505145fb9e2b677d110e,RAAZ-26-1046,BTC,914099,2026-09-16T01:51:00+05:30,bc1q7am6aajnuxteqp2fgtt3h5vts8lnmm26935llu,bc1qmfjnjtdg6rg2a2w9vsdvq32fa8g2z9c36cx79g,0.002722,BTC,25723,layering,2,False
925ee265cee5e12cfe0f47cba9eb11092b31b100d09f621212d81fccab3b8351:0,925ee265cee5e12cfe0f47cba9eb11092b31b100d09f621212d81fccab3b8351,RAAZ-26-1046,BTC,914111,2026-09-16T03:53:00+05:30,bc1q3zvn0qw47kl7n0nczr4ju5uvkjslju5yhkqvma,bc1qpqw5z2uqkt0zctjlrkm7tf32s6qfluqg9cszwg,0.003808,BTC,35986,layering,4,False
421d4f4a83589cdf9204b66c2d18e59d148ea66d906e8243715767d99e248db0:0,421d4f4a83589cdf9204b66c2d18e59d148ea66d906e8243715767d99e248db0,RAAZ-26-1046,BTC,914116,2026-09-16T04:42:00+05:30,bc1quk66qq0glxq6gpadr72t00vcajerdncxtyrmgz,bc1qqxxw6s68k28y222aaukhtx5qqcf0a450nh4enp,0.000336,BTC,3175,peel,2,False
421d4f4a83589cdf9204b66c2d18e59d148ea66d906e8243715767d99e248db0:1,421d4f4a83589cdf9204b66c2d18e59d148ea66d906e8243715767d99e248db0,RAAZ-26-1046,BTC,914116,2026-09-16T04:42:00+05:30,bc1quk66qq0glxq6gpadr72t00vcajerdncxtyrmgz,bc1qvthljqxrjn8tctff9n5dxya3lcefp4h6f5evz3,0.003463,BTC,32725,layering,2,False
897a54a0a56d891c6bf9e095a1add1ac2ec157766b6b468701a2d8264288b594:0,897a54a0a56d891c6bf9e095a1add1ac2ec157766b6b468701a2d8264288b594,RAAZ-26-1046,BTC,914120,2026-09-16T05:25:00+05:30,bc1qeeh7h7qdavl8h6qymmusvuc2fawq7nxyf2nc43,bc1q3604sws3e9tvnae0kstwvrj6dyl5ayket6d2xp,0.002898,BTC,27386,layering,3,False
ad0d412f4bab35c45cf59103c2247be967a5ff26deea27c02fd6d290bc00df4d:0,ad0d412f4bab35c45cf59103c2247be967a5ff26deea27c02fd6d290bc00df4d,RAAZ-26-1046,BTC,914127,2026-09-16T06:37:00+05:30,bc1qw08e3gmnyluyjc6m2t0dny53xd2ddlkahf7lh2,bc1qej8wkzkq53ly2m8jn505uvuj0c6vfvlqk60wxn,0.00284,BTC,26838,layering,3,False
1b60a50661804bf0aa0091281d07e63080786ff57fef7a21b357d6b7e907b4f6:0,1b60a50661804bf0aa0091281d07e63080786ff57fef7a21b357d6b7e907b4f6,RAAZ-26-1046,BTC,914142,2026-09-16T09:01:00+05:30,bc1q4ex7wy8pdclg3etlp4ehrjsn58dwhr7w6jq7py,bc1ql4nlapl4vqkehr9plqq4l5ssdpe2zwxddnjuyu,0.001657,BTC,15659,layering,4,False
072faed8a822073ee2eac29ad61ce08b184b120b13116e008285c237f150dec9:0,072faed8a822073ee2eac29ad61ce08b184b120b13116e008285c237f150dec9,RAAZ-26-1046,BTC,914147,2026-09-16T09:50:00+05:30,bc1qmfjnjtdg6rg2a2w9vsdvq32fa8g2z9c36cx79g,bc1qqfm2qqf9uj59u5unk80x3vnx6mq89fxzrut8r7,0.002722,BTC,25723,layering,3,False
c395f34e2b0a1bcbb82d5d0c640a9b04a41e5d572d0693c8eec769ece5fbc5e2:0,c395f34e2b0a1bcbb82d5d0c640a9b04a41e5d572d0693c8eec769ece5fbc5e2,RAAZ-26-1046,BTC,914167,2026-09-16T13:18:00+05:30,bc1qpqw5z2uqkt0zctjlrkm7tf32s6qfluqg9cszwg,bc1q87ud68gytrxn636qumk4k2x0qegn37a5zkhrss,0.003808,BTC,35986,consolidation,4,False
2e01ecff31143a5c26d480200295b64a213285bc1fdcc4ace640249332023a72:0,2e01ecff31143a5c26d480200295b64a213285bc1fdcc4ace640249332023a72,RAAZ-26-1046,BTC,914179,2026-09-16T15:14:00+05:30,bc1qqfm2qqf9uj59u5unk80x3vnx6mq89fxzrut8r7,bc1q87ud68gytrxn636qumk4k2x0qegn37a5zkhrss,0.002722,BTC,25723,consolidation,4,False
5097d6d031835cf7fbda6cb9a84329ea2fa9f8ba0487efe266eef97a3104de2a:0,5097d6d031835cf7fbda6cb9a84329ea2fa9f8ba0487efe266eef97a3104de2a,RAAZ-26-1046,BTC,914189,2026-09-16T16:50:00+05:30,bc1qej8wkzkq53ly2m8jn505uvuj0c6vfvlqk60wxn,bc1q87ud68gytrxn636qumk4k2x0qegn37a5zkhrss,0.00284,BTC,26838,consolidation,4,False
6acae83ee99fce8fe8d9e5e2cd508787d1742f1c0c9ec71d1a235daab0f68383:0,6acae83ee99fce8fe8d9e5e2cd508787d1742f1c0c9ec71d1a235daab0f68383,RAAZ-26-1046,BTC,914189,2026-09-16T16:53:00+05:30,bc1qvthljqxrjn8tctff9n5dxya3lcefp4h6f5evz3,bc1qnjv8llfs3p8ep92yt3kudupurh24996wcxpr6a,0.000452,BTC,4271,peel,3,False
6acae83ee99fce8fe8d9e5e2cd508787d1742f1c0c9ec71d1a235daab0f68383:1,6acae83ee99fce8fe8d9e5e2cd508787d1742f1c0c9ec71d1a235daab0f68383,RAAZ-26-1046,BTC,914189,2026-09-16T16:53:00+05:30,bc1qvthljqxrjn8tctff9n5dxya3lcefp4h6f5evz3,bc1qvc76ewp8f5f206zurwgsaum2md3yzd3wzh9pk2,0.003011,BTC,28454,layering,3,False
46db6ad81ffbee05e38e2c400ae24433157ef2961f4fe9dd7815e9d281e3a7e6:0,46db6ad81ffbee05e38e2c400ae24433157ef2961f4fe9dd7815e9d281e3a7e6,RAAZ-26-1046,BTC,914191,2026-09-16T17:14:00+05:30,bc1q3604sws3e9tvnae0kstwvrj6dyl5ayket6d2xp,bc1q87ud68gytrxn636qumk4k2x0qegn37a5zkhrss,0.002898,BTC,27386,consolidation,4,False
dcdbd2eb72f6ae738d0b3fd3f28f014281a4f71db5d8b8739c63120feb53e34d:0,dcdbd2eb72f6ae738d0b3fd3f28f014281a4f71db5d8b8739c63120feb53e34d,RAAZ-26-1046,BTC,914206,2026-09-16T19:41:00+05:30,bc1ql4nlapl4vqkehr9plqq4l5ssdpe2zwxddnjuyu,bc1q87ud68gytrxn636qumk4k2x0qegn37a5zkhrss,0.001657,BTC,15659,consolidation,4,False
820c4fb4746479f20ce3c9169b909b92da5930232148bd8455813127ca8b788f:0,820c4fb4746479f20ce3c9169b909b92da5930232148bd8455813127ca8b788f,RAAZ-26-1046,BTC,914273,2026-09-17T06:53:00+05:30,bc1qvc76ewp8f5f206zurwgsaum2md3yzd3wzh9pk2,bc1quaufvhzcypemjtza0rjg49sparfhkreaaffn73,0.000418,BTC,3950,peel,4,False
820c4fb4746479f20ce3c9169b909b92da5930232148bd8455813127ca8b788f:1,820c4fb4746479f20ce3c9169b909b92da5930232148bd8455813127ca8b788f,RAAZ-26-1046,BTC,914273,2026-09-17T06:53:00+05:30,bc1qvc76ewp8f5f206zurwgsaum2md3yzd3wzh9pk2,bc1qjjum92s6hhwrzktw3a6mwkx8amg5qaa20xk4qt,0.002593,BTC,24504,layering,4,False
52e279fcb2d97df5e321795570b5813d812e517e8f43d06ecccac8fee2bf338a:0,52e279fcb2d97df5e321795570b5813d812e517e8f43d06ecccac8fee2bf338a,RAAZ-26-1046,BTC,914282,2026-09-17T08:28:00+05:30,bc1qjjum92s6hhwrzktw3a6mwkx8amg5qaa20xk4qt,bc1q4p72dh3v8w6f2wdu42t6w8swj6mc4vrvl26rn2,0.000347,BTC,3279,peel,5,False
52e279fcb2d97df5e321795570b5813d812e517e8f43d06ecccac8fee2bf338a:1,52e279fcb2d97df5e321795570b5813d812e517e8f43d06ecccac8fee2bf338a,RAAZ-26-1046,BTC,914282,2026-09-17T08:28:00+05:30,bc1qjjum92s6hhwrzktw3a6mwkx8amg5qaa20xk4qt,bc1q4l3w35d567xzfmn7z0yczzrhe8yzdh0jv53y97,0.002246,BTC,21225,layering,5,False
eaceb106c2d4530446d7a924097bb67cdfce144c9b3a9bdc0c8133bf76b9e9b4:0,eaceb106c2d4530446d7a924097bb67cdfce144c9b3a9bdc0c8133bf76b9e9b4,RAAZ-26-1046,BTC,914306,2026-09-17T12:23:00+05:30,bc1q4l3w35d567xzfmn7z0yczzrhe8yzdh0jv53y97,bc1qyth5t2u3t6ej35wv3vv3ueeyc2fv68308xnnuq,0.000137,BTC,1295,peel,6,False
eaceb106c2d4530446d7a924097bb67cdfce144c9b3a9bdc0c8133bf76b9e9b4:1,eaceb106c2d4530446d7a924097bb67cdfce144c9b3a9bdc0c8133bf76b9e9b4,RAAZ-26-1046,BTC,914306,2026-09-17T12:23:00+05:30,bc1q4l3w35d567xzfmn7z0yczzrhe8yzdh0jv53y97,bc1q93l2u0kqh7wqzyxzcdnxkr36mqefwknr0cukxy,0.00211,BTC,19940,layering,6,False
d04d726aa2d71cb43fc2e38cd46382a939fa437c51d5538f09e1fa9818e69382:0,d04d726aa2d71cb43fc2e38cd46382a939fa437c51d5538f09e1fa9818e69382,RAAZ-26-1046,BTC,914349,2026-09-17T19:32:00+05:30,bc1quaufvhzcypemjtza0rjg49sparfhkreaaffn73,bc1q87ud68gytrxn636qumk4k2x0qegn37a5zkhrss,0.000418,BTC,3950,consolidation,4,False
c65b58f6cf131578392d1aace8ccca35483b93f575e905febac98b8154253ebc:0,c65b58f6cf131578392d1aace8ccca35483b93f575e905febac98b8154253ebc,RAAZ-26-1046,BTC,914377,2026-09-18T00:10:00+05:30,bc1q93l2u0kqh7wqzyxzcdnxkr36mqefwknr0cukxy,bc1q87ud68gytrxn636qumk4k2x0qegn37a5zkhrss,0.00211,BTC,19940,consolidation,4,False
aa60b7f54b9b883f005a9f268542e40751739cd2f011293baf7911deaa27117f:0,aa60b7f54b9b883f005a9f268542e40751739cd2f011293baf7911deaa27117f,RAAZ-26-1046,BTC,914429,2026-09-18T08:57:00+05:30,bc1q87ud68gytrxn636qumk4k2x0qegn37a5zkhrss,bc1q2j5tn9nr39fpjck73etgdvk9n6h3tlmtj9tf86,0.014867,BTC,140493,exchange_deposit,5,False
19fa9061016d05623e1c24f1a091d89ee17d746288b4203f6d76dbdc11bcb9e6:0,19fa9061016d05623e1c24f1a091d89ee17d746288b4203f6d76dbdc11bcb9e6,RAAZ-26-1046,BTC,914430,2026-09-18T09:08:00+05:30,bc1q2j5tn9nr39fpjck73etgdvk9n6h3tlmtj9tf86,bc1q3fd6xceu5lt02nq6uvwzpfpxsj2wn8fvk0vr0p,0.014867,BTC,140493,exchange_sweep,6,False
0xf8788d8987cbcb627cbdcdc36e82f24d7fa7476c9fbf79dfd17943d133d236cf,0xf8788d8987cbcb627cbdcdc36e82f24d7fa7476c9fbf79dfd17943d133d236cf,RAAZ-26-1047,ETH,23247730,2026-08-31T18:26:00+05:30,0x685c9e6e6917286a581705e811f7252023de3a00,0x54000f712c346eecb3027209b0fa76ec2a819ee8,1.07374,ETH,367219,victim_payment,0,False
0x6e7b982669813a395a5c39fae1193ca964dbb83e2d31f6a669a0dbdcdf3aac31,0x6e7b982669813a395a5c39fae1193ca964dbb83e2d31f6a669a0dbdcdf3aac31,RAAZ-26-1047,ETH,23257030,2026-09-02T01:26:00+05:30,0x97b7404005fd745c9f3c5212b2270f3de3e7a052,0x54000f712c346eecb3027209b0fa76ec2a819ee8,1.83957,ETH,629133,inbound,0,False
0x4f8fc2a2921a803e834c4d46f002943b6eed61dff7468683885cef9b176ee930,0x4f8fc2a2921a803e834c4d46f002943b6eed61dff7468683885cef9b176ee930,RAAZ-26-1047,ETH,23269930,2026-09-03T20:26:00+05:30,0x685c9e6e6917286a581705e811f7252023de3a00,0x54000f712c346eecb3027209b0fa76ec2a819ee8,1.73795,ETH,594379,victim_payment,0,False
0x35344b6b206cfcb3f940513df4601b51ca5dfbc19085c4aa87e611a184f8eb9f,0x35344b6b206cfcb3f940513df4601b51ca5dfbc19085c4aa87e611a184f8eb9f,RAAZ-26-1047,ETH,23271565,2026-09-04T01:53:00+05:30,0x54000f712c346eecb3027209b0fa76ec2a819ee8,0x5dae00480dbc4dcba108dc7703a2bb2a7f04d711,1.10442,ETH,377712,layering,1,False
0x63acecbf94b7d0bd999bec33e1443d8122c355c3b19d960c9d704fe4235ec23c,0x63acecbf94b7d0bd999bec33e1443d8122c355c3b19d960c9d704fe4235ec23c,RAAZ-26-1047,ETH,23271570,2026-09-04T01:54:00+05:30,0x54000f712c346eecb3027209b0fa76ec2a819ee8,0xdcbbe7d029c546dd70ec73013e249daac6374835,0.8125,ETH,277875,layering,1,False
0xdd74525caffbfd9f65dc664ca9d8ed9e2c2edd590add5c341df69bab0607460a,0xdd74525caffbfd9f65dc664ca9d8ed9e2c2edd590add5c341df69bab0607460a,RAAZ-26-1047,ETH,23271610,2026-09-04T02:02:00+05:30,0x54000f712c346eecb3027209b0fa76ec2a819ee8,0x4e262ad481b11221221a606d09dc27b2ff4cc56b,0.97374,ETH,333019,layering,1,False
0xa547c77e6ea11a583d78861ffa682f8a27e4fbefd198ae66ab03769ede24c8c7,0xa547c77e6ea11a583d78861ffa682f8a27e4fbefd198ae66ab03769ede24c8c7,RAAZ-26-1047,ETH,23271645,2026-09-04T02:09:00+05:30,0x54000f712c346eecb3027209b0fa76ec2a819ee8,0xd9155b74d6e41254f2d259a3788027196da46fcc,0.44913,ETH,153602,layering,1,False
0xc7631855a9ebbbf5e234fa18055fb274cca8fd341c16540c796d702718d35637,0xc7631855a9ebbbf5e234fa18055fb274cca8fd341c16540c796d702718d35637,RAAZ-26-1047,ETH,23271645,2026-09-04T02:09:00+05:30,0x54000f712c346eecb3027209b0fa76ec2a819ee8,0x9ee08c3e4bba9bd13d1c71b32fd25bd261339074,0.46244,ETH,158154,layering,1,False
0x01a165a580adf9cc487534db77e470ead0278be92406ee52fd65ddf306d65268,0x01a165a580adf9cc487534db77e470ead0278be92406ee52fd65ddf306d65268,RAAZ-26-1047,ETH,23271655,2026-09-04T02:11:00+05:30,0x54000f712c346eecb3027209b0fa76ec2a819ee8,0x397bd33d5b1b2be70e035b3a999b6bc5e7bd0417,0.78825,ETH,269582,layering,1,False
0x466ab44c221ba9a053c8863910216b1e43d14551b6014affa3d5eef285424d8a,0x466ab44c221ba9a053c8863910216b1e43d14551b6014affa3d5eef285424d8a,RAAZ-26-1047,ETH,23272495,2026-09-04T04:59:00+05:30,0xdcbbe7d029c546dd70ec73013e249daac6374835,0x94339a118d1deb44515bc5ba4ed789b51117a3c6,0.8125,ETH,277875,layering,2,False
0xc27c58e8ff947a84abf55cbbe2708afd4edcad35d124b4450ea8d0cd6c4b3652,0xc27c58e8ff947a84abf55cbbe2708afd4edcad35d124b4450ea8d0cd6c4b3652,RAAZ-26-1047,ETH,23272735,2026-09-04T05:47:00+05:30,0x9ee08c3e4bba9bd13d1c71b32fd25bd261339074,0xd179a580ca7304990da330a6fc6a6a7f64cfb90e,0.46244,ETH,158154,layering,2,False
0x179a43d73cedad4c249ee4354803559bffb29eb9608de0ae668ebb64f5300326,0x179a43d73cedad4c249ee4354803559bffb29eb9608de0ae668ebb64f5300326,RAAZ-26-1047,ETH,23273455,2026-09-04T08:11:00+05:30,0x397bd33d5b1b2be70e035b3a999b6bc5e7bd0417,0x9494eea1497ba324ab976f7f4a9e78751e18422a,0.08532,ETH,29179,peel,2,False
0x587e78ade4930a1a100615193837fbc03e69aba0e8d8bc7e9ea9bf3554b9c383,0x587e78ade4930a1a100615193837fbc03e69aba0e8d8bc7e9ea9bf3554b9c383,RAAZ-26-1047,ETH,23273455,2026-09-04T08:11:00+05:30,0x397bd33d5b1b2be70e035b3a999b6bc5e7bd0417,0x9674ed9068d30a9bdd6bc4db0d1c103fd90bd1f5,0.70293,ETH,240402,layering,2,False
0xb0f5b74a642ff657a4cbc1a114ff418fbee55be91fede0be3ae86ce2a4c45994,0xb0f5b74a642ff657a4cbc1a114ff418fbee55be91fede0be3ae86ce2a4c45994,RAAZ-26-1047,ETH,23274160,2026-09-04T10:32:00+05:30,0xd9155b74d6e41254f2d259a3788027196da46fcc,0x793a6fcdcb93cf6d8cd8f807419d58d1714e9836,0.44913,ETH,153602,layering,2,False
0xd7fcc2f6022cc5dbf89b0feebefb22b81b4f00982be21207c1eaab9669262ae7,0xd7fcc2f6022cc5dbf89b0feebefb22b81b4f00982be21207c1eaab9669262ae7,RAAZ-26-1047,ETH,23274635,2026-09-04T12:07:00+05:30,0x4e262ad481b11221221a606d09dc27b2ff4cc56b,0x6f0809cca758afa4935a93ec77ba01f617cf62f2,0.97374,ETH,333019,layering,2,False
0x2c097fa4a4921203fdef116a5829d14e396271f07a6fb6f67d9e1376130c6fd3,0x2c097fa4a4921203fdef116a5829d14e396271f07a6fb6f67d9e1376130c6fd3,RAAZ-26-1047,ETH,23275015,2026-09-04T13:23:00+05:30,0x5dae00480dbc4dcba108dc7703a2bb2a7f04d711,0xedb12d9ed40c795390d357120b4b751b134e173f,1.10442,ETH,377712,layering,2,False
0x87df4f3df1a1037e180fde41df9297f832aea14d155110ec9156a172aaffa6e5,0x87df4f3df1a1037e180fde41df9297f832aea14d155110ec9156a172aaffa6e5,RAAZ-26-1047,ETH,23275310,2026-09-04T14:22:00+05:30,0x94339a118d1deb44515bc5ba4ed789b51117a3c6,0xdcc087befc73e7508b467a61238f524aeb1a8b58,0.8125,ETH,277875,consolidation,3,False
0x110289d9f7f3cbf4ede5225d6482d25035194e09531f3c3453a0ee68d9d8cad4,0x110289d9f7f3cbf4ede5225d6482d25035194e09531f3c3453a0ee68d9d8cad4,RAAZ-26-1047,ETH,23276425,2026-09-04T18:05:00+05:30,0x9674ed9068d30a9bdd6bc4db0d1c103fd90bd1f5,0x8098e8c20d1be2939cbbd5e35fa50b6736cc2ce9,0.04258,ETH,14562,peel,3,False
0xa0ba9f3abc7412633e4db1ad80469599da599829da090b66c37a2a7faa5727f2,0xa0ba9f3abc7412633e4db1ad80469599da599829da090b66c37a2a7faa5727f2,RAAZ-26-1047,ETH,23276425,2026-09-04T18:05:00+05:30,0x9674ed9068d30a9bdd6bc4db0d1c103fd90bd1f5,0x60d66f7602b03891eb64ac85782901600eb32a08,0.66035,ETH,225840,layering,3,False
0xa3769d19c385498eb72b9649ab6f1b5416fff04db66c77cde2640792f3799311,0xa3769d19c385498eb72b9649ab6f1b5416fff04db66c77cde2640792f3799311,RAAZ-26-1047,ETH,23276665,2026-09-04T18:53:00+05:30,0xd179a580ca7304990da330a6fc6a6a7f64cfb90e,0x84ed72f083ed6c282fb9813be0d84ef80ccb73c2,0.46244,ETH,158154,layering,3,False
0x00825ac34aa0f0b6b813189bc2b3add27da0e72933fb9f4bd7cacef60bbfdb14,0x00825ac34aa0f0b6b813189bc2b3add27da0e72933fb9f4bd7cacef60bbfdb14,RAAZ-26-1047,ETH,23277575,2026-09-04T21:55:00+05:30,0x6f0809cca758afa4935a93ec77ba01f617cf62f2,0xd5393b28e9a8d0539206f8d25f32a83bfa234907,0.97374,ETH,333019,mixer_in,3,False
0xbd320caab369c19d21ac17112a94a9f4af6b4a8b0b23cd56ce5b787fc57cc2ee,0xbd320caab369c19d21ac17112a94a9f4af6b4a8b0b23cd56ce5b787fc57cc2ee,RAAZ-26-1047,ETH,23278310,2026-09-05T00:22:00+05:30,0x793a6fcdcb93cf6d8cd8f807419d58d1714e9836,0x3974c0c7d06f9972284091c0d6683a17ba80ab13,0.44913,ETH,153602,layering,3,False
0x66588f5bd03bc36e380ff5af28fbfa43fd2f2756589f0482eb95242306d4aafc,0x66588f5bd03bc36e380ff5af28fbfa43fd2f2756589f0482eb95242306d4aafc,RAAZ-26-1047,ETH,23278340,2026-09-05T00:28:00+05:30,0xedb12d9ed40c795390d357120b4b751b134e173f,0x51ddf188f7cf0bdc7fbb50db3eae8f24271e8ee4,1.10442,ETH,377712,layering,3,False
0xb83615919a0a4c7a1deb4176dbf181bc0986714ec85e9104ac52e99ac70067e4,0xb83615919a0a4c7a1deb4176dbf181bc0986714ec85e9104ac52e99ac70067e4,RAAZ-26-1047,ETH,23278975,2026-09-05T02:35:00+05:30,0x84ed72f083ed6c282fb9813be0d84ef80ccb73c2,0x18234e62974d4629640e3e96b641041f7fcc767f,0.46244,ETH,158154,layering,4,False
0x9c2bff092d39814ff871ecb9e9ab56f1b6b5ea178293b09d8853e92da8a7f09e,0x9c2bff092d39814ff871ecb9e9ab56f1b6b5ea178293b09d8853e92da8a7f09e,RAAZ-26-1047,ETH,23279355,2026-09-05T03:51:00+05:30,0x3974c0c7d06f9972284091c0d6683a17ba80ab13,0xdcc087befc73e7508b467a61238f524aeb1a8b58,0.44913,ETH,153602,consolidation,3,False
0xf2b416b1f16423d85bcafa2ae312d2e3c3b999f2bdeadce53910ecfbdb4c8bd6,0xf2b416b1f16423d85bcafa2ae312d2e3c3b999f2bdeadce53910ecfbdb4c8bd6,RAAZ-26-1047,ETH,23279925,2026-09-05T05:45:00+05:30,0x51ddf188f7cf0bdc7fbb50db3eae8f24271e8ee4,0xdcc087befc73e7508b467a61238f524aeb1a8b58,1.10442,ETH,377712,consolidation,3,False
0xaa18ab77ccf3010b86937d8f129664ad164d947314ee488b6889f3ea02c060d6,0xaa18ab77ccf3010b86937d8f129664ad164d947314ee488b6889f3ea02c060d6,RAAZ-26-1047,ETH,23280035,2026-09-05T06:07:00+05:30,0x18234e62974d4629640e3e96b641041f7fcc767f,0xdcc087befc73e7508b467a61238f524aeb1a8b58,0.46244,ETH,158154,consolidation,3,False
0xa09e9294a6e6daca992d77eef91d2d1f94c6f96661fd2ca7c2eee2ecce568b7f,0xa09e9294a6e6daca992d77eef91d2d1f94c6f96661fd2ca7c2eee2ecce568b7f,RAAZ-26-1047,ETH,23280480,2026-09-05T07:36:00+05:30,0x60d66f7602b03891eb64ac85782901600eb32a08,0xce1c2902f536747c1d9d719108ddf8f042928e96,0.07524,ETH,25732,peel,4,False
0xf254297a74146ebfbe64bfae0c54007e02a557157c4e18623f9e8a37d4d3c748,0xf254297a74146ebfbe64bfae0c54007e02a557157c4e18623f9e8a37d4d3c748,RAAZ-26-1047,ETH,23280480,2026-09-05T07:36:00+05:30,0x60d66f7602b03891eb64ac85782901600eb32a08,0xcd8313c3dc4eeba09cd1b872122bf4924a0a573d,0.58511,ETH,200108,layering,4,False
0x18f3a38ad8f6c15bd51150bc1bfc8794885b86435f28a7b691ba542ba4caffe7,0x18f3a38ad8f6c15bd51150bc1bfc8794885b86435f28a7b691ba542ba4caffe7,RAAZ-26-1047,ETH,23281745,2026-09-05T11:49:00+05:30,0xcd8313c3dc4eeba09cd1b872122bf4924a0a573d,0xb6070332656f137baf748499f1ecebad534654ab,0.04856,ETH,16608,peel,5,False
0x1b661bd1770b6f0607d565da9d5c8480afb8f718db33e94523ced257fc24cc57,0x1b661bd1770b6f0607d565da9d5c8480afb8f718db33e94523ced257fc24cc57,RAAZ-26-1047,ETH,23281745,2026-09-05T11:49:00+05:30,0xcd8313c3dc4eeba09cd1b872122bf4924a0a573d,0x392e7e0ce6fa5acf0cd28d4f7fead1ca6824c8fe,0.53655,ETH,183500,layering,5,False
0x47d997161eddcddf8a69d7968fa64694ae8009df37a0cadd17c7faa50a298ff5,0x47d997161eddcddf8a69d7968fa64694ae8009df37a0cadd17c7faa50a298ff5,RAAZ-26-1047,ETH,23282630,2026-09-05T14:46:00+05:30,0x392e7e0ce6fa5acf0cd28d4f7fead1ca6824c8fe,0xdcc087befc73e7508b467a61238f524aeb1a8b58,0.53655,ETH,183500,consolidation,3,False
0xafd8a3d97f9759192db24ca030ed4007e29ebcb870edf147fc223a6f790420fd,0xafd8a3d97f9759192db24ca030ed4007e29ebcb870edf147fc223a6f790420fd,RAAZ-26-1047,ETH,23282745,2026-09-05T15:09:00+05:30,0xd5393b28e9a8d0539206f8d25f32a83bfa234907,0x707806b4d1a5ce70a6e76a872ff8007dfe68814c,0.20517,ETH,70168,mixer_out,4,True
0x2f93d4441c7a01c3568f281af5df80559c558d934e3652eec36e5b9c10c16a45,0x2f93d4441c7a01c3568f281af5df80559c558d934e3652eec36e5b9c10c16a45,RAAZ-26-1047,ETH,23282770,2026-09-05T15:14:00+05:30,0xce1c2902f536747c1d9d719108ddf8f042928e96,0xdcc087befc73e7508b467a61238f524aeb1a8b58,0.07524,ETH,25732,consolidation,3,False
0xe0ce176dae260bc8a321cf50ae7f8d81358b936cc2d672b2604f7109f1ed8976,0xe0ce176dae260bc8a321cf50ae7f8d81358b936cc2d672b2604f7109f1ed8976,RAAZ-26-1047,ETH,23283220,2026-09-05T16:44:00+05:30,0xd5393b28e9a8d0539206f8d25f32a83bfa234907,0x8a3712eed52b2783eb95c7ad39c64e2b652c7d29,0.37163,ETH,127097,mixer_out,4,True
0x4e82f3eb50f835644f9d6a96820a3f89f67d86d42dc20705311287e2315e75a6,0x4e82f3eb50f835644f9d6a96820a3f89f67d86d42dc20705311287e2315e75a6,RAAZ-26-1047,ETH,23283855,2026-09-05T18:51:00+05:30,0xd5393b28e9a8d0539206f8d25f32a83bfa234907,0xa1084229d831af3af4a4ff3a990efe9f48a25d5f,0.37259,ETH,127426,mixer_out,4,True
0x39b5fae6e93bafb74e5d5d71df24ef1ddc3673ce5c929cc61537a1615bbd16bb,0x39b5fae6e93bafb74e5d5d71df24ef1ddc3673ce5c929cc61537a1615bbd16bb,RAAZ-26-1047,ETH,23285465,2026-09-06T00:13:00+05:30,0x8a3712eed52b2783eb95c7ad39c64e2b652c7d29,0xdcc087befc73e7508b467a61238f524aeb1a8b58,0.37163,ETH,127097,consolidation,3,False
0xe7b537a46daf356739a4ddb1cacab8a9d2aa317a022e96dc154eda6dd30084de,0xe7b537a46daf356739a4ddb1cacab8a9d2aa317a022e96dc154eda6dd30084de,RAAZ-26-1047,ETH,23285875,2026-09-06T01:35:00+05:30,0xa1084229d831af3af4a4ff3a990efe9f48a25d5f,0xdcc087befc73e7508b467a61238f524aeb1a8b58,0.37259,ETH,127426,consolidation,3,False
0x3bf661b53b949001d81f71ef8fcd2459f819473bfe4cc70e47911e5bd3065cde,0x3bf661b53b949001d81f71ef8fcd2459f819473bfe4cc70e47911e5bd3065cde,RAAZ-26-1047,ETH,23286290,2026-09-06T02:58:00+05:30,0x707806b4d1a5ce70a6e76a872ff8007dfe68814c,0xdcc087befc73e7508b467a61238f524aeb1a8b58,0.20517,ETH,70168,consolidation,3,False
0x70624cf15c46ae3dd4ca01bf320514a91c501c2d0d1e410ac1ac94bb92a1d1ef,0x70624cf15c46ae3dd4ca01bf320514a91c501c2d0d1e410ac1ac94bb92a1d1ef,RAAZ-26-1047,ETH,23288995,2026-09-06T11:59:00+05:30,0xdcc087befc73e7508b467a61238f524aeb1a8b58,0x0fd1ecbe010e31d65bee7a9808f24686feadf5fc,3.97924,ETH,1360900,exchange_deposit,4,False
0x885f35ab05d3e36b18460ea0ce0c78a8b09e382d68c9855b66212ed083da21ab,0x885f35ab05d3e36b18460ea0ce0c78a8b09e382d68c9855b66212ed083da21ab,RAAZ-26-1047,ETH,23289305,2026-09-06T13:01:00+05:30,0x0fd1ecbe010e31d65bee7a9808f24686feadf5fc,0xa73909d6656acaa88ae779bb4aac7fc1281c5c0c,3.97924,ETH,1360900,exchange_sweep,5,False
421f7b2a9331ee536a28546fa8e5e9001fb0d1669aed5e9c950c35a9805caded,421f7b2a9331ee536a28546fa8e5e9001fb0d1669aed5e9c950c35a9805caded,RAAZ-26-1048,TRON,73984520,2026-07-02T03:06:00+05:30,TyCD1F8MezDsSkZXAyBQDudweunm4PzC33,TGsRGyN1csQ19FGdv7nxvfZu53ziucywXD,599.78,USDT,53021,inbound,0,False
33ca23922dd5b1dd808f6fe0128423c1be334a9e85c67160648f67f359b38e12,33ca23922dd5b1dd808f6fe0128423c1be334a9e85c67160648f67f359b38e12,RAAZ-26-1048,TRON,73994120,2026-07-02T11:06:00+05:30,TfiCwnr2nYZhPbCA5kUvYgFjkJj2aepahe,TGsRGyN1csQ19FGdv7nxvfZu53ziucywXD,361.02,USDT,31914,inbound,0,False
89ba32dc6f7bdc3947787348b42f22ababeb5bfd0f937381e0b241a2d8e03e81,89ba32dc6f7bdc3947787348b42f22ababeb5bfd0f937381e0b241a2d8e03e81,RAAZ-26-1048,TRON,73998920,2026-07-02T15:06:00+05:30,T9XoArS3sFbqRXZ3Tv7khDT3D9DYLv39Ma,TGsRGyN1csQ19FGdv7nxvfZu53ziucywXD,372.91,USDT,32965,inbound,0,False
89a915e1b5f80c30ccc27e548ce1e5058f692c428832d62154e27fc802ae130a,89a915e1b5f80c30ccc27e548ce1e5058f692c428832d62154e27fc802ae130a,RAAZ-26-1048,TRON,74056520,2026-07-04T15:06:00+05:30,TGRUY9DyejuhcDhAr7JedyNg4xMpMKt2fd,TGsRGyN1csQ19FGdv7nxvfZu53ziucywXD,760.18,USDT,67200,victim_payment,0,False
6f160941f36cd1abd7cadb97008b0be0754d8e26170f8d8bc26ba9ee0616afe8,6f160941f36cd1abd7cadb97008b0be0754d8e26170f8d8bc26ba9ee0616afe8,RAAZ-26-1048,TRON,74061240,2026-07-04T19:02:00+05:30,TGsRGyN1csQ19FGdv7nxvfZu53ziucywXD,Tic7zAwHMPXNDjrzYUvqDsyGRBjWwH1q2E,683.0,USDT,60377,layering,1,False
bd7934266a03e3585aca1e679c68959551004a972fa57fdc3d5c21af1bf3a4ba,bd7934266a03e3585aca1e679c68959551004a972fa57fdc3d5c21af1bf3a4ba,RAAZ-26-1048,TRON,74061280,2026-07-04T19:04:00+05:30,TGsRGyN1csQ19FGdv7nxvfZu53ziucywXD,T3fZQezELxtnrC3egZJLGEFfFVd9Q7om3q,387.88,USDT,34289,layering,1,False
865406b2d9b4c713a945a970bbbc76b2ce6a2b0c2e9e068dfe4d812df68fb996,865406b2d9b4c713a945a970bbbc76b2ce6a2b0c2e9e068dfe4d812df68fb996,RAAZ-26-1048,TRON,74061460,2026-07-04T19:13:00+05:30,TGsRGyN1csQ19FGdv7nxvfZu53ziucywXD,TYzGqfcGQGvgP7KKiy6PKTcX9qvzUVfKvN,647.87,USDT,57272,layering,1,False
9d8c0ad080de4d9c2db6a07ab3c393776c1c9f201cf9d3b91421af70f4526288,9d8c0ad080de4d9c2db6a07ab3c393776c1c9f201cf9d3b91421af70f4526288,RAAZ-26-1048,TRON,74061500,2026-07-04T19:15:00+05:30,TGsRGyN1csQ19FGdv7nxvfZu53ziucywXD,TRpw1g96YrV9KBzkNvScVc8kjp4MxJMywV,242.16,USDT,21407,layering,1,False
c28ce3ac23b8ffc52c0417fd37aa2c05d22861bbf0f769067f8ba22b9bf519f1,c28ce3ac23b8ffc52c0417fd37aa2c05d22861bbf0f769067f8ba22b9bf519f1,RAAZ-26-1048,TRON,74061520,2026-07-04T19:16:00+05:30,TYzGqfcGQGvgP7KKiy6PKTcX9qvzUVfKvN,TkhPqxWMZPFjE7YGk1JwJkCaY3QH4hWfc3,647.87,USDT,57272,layering,2,False
6e9b576a5ddff9225cbf0a835c287aad5765998947543c5de827deb34380417d,6e9b576a5ddff9225cbf0a835c287aad5765998947543c5de827deb34380417d,RAAZ-26-1048,TRON,74061580,2026-07-04T19:19:00+05:30,TGsRGyN1csQ19FGdv7nxvfZu53ziucywXD,TkFYQtxcuEFZbgbGdXTq75XJWHZF5rVMXi,325.56,USDT,28780,layering,1,False
e3361bece7c60cab5375baa8796e6f6dc2da5b5e7d61110fba9049da64a10394,e3361bece7c60cab5375baa8796e6f6dc2da5b5e7d61110fba9049da64a10394,RAAZ-26-1048,TRON,74061740,2026-07-04T19:27:00+05:30,Tic7zAwHMPXNDjrzYUvqDsyGRBjWwH1q2E,TAxBzPVGFnSKq1tfYyFhUsz43r34tZGV5E,683.0,USDT,60377,layering,2,False
40c44d8b1f97fc408a7b987d9b738b0a5ddb588620f6cdccbf4da4e9691351cb,40c44d8b1f97fc408a7b987d9b738b0a5ddb588620f6cdccbf4da4e9691351cb,RAAZ-26-1048,TRON,74061760,2026-07-04T19:28:00+05:30,T3fZQezELxtnrC3egZJLGEFfFVd9Q7om3q,TDtVpqKFSsfsD9bNURkLdCzsbdoKzM4txs,387.88,USDT,34289,layering,2,False
3c877403dfeb0e98bd545955a6998dde82fdcfed19fd5164dfbc4657a9149d76,3c877403dfeb0e98bd545955a6998dde82fdcfed19fd5164dfbc4657a9149d76,RAAZ-26-1048,TRON,74061800,2026-07-04T19:30:00+05:30,TkhPqxWMZPFjE7YGk1JwJkCaY3QH4hWfc3,TaJXqcRHSmfSNjNFNsY7WfGZgnjoyP3vkT,647.87,USDT,57272,consolidation,3,False
9f1c89e8563f376e79197e334580c18a24650927e08c301a499c259ec87beb9f,9f1c89e8563f376e79197e334580c18a24650927e08c301a499c259ec87beb9f,RAAZ-26-1048,TRON,74061900,2026-07-04T19:35:00+05:30,TDtVpqKFSsfsD9bNURkLdCzsbdoKzM4txs,Tttj1tXmzM5ZY9X65PJnvvTnTo5AnneTRh,387.88,USDT,34289,layering,3,False
d41d786e3bca84a57e06788e09e0887ab6b654b42c013a5cb07d1d3f0f1948fc,d41d786e3bca84a57e06788e09e0887ab6b654b42c013a5cb07d1d3f0f1948fc,RAAZ-26-1048,TRON,74061920,2026-07-04T19:36:00+05:30,TkFYQtxcuEFZbgbGdXTq75XJWHZF5rVMXi,TfK3BKge5qJ9vkj6CzGNmkVG7f5s6XNJjj,325.56,USDT,28780,layering,2,False
de93b8c55a1c6178771bc9ece218aa76ac6275c5640115050fa9da10b79c44fa,de93b8c55a1c6178771bc9ece218aa76ac6275c5640115050fa9da10b79c44fa,RAAZ-26-1048,TRON,74061940,2026-07-04T19:37:00+05:30,Tttj1tXmzM5ZY9X65PJnvvTnTo5AnneTRh,TzkW46BLF35nhcK8oinXFJ7uP4jpHougMy,387.88,USDT,34289,layering,4,False
d947fb83cfe21547b57b87f28fdf34bd76cc568fcd383a69b0820cc8fde7139b,d947fb83cfe21547b57b87f28fdf34bd76cc568fcd383a69b0820cc8fde7139b,RAAZ-26-1048,TRON,74062000,2026-07-04T19:40:00+05:30,TRpw1g96YrV9KBzkNvScVc8kjp4MxJMywV,THrDSTMWCtqQR9qC22cAXhoLqfSu46k8pJ,29.35,USDT,2595,peel,2,False
84c5162a9c95d4690c552d8ce20e14059243afb4dfd190dfd1abaa9d3cbd054b,84c5162a9c95d4690c552d8ce20e14059243afb4dfd190dfd1abaa9d3cbd054b,RAAZ-26-1048,TRON,74062000,2026-07-04T19:40:00+05:30,TRpw1g96YrV9KBzkNvScVc8kjp4MxJMywV,TU4ca2rAV4P6ARsuANsCS5a4gNC3nCQJSr,212.82,USDT,18813,layering,2,False
3fbfe1ab892cf8a3159c9c0bd8ddd01b14f0b2aa9de1a0211fde02912718a87e,3fbfe1ab892cf8a3159c9c0bd8ddd01b14f0b2aa9de1a0211fde02912718a87e,RAAZ-26-1048,TRON,74062260,2026-07-04T19:53:00+05:30,TAxBzPVGFnSKq1tfYyFhUsz43r34tZGV5E,TaJXqcRHSmfSNjNFNsY7WfGZgnjoyP3vkT,683.0,USDT,60377,consolidation,3,False
a5893f5522ea59f61947d915f43fb968051760f5d2b3711a38f96bb8f872eed0,a5893f5522ea59f61947d915f43fb968051760f5d2b3711a38f96bb8f872eed0,RAAZ-26-1048,TRON,74062300,2026-07-04T19:55:00+05:30,TzkW46BLF35nhcK8oinXFJ7uP4jpHougMy,TaJXqcRHSmfSNjNFNsY7WfGZgnjoyP3vkT,387.88,USDT,34289,consolidation,3,False
d9375ab9bab03f3710936aaa98dd103be2726715d1d5268978b5ed8787bfb61a,d9375ab9bab03f3710936aaa98dd103be2726715d1d5268978b5ed8787bfb61a,RAAZ-26-1048,TRON,74062360,2026-07-04T19:58:00+05:30,TU4ca2rAV4P6ARsuANsCS5a4gNC3nCQJSr,TpmmUx1369SfzpK4mj4AUBRzC9WxZWgnQf,27.92,USDT,2468,peel,3,False
5e5a6dce7f4ff914711aec178de6dc379193b74796f3e4e83ef3b5ad83989452,5e5a6dce7f4ff914711aec178de6dc379193b74796f3e4e83ef3b5ad83989452,RAAZ-26-1048,TRON,74062360,2026-07-04T19:58:00+05:30,TU4ca2rAV4P6ARsuANsCS5a4gNC3nCQJSr,TcjB6BeK4xiTL3bZFEt5osESc4a7VsQPBB,184.89,USDT,16344,layering,3,False
def3c084a8215438535f0014da021a596d30465b267ee7fc52c77318fc7921ef,def3c084a8215438535f0014da021a596d30465b267ee7fc52c77318fc7921ef,RAAZ-26-1048,TRON,74062420,2026-07-04T20:01:00+05:30,TfK3BKge5qJ9vkj6CzGNmkVG7f5s6XNJjj,TqWscQmkLv29yZ6Grgv5EbNBGhjVrxHCU5,325.56,USDT,28780,layering,3,False
d9a290d0fee1e593b3f3fe15522c18c8fc4c0e3b8312a236a8d2da458c4bc037,d9a290d0fee1e593b3f3fe15522c18c8fc4c0e3b8312a236a8d2da458c4bc037,RAAZ-26-1048,TRON,74062460,2026-07-04T20:03:00+05:30,TcjB6BeK4xiTL3bZFEt5osESc4a7VsQPBB,TCVVsfkdap3ccGctX9saxhcm4tfFzsJLaV,16.82,USDT,1487,peel,4,False
4e1a06328302a97c0430a32dca130dccda83b214b4a51cf93290b7dac23018f9,4e1a06328302a97c0430a32dca130dccda83b214b4a51cf93290b7dac23018f9,RAAZ-26-1048,TRON,74062460,2026-07-04T20:03:00+05:30,TcjB6BeK4xiTL3bZFEt5osESc4a7VsQPBB,TsVWEZcQTHv1NvBSiT465FLLn84a2wG4ji,168.07,USDT,14857,layering,4,False
0d5d12b396725aac824406a7894c11de3bb8c3e506534d96bddc900f6a401c76,0d5d12b396725aac824406a7894c11de3bb8c3e506534d96bddc900f6a401c76,RAAZ-26-1048,TRON,74062480,2026-07-04T20:04:00+05:30,TqWscQmkLv29yZ6Grgv5EbNBGhjVrxHCU5,TaJXqcRHSmfSNjNFNsY7WfGZgnjoyP3vkT,325.56,USDT,28780,consolidation,3,False
feaa731ca3a67add338960561f7c479c3a4010b612537df89e221735ecb502dc,feaa731ca3a67add338960561f7c479c3a4010b612537df89e221735ecb502dc,RAAZ-26-1048,TRON,74062600,2026-07-04T20:10:00+05:30,TpmmUx1369SfzpK4mj4AUBRzC9WxZWgnQf,TaJXqcRHSmfSNjNFNsY7WfGZgnjoyP3vkT,27.92,USDT,2468,consolidation,3,False
aa4e7d8f72855660dc3bfcaa46471e6aae47dd1affaa0b9938c6fb5ab28842fc,aa4e7d8f72855660dc3bfcaa46471e6aae47dd1affaa0b9938c6fb5ab28842fc,RAAZ-26-1048,TRON,74062760,2026-07-04T20:18:00+05:30,TCVVsfkdap3ccGctX9saxhcm4tfFzsJLaV,TaJXqcRHSmfSNjNFNsY7WfGZgnjoyP3vkT,16.82,USDT,1487,consolidation,3,False
22c4e43c91c977023d664da0fc6821c5234891cf8df804fef1fc0c808658658d,22c4e43c91c977023d664da0fc6821c5234891cf8df804fef1fc0c808658658d,RAAZ-26-1048,TRON,74062980,2026-07-04T20:29:00+05:30,TsVWEZcQTHv1NvBSiT465FLLn84a2wG4ji,T184ySnvGYrZ2UYxwUCi4W1kJHM32LGjw6,18.73,USDT,1656,peel,5,False
7920487d61996b3a4fe4eaab738b0eeaef88c7c2cff8f1f9bd99681aaece1b0f,7920487d61996b3a4fe4eaab738b0eeaef88c7c2cff8f1f9bd99681aaece1b0f,RAAZ-26-1048,TRON,74062980,2026-07-04T20:29:00+05:30,TsVWEZcQTHv1NvBSiT465FLLn84a2wG4ji,TG4ZiVigVCR73HG1ZvcWY88ydktdtYNweQ,149.34,USDT,13202,layering,5,False
3f00dca4d8b0bfe421f9695f8e25cdcb1c1640e4dbed8dadb1a87b48d49397d0,3f00dca4d8b0bfe421f9695f8e25cdcb1c1640e4dbed8dadb1a87b48d49397d0,RAAZ-26-1048,TRON,74063520,2026-07-04T20:56:00+05:30,TG4ZiVigVCR73HG1ZvcWY88ydktdtYNweQ,TaJXqcRHSmfSNjNFNsY7WfGZgnjoyP3vkT,149.34,USDT,13202,consolidation,3,False
14c705b9eea59fa078262bd4f45281bb5d03d808925780b0811680b4b6a639ec,14c705b9eea59fa078262bd4f45281bb5d03d808925780b0811680b4b6a639ec,RAAZ-26-1048,TRON,74063580,2026-07-04T20:59:00+05:30,TaJXqcRHSmfSNjNFNsY7WfGZgnjoyP3vkT,Taqk6Y9EKR3DEMf5FaktX7BufdDXqjn3BF,2105.09,USDT,186090,exchange_deposit,4,False
696e07398d49320c49ae4347defa8563ef657ecfa36b59015ec5a675eadbdf8e,696e07398d49320c49ae4347defa8563ef657ecfa36b59015ec5a675eadbdf8e,RAAZ-26-1048,TRON,74064280,2026-07-04T21:34:00+05:30,Taqk6Y9EKR3DEMf5FaktX7BufdDXqjn3BF,Th4M2vYPowek6J9cbvmNjpuc3CemQ5cnv3,2105.09,USDT,186090,exchange_sweep,5,False
6ef9e336c7fb69ea083d5ac370e753eea6a066021df1dd1e623483ce643ad0ab,6ef9e336c7fb69ea083d5ac370e753eea6a066021df1dd1e623483ce643ad0ab,RAAZ-26-1048,TRON,74123720,2026-07-06T23:06:00+05:30,TGXi3wRUYGKmtqL4Bf1HAfU6Gi3tAbSTAS,TGsRGyN1csQ19FGdv7nxvfZu53ziucywXD,266.12,USDT,23525,inbound,0,False
0x0650ace8a8a80c373736439b1d8372c4e79f7314d11efad11dc567ddce193452,0x0650ace8a8a80c373736439b1d8372c4e79f7314d11efad11dc567ddce193452,RAAZ-26-1049,ETH,23235270,2026-08-30T00:54:00+05:30,0xe1e76546b268cc77abbe4c4448c59aaf1123a16e,0x8597567d00d23b78fbf0a25234df03060e145624,0.01,USDC,1,dust,0,False
0xcb57f1544035d6b9be47864e8e605aca5b1e3a5d60f9949e8e6d51de423f03b8,0xcb57f1544035d6b9be47864e8e605aca5b1e3a5d60f9949e8e6d51de423f03b8,RAAZ-26-1049,ETH,23244270,2026-08-31T06:54:00+05:30,0xe1e76546b268cc77abbe4c4448c59aaf1123a16e,0x8597567d00d23b78fbf0a25234df03060e145624,0.01,USDC,1,dust,0,False
0x27363f2894686d55dfa649933ae751c220f07ef39191c9f6e2f33c8130d634d9,0x27363f2894686d55dfa649933ae751c220f07ef39191c9f6e2f33c8130d634d9,RAAZ-26-1049,ETH,23255970,2026-09-01T21:54:00+05:30,0xe1e76546b268cc77abbe4c4448c59aaf1123a16e,0x8597567d00d23b78fbf0a25234df03060e145624,0.01,USDC,1,dust,0,False
0x2e6c7e7f4dfa46f8598aba1123757909368768fa4f3ad967a6674305fc381811,0x2e6c7e7f4dfa46f8598aba1123757909368768fa4f3ad967a6674305fc381811,RAAZ-26-1049,ETH,23257770,2026-09-02T03:54:00+05:30,0xe1e76546b268cc77abbe4c4448c59aaf1123a16e,0x8597567d00d23b78fbf0a25234df03060e145624,0.01,USDC,1,dust,0,False
0xb9c67a59e146d383d275c836b0c840f7f3ace5e914a7bc1b206dce5207cdfd2b,0xb9c67a59e146d383d275c836b0c840f7f3ace5e914a7bc1b206dce5207cdfd2b,RAAZ-26-1049,ETH,23261670,2026-09-02T16:54:00+05:30,0xdaf113cb3380293cfa563705b8f365f60674abdf,0x8597567d00d23b78fbf0a25234df03060e145624,15344.59,USDC,1355695,inbound,0,False
0xe248940c0c9af52bca60931be8af20a4e32b3bf06d4d3d7adbc0c23bd64e3737,0xe248940c0c9af52bca60931be8af20a4e32b3bf06d4d3d7adbc0c23bd64e3737,RAAZ-26-1049,ETH,23267070,2026-09-03T10:54:00+05:30,0xc05d3f3b5b9ec5161d528c9508d4713e57629412,0x8597567d00d23b78fbf0a25234df03060e145624,11603.12,USDC,1025136,victim_payment,0,False
0x0f298896cd76a29ce1bbf21cd61315d6df6e3f581cb77a342a1a66053826351a,0x0f298896cd76a29ce1bbf21cd61315d6df6e3f581cb77a342a1a66053826351a,RAAZ-26-1049,ETH,23278170,2026-09-04T23:54:00+05:30,0xc05d3f3b5b9ec5161d528c9508d4713e57629412,0x8597567d00d23b78fbf0a25234df03060e145624,16180.41,USDC,1429539,victim_payment,0,False
0x6fed5943bab9a6d20c6b7c7a244e0e260a7910dbb247da18704bd3837d6976df,0x6fed5943bab9a6d20c6b7c7a244e0e260a7910dbb247da18704bd3837d6976df,RAAZ-26-1049,ETH,23281170,2026-09-05T09:54:00+05:30,0xd68bd4ed164fbfabe9615684b61e2daf629be746,0x8597567d00d23b78fbf0a25234df03060e145624,118084.91,USDC,10432802,inbound,0,False
0x200736a1e1a2063c015cb8852859d7a0824b9585fb748c30c4da32a375eb21c5,0x200736a1e1a2063c015cb8852859d7a0824b9585fb748c30c4da32a375eb21c5,RAAZ-26-1049,ETH,23283570,2026-09-05T17:54:00+05:30,0xaa9527d86e319978dc46200b141f412aef85325a,0x8597567d00d23b78fbf0a25234df03060e145624,87055.34,USDC,7691339,inbound,0,False
0x6f027052ff32edffeeed5d004b67ddb0f36516c8b365377777fa64bb6bccf9a2,0x6f027052ff32edffeeed5d004b67ddb0f36516c8b365377777fa64bb6bccf9a2,RAAZ-26-1049,ETH,23285370,2026-09-05T23:54:00+05:30,0xc05d3f3b5b9ec5161d528c9508d4713e57629412,0x8597567d00d23b78fbf0a25234df03060e145624,17205.41,USDC,1520098,victim_payment,0,False
0xad620bb7f93f39c588fdd4a9e9bd8d0f87bd75d1a29976c2c8ae57e00f141398,0xad620bb7f93f39c588fdd4a9e9bd8d0f87bd75d1a29976c2c8ae57e00f141398,RAAZ-26-1049,ETH,23287770,2026-09-06T07:54:00+05:30,0x66839bf373d708a636d774076a49d5f3162a218b,0x8597567d00d23b78fbf0a25234df03060e145624,21259.16,USDC,1878247,inbound,0,False
0x9f4fc8fae808dbcd3078d2fbafbf33ea3c0a5eef475f7f650409a97e0eedf1e9,0x9f4fc8fae808dbcd3078d2fbafbf33ea3c0a5eef475f7f650409a97e0eedf1e9,RAAZ-26-1049,ETH,23295270,2026-09-07T08:54:00+05:30,0xc05d3f3b5b9ec5161d528c9508d4713e57629412,0x8597567d00d23b78fbf0a25234df03060e145624,20273.09,USDC,1791128,victim_payment,0,False
0x1de7f57b4e212d542b654082ce2d397f3d42af53421e02817154f2465f97fdf1,0x1de7f57b4e212d542b654082ce2d397f3d42af53421e02817154f2465f97fdf1,RAAZ-26-1049,ETH,23299770,2026-09-07T23:54:00+05:30,0xc05d3f3b5b9ec5161d528c9508d4713e57629412,0x8597567d00d23b78fbf0a25234df03060e145624,21307.52,USDC,1882519,victim_payment,0,False
0x19687f816ad199e0ca747d8266c3fcd0853f50ae15e6fd9754b1b72e0f910a5a,0x19687f816ad199e0ca747d8266c3fcd0853f50ae15e6fd9754b1b72e0f910a5a,RAAZ-26-1049,ETH,23305470,2026-09-08T18:54:00+05:30,0xc05d3f3b5b9ec5161d528c9508d4713e57629412,0x8597567d00d23b78fbf0a25234df03060e145624,25111.25,USDC,2218579,victim_payment,0,False
0x5222b85da77893b579888468a60789d1cbfcb4bbfd88771c3298093be55b1163,0x5222b85da77893b579888468a60789d1cbfcb4bbfd88771c3298093be55b1163,RAAZ-26-1049,ETH,23306970,2026-09-08T23:54:00+05:30,0x8597567d00d23b78fbf0a25234df03060e145624,0x33db6e725342794cdf89cd5ed1266539fce87f47,99139.11,USDC,8758940,layering,1,False
0xdb4591726d5607341c9f0a0cdf8ffe43e03b74cb7d2f6b37a06424bee0f51174,0xdb4591726d5607341c9f0a0cdf8ffe43e03b74cb7d2f6b37a06424bee0f51174,RAAZ-26-1049,ETH,23307005,2026-09-09T00:01:00+05:30,0x8597567d00d23b78fbf0a25234df03060e145624,0xa77f0589adb4b409869ae36aaeea524e62723cf2,25431.55,USDC,2246877,layering,1,False
0x0ba7086ec1910d50afb9bcdb851c48a98641038d1eeb00347568a7206b9aed50,0x0ba7086ec1910d50afb9bcdb851c48a98641038d1eeb00347568a7206b9aed50,RAAZ-26-1049,ETH,23307005,2026-09-09T00:01:00+05:30,0x33db6e725342794cdf89cd5ed1266539fce87f47,0x65884131914db9fc1d49adb24ce1c53539f9ce66,99139.11,USDC,8758940,layering,2,False
0x64ca030961df26485f63cc258e5254aea8c71c22a223d50abda0e35172507d1f,0x64ca030961df26485f63cc258e5254aea8c71c22a223d50abda0e35172507d1f,RAAZ-26-1049,ETH,23307025,2026-09-09T00:05:00+05:30,0x8597567d00d23b78fbf0a25234df03060e145624,0x9a71ff42f3e0f6b6bbce0fc67cfd219de7c9bcea,56457.59,USDC,4988028,layering,1,False
0x77caa1a96c4efafc6460304414d0dd481bb784c3a1ad6687a51a03bf626ce51d,0x77caa1a96c4efafc6460304414d0dd481bb784c3a1ad6687a51a03bf626ce51d,RAAZ-26-1049,ETH,23307065,2026-09-09T00:13:00+05:30,0x9a71ff42f3e0f6b6bbce0fc67cfd219de7c9bcea,0x886a79744d4ca5471955bf69ab021187f4cce0dc,56457.59,USDC,4988028,bridge_in,2,False
0x7f1853ed4b34d8cc5ebdb9ad06596b236b12b677276b8d2c31e50a9ba7b1ad4c,0x7f1853ed4b34d8cc5ebdb9ad06596b236b12b677276b8d2c31e50a9ba7b1ad4c,RAAZ-26-1049,ETH,23307095,2026-09-09T00:19:00+05:30,0x8597567d00d23b78fbf0a25234df03060e145624,0xb9dea612818dfe33a6498c91cc63d757f44e1f0a,47849.92,USDC,4227540,layering,1,False
0xbc7fa6ea0fb5b8fb84484cc0328356631f532ab39a28d4202ccbc69959a59c57,0xbc7fa6ea0fb5b8fb84484cc0328356631f532ab39a28d4202ccbc69959a59c57,RAAZ-26-1049,ETH,23307105,2026-09-09T00:21:00+05:30,0x8597567d00d23b78fbf0a25234df03060e145624,0xa6a6e5f17c3c64326617af3c778e254315f64297,92973.9,USDC,8214244,layering,1,False
0x79b95da3e150fcbc44d9d0e3f424a2321cfc1b058fb255c1f0b50060bcd92da4,0x79b95da3e150fcbc44d9d0e3f424a2321cfc1b058fb255c1f0b50060bcd92da4,RAAZ-26-1049,ETH,23307125,2026-09-09T00:25:00+05:30,0xa77f0589adb4b409869ae36aaeea524e62723cf2,0x97a8933c807b6fe5970a99e4bc2b4cb63853f6d3,25431.55,USDC,2246877,layering,2,False
0xf9d4307a3ff009eea1b3bd45b1597fef4e3734fcd8956567f840950dcb503833,0xf9d4307a3ff009eea1b3bd45b1597fef4e3734fcd8956567f840950dcb503833,RAAZ-26-1049,POLYGON,76384840,2026-09-09T00:28:00+05:30,0x886a79744d4ca5471955bf69ab021187f4cce0dc,0x6843cd7d4922ceb89a1bf47a9c41f0878ffb1d3a,56344.67,USDC,4978052,bridge_out,3,False
0x60c231921a81bc27f70720956f811c76c74eb2aa8ff491c98d9f6bad4474e5a4,0x60c231921a81bc27f70720956f811c76c74eb2aa8ff491c98d9f6bad4474e5a4,RAAZ-26-1049,ETH,23307140,2026-09-09T00:28:00+05:30,0x65884131914db9fc1d49adb24ce1c53539f9ce66,0xd08123b04864ad44a174f6ebcb1e2b62ea19ac3a,99139.11,USDC,8758940,layering,3,False
0x879627b515c6234d7ba7c4a9b1fdd2eb56c33e359ced5672ee8fae6f799e97f1,0x879627b515c6234d7ba7c4a9b1fdd2eb56c33e359ced5672ee8fae6f799e97f1,RAAZ-26-1049,ETH,23307150,2026-09-09T00:30:00+05:30,0x97a8933c807b6fe5970a99e4bc2b4cb63853f6d3,0xcfde319e94c2c7774c689e15aaea135f5a2ba12e,25431.55,USDC,2246877,consolidation,3,False
0xa62f2eb4eb7406902adb112706369b9edc66581bdec324e49e7e67eb737f2c80,0xa62f2eb4eb7406902adb112706369b9edc66581bdec324e49e7e67eb737f2c80,RAAZ-26-1049,ETH,23307155,2026-09-09T00:31:00+05:30,0x8597567d00d23b78fbf0a25234df03060e145624,0x1b6eb1d7601067d90786c87c5925b337c5c02e77,26339.11,USDC,2327060,layering,1,False
0x2db00d80047686acf46874967795b647364b1330f982e78e977c471776db977c,0x2db00d80047686acf46874967795b647364b1330f982e78e977c471776db977c,RAAZ-26-1049,ETH,23307155,2026-09-09T00:31:00+05:30,0xb9dea612818dfe33a6498c91cc63d757f44e1f0a,0x01f3f16ac897b88b2552b3b76b8a8417d8ff5117,47849.92,USDC,4227540,layering,2,False
0xf426d249e0f9db9a6242af4e6a8ea5d1e872772e4faee2c5944cdc462e27fd45,0xf426d249e0f9db9a6242af4e6a8ea5d1e872772e4faee2c5944cdc462e27fd45,RAAZ-26-1049,POLYGON,76385050,2026-09-09T00:35:00+05:30,0x6843cd7d4922ceb89a1bf47a9c41f0878ffb1d3a,0xc4fe43c56aa50d2bfa6445d0713c32e546ffbff0,56344.67,USDC,4978052,layering,4,False
0x312b5b2bc15d6f5dcebd09f1ca1fbed7f918f9402adbc9d0a1a4910157a94435,0x312b5b2bc15d6f5dcebd09f1ca1fbed7f918f9402adbc9d0a1a4910157a94435,RAAZ-26-1049,ETH,23307240,2026-09-09T00:48:00+05:30,0x01f3f16ac897b88b2552b3b76b8a8417d8ff5117,0xde9100e446fe54a345ac4f94361f0a52bb46ff66,47849.92,USDC,4227540,layering,3,False
0x1264696c44f321eed3562b25a89113fe35e3815b55bd9c5ad094aeafcfaa03c8,0x1264696c44f321eed3562b25a89113fe35e3815b55bd9c5ad094aeafcfaa03c8,RAAZ-26-1049,ETH,23307245,2026-09-09T00:49:00+05:30,0xa6a6e5f17c3c64326617af3c778e254315f64297,0xa1e926505d785bbc6d7a4e6533f5adbd0b73557b,92973.9,USDC,8214244,layering,2,False
0x47e5a44a852e8fb4c15f7ae6c7dd073a967fd630a3533d8b8b745e80e8206ed2,0x47e5a44a852e8fb4c15f7ae6c7dd073a967fd630a3533d8b8b745e80e8206ed2,RAAZ-26-1049,POLYGON,76385560,2026-09-09T00:52:00+05:30,0xc4fe43c56aa50d2bfa6445d0713c32e546ffbff0,0x513b5f9d9fe99f5dc82a1fe996d8ce34896f7df7,56344.67,USDC,4978052,layering,5,False
0x31107a928756becd0aaa7c8eb0567e4dbb7e5858a20e7ec4d282d074981c81df,0x31107a928756becd0aaa7c8eb0567e4dbb7e5858a20e7ec4d282d074981c81df,RAAZ-26-1049,ETH,23307280,2026-09-09T00:56:00+05:30,0xd08123b04864ad44a174f6ebcb1e2b62ea19ac3a,0x1fc4568305352ba6283608d58f30414f377e3157,99139.11,USDC,8758940,layering,4,False
0xaa264aebc6c02cfd8652f4adbeefa9b56ed5cc7450e93f06ff7489a8867aea04,0xaa264aebc6c02cfd8652f4adbeefa9b56ed5cc7450e93f06ff7489a8867aea04,RAAZ-26-1049,POLYGON,76385680,2026-09-09T00:56:00+05:30,0x513b5f9d9fe99f5dc82a1fe996d8ce34896f7df7,0x6c89b206b1081043b119dc1ef4cbfeac8f7181d7,56344.67,USDC,4978052,consolidation,6,False
0x01ebeaf25023e4942ba3a7bc86b6a3fb4ff651c6d0ef2503e8fcaf9f132c2557,0x01ebeaf25023e4942ba3a7bc86b6a3fb4ff651c6d0ef2503e8fcaf9f132c2557,RAAZ-26-1049,ETH,23307290,2026-09-09T00:58:00+05:30,0x1b6eb1d7601067d90786c87c5925b337c5c02e77,0x1d705112b6ebbeaacf6cd45a57a70086f68c1a2c,26339.11,USDC,2327060,layering,2,False
0xe5ba5dbe768652301d464822e16d1963a0820326e8d1397ba0289799d5e3006c,0xe5ba5dbe768652301d464822e16d1963a0820326e8d1397ba0289799d5e3006c,RAAZ-26-1049,ETH,23307290,2026-09-09T00:58:00+05:30,0xa1e926505d785bbc6d7a4e6533f5adbd0b73557b,0xcfde319e94c2c7774c689e15aaea135f5a2ba12e,92973.9,USDC,8214244,consolidation,3,False
0xbe9095f46d1e6819fe45a8743892222934f00fe08412fcf340db332df016b191,0xbe9095f46d1e6819fe45a8743892222934f00fe08412fcf340db332df016b191,RAAZ-26-1049,ETH,23307300,2026-09-09T01:00:00+05:30,0x1fc4568305352ba6283608d58f30414f377e3157,0xcfde319e94c2c7774c689e15aaea135f5a2ba12e,99139.11,USDC,8758940,consolidation,3,False
0x454f29fd296005e6e2dc3a61fb1d3fdcb02d4ab265285daa19593bb244f49d5e,0x454f29fd296005e6e2dc3a61fb1d3fdcb02d4ab265285daa19593bb244f49d5e,RAAZ-26-1049,ETH,23307335,2026-09-09T01:07:00+05:30,0x1d705112b6ebbeaacf6cd45a57a70086f68c1a2c,0xec93a5a5e96bb020c36c24ddd88416e6e1d35a53,26339.11,USDC,2327060,mixer_in,3,False
0xd707f138d5b8ff83fbdbbb0be55c461cf582729d6af1c60f61656e162fdfb981,0xd707f138d5b8ff83fbdbbb0be55c461cf582729d6af1c60f61656e162fdfb981,RAAZ-26-1049,ETH,23307350,2026-09-09T01:10:00+05:30,0xde9100e446fe54a345ac4f94361f0a52bb46ff66,0x1d4bbaf75a92ee73fa628292e9a95a817da0c2d1,47849.92,USDC,4227540,layering,4,False
0x5be60a91513a48143f92d6acf76a4e3c144a20e8ff6bcf4b09111d339d7cea83,0x5be60a91513a48143f92d6acf76a4e3c144a20e8ff6bcf4b09111d339d7cea83,RAAZ-26-1049,POLYGON,76386400,2026-09-09T01:20:00+05:30,0x6c89b206b1081043b119dc1ef4cbfeac8f7181d7,0xb97d9f38e88170696d3a2cb2bde51983ef0720d9,55880.42,USDC,4937035,exchange_deposit,7,False
0xfbfdce436a7e70e68507b24dc68ae3feaee2af84139a2fb74407cca3ea0b8595,0xfbfdce436a7e70e68507b24dc68ae3feaee2af84139a2fb74407cca3ea0b8595,RAAZ-26-1049,ETH,23307415,2026-09-09T01:23:00+05:30,0x1d4bbaf75a92ee73fa628292e9a95a817da0c2d1,0xcfde319e94c2c7774c689e15aaea135f5a2ba12e,47849.92,USDC,4227540,consolidation,3,False
0x0ec85ff036c13cc321f9912fbf53852ba0e56cdd92d7f2f662474c3da4153457,0x0ec85ff036c13cc321f9912fbf53852ba0e56cdd92d7f2f662474c3da4153457,RAAZ-26-1049,POLYGON,76387540,2026-09-09T01:58:00+05:30,0xb97d9f38e88170696d3a2cb2bde51983ef0720d9,0xffcfe6b3e226d2fb91a9cb6a924b3a4587278f2e,55880.42,USDC,4937035,exchange_sweep,8,False
0xf563f3489b7dc3eeddfbea5307a0ebfffaaf12fa2cc13b895b22dce86c95042e,0xf563f3489b7dc3eeddfbea5307a0ebfffaaf12fa2cc13b895b22dce86c95042e,RAAZ-26-1049,ETH,23313260,2026-09-09T20:52:00+05:30,0xec93a5a5e96bb020c36c24ddd88416e6e1d35a53,0xe1dabfee1e60694d5a1b6b94e4754e8743674a40,12366.58,USDC,1092587,mixer_out,4,True
0x5f5b7cb5649c028f554988add12edcd313a43fb17efde45644cceef90ddd6807,0x5f5b7cb5649c028f554988add12edcd313a43fb17efde45644cceef90ddd6807,RAAZ-26-1049,ETH,23313380,2026-09-09T21:16:00+05:30,0xe1dabfee1e60694d5a1b6b94e4754e8743674a40,0xcfde319e94c2c7774c689e15aaea135f5a2ba12e,12366.58,USDC,1092587,consolidation,3,False
0x66eb872dc4f4ae9d09b3ffbb4e55d6db3e7377de6e89be4380697d0a34fc8aba,0x66eb872dc4f4ae9d09b3ffbb4e55d6db3e7377de6e89be4380697d0a34fc8aba,RAAZ-26-1049,ETH,23313830,2026-09-09T22:46:00+05:30,0xec93a5a5e96bb020c36c24ddd88416e6e1d35a53,0xcb34e0934cb3485f1a68f13700551aa6606c6f56,13314.05,USDC,1176296,mixer_out,4,True
0x2d72fa82babb68d68d4c679c64430327a1454bf768e8a7ef583c7ba021b97e32,0x2d72fa82babb68d68d4c679c64430327a1454bf768e8a7ef583c7ba021b97e32,RAAZ-26-1049,ETH,23313880,2026-09-09T22:56:00+05:30,0xcb34e0934cb3485f1a68f13700551aa6606c6f56,0xcfde319e94c2c7774c689e15aaea135f5a2ba12e,13314.05,USDC,1176296,consolidation,3,False
0xfee767b13a16ae5e6aa7c2b09cb557886b7d6adfd995c842b33dabd1bb44f93d,0xfee767b13a16ae5e6aa7c2b09cb557886b7d6adfd995c842b33dabd1bb44f93d,RAAZ-26-1049,ETH,23313925,2026-09-09T23:05:00+05:30,0xcfde319e94c2c7774c689e15aaea135f5a2ba12e,0x425ed080153a33f7e9bae25611c618f203087762,118394.35,USDC,10460141,exchange_deposit,4,False
0xe18af267dca1497cd77d0380776fbcc3e68f35ee00c48d2e22bcbb758fafc8e9,0xe18af267dca1497cd77d0380776fbcc3e68f35ee00c48d2e22bcbb758fafc8e9,RAAZ-26-1049,ETH,23314060,2026-09-09T23:32:00+05:30,0xcfde319e94c2c7774c689e15aaea135f5a2ba12e,0x360b1ab5515e33964a256b9e08a6ecfaa989bd30,147916.5,USDC,13068423,exchange_deposit,4,False
0x77b4f5f82b4dc9a1ad5b0fce44bee8f86d05a99ee98726ea73c8107166d458f1,0x77b4f5f82b4dc9a1ad5b0fce44bee8f86d05a99ee98726ea73c8107166d458f1,RAAZ-26-1049,ETH,23314150,2026-09-09T23:50:00+05:30,0x425ed080153a33f7e9bae25611c618f203087762,0x87d25eef250a8bf469e5d097bbc1269473e3b72f,118394.35,USDC,10460141,exchange_sweep,5,False
0x737b04f476958808ef4b8058af943d47944596fe557cf83aaaa5b55da6e56d25,0x737b04f476958808ef4b8058af943d47944596fe557cf83aaaa5b55da6e56d25,RAAZ-26-1049,ETH,23314305,2026-09-10T00:21:00+05:30,0x360b1ab5515e33964a256b9e08a6ecfaa989bd30,0x1fac61a3c11a6ba8b36e6575d2079f071d7309b5,147916.5,USDC,13068423,exchange_sweep,5,False
8f45cb82a6b74db895f6a5220f722ae8ddeab1478b07c5b37c8f6f2771271355,8f45cb82a6b74db895f6a5220f722ae8ddeab1478b07c5b37c8f6f2771271355,RAAZ-26-1050,TRON,74889260,2026-08-02T13:03:00+05:30,TMTUBKnDYtLRJJhXWVeKFswBw3NG6sBUGZ,ThkFfShMkicBQ5szHcjh3FaTT6Kc9ijugJ,191.6,USDT,16937,inbound,0,False
151aabe7faed7c1578c5c26aa931e50764be895e86fcc18c74b38a26a72e5010,151aabe7faed7c1578c5c26aa931e50764be895e86fcc18c74b38a26a72e5010,RAAZ-26-1050,TRON,74919260,2026-08-03T14:03:00+05:30,TVsBYAtHFHeTJnps4Xf7d1Et4H4AcUZEaV,ThkFfShMkicBQ5szHcjh3FaTT6Kc9ijugJ,359.77,USDT,31804,inbound,0,False
f66e17f3f4dde2ecf28f9bb636b22741eb6b90e57279f4adf9e4d70f9c6d5dcc,f66e17f3f4dde2ecf28f9bb636b22741eb6b90e57279f4adf9e4d70f9c6d5dcc,RAAZ-26-1050,TRON,74937260,2026-08-04T05:03:00+05:30,TYmBFU77ojf7SSG19muGTLjMURWTpMdUJn,ThkFfShMkicBQ5szHcjh3FaTT6Kc9ijugJ,38.38,USDT,3393,victim_payment,0,False
134a988e8ca300de71f809af7da752975cec10ef28857eb2a69f371a3c3973e5,134a988e8ca300de71f809af7da752975cec10ef28857eb2a69f371a3c3973e5,RAAZ-26-1050,TRON,74998460,2026-08-06T08:03:00+05:30,TYmBFU77ojf7SSG19muGTLjMURWTpMdUJn,ThkFfShMkicBQ5szHcjh3FaTT6Kc9ijugJ,43.43,USDT,3839,victim_payment,0,False
b403608e9a48fb3942d84876b7ec7341b15cfa24857c254764db6d7cfcd8d43f,b403608e9a48fb3942d84876b7ec7341b15cfa24857c254764db6d7cfcd8d43f,RAAZ-26-1050,TRON,75000860,2026-08-06T10:03:00+05:30,TsXMRXti2ZVmNvc88tv7t9dbFVXr82G9jx,ThkFfShMkicBQ5szHcjh3FaTT6Kc9ijugJ,729.2,USDT,64461,inbound,0,False
98446c613e004aac159037dc56adf6aca9601146adf0e9f9e342e7fdc8986983,98446c613e004aac159037dc56adf6aca9601146adf0e9f9e342e7fdc8986983,RAAZ-26-1050,TRON,75032060,2026-08-07T12:03:00+05:30,Ttkua8PESMmHPCfFfweU3qFrfZVtav8KDX,ThkFfShMkicBQ5szHcjh3FaTT6Kc9ijugJ,499.37,USDT,44144,inbound,0,False
f70733e1dbee387499444df6a4755a74a7429d672980c45a4ad1d69b46f58153,f70733e1dbee387499444df6a4755a74a7429d672980c45a4ad1d69b46f58153,RAAZ-26-1050,TRON,75039260,2026-08-07T18:03:00+05:30,TcVno6SMadddEapESnnqcCJLcRnNzRj2Rz,ThkFfShMkicBQ5szHcjh3FaTT6Kc9ijugJ,403.94,USDT,35708,inbound,0,False
53fc702edb9a21d4c62653982315ddd61ce05e06e1c4ad50dd558e1c8d82473b,53fc702edb9a21d4c62653982315ddd61ce05e06e1c4ad50dd558e1c8d82473b,RAAZ-26-1050,TRON,75075260,2026-08-09T00:03:00+05:30,TYmBFU77ojf7SSG19muGTLjMURWTpMdUJn,ThkFfShMkicBQ5szHcjh3FaTT6Kc9ijugJ,161.5,USDT,14277,victim_payment,0,False
aa32202879c8d4efd76825236370d40f3c7cfffbf61536a702233c48541bd1bb,aa32202879c8d4efd76825236370d40f3c7cfffbf61536a702233c48541bd1bb,RAAZ-26-1050,TRON,75078860,2026-08-09T03:03:00+05:30,TYmBFU77ojf7SSG19muGTLjMURWTpMdUJn,ThkFfShMkicBQ5szHcjh3FaTT6Kc9ijugJ,211.32,USDT,18681,victim_payment,0,False
2844e82f959ab52b2fbe83c3eabe5c457880379efa497c2deea6b5668bc9bf26,2844e82f959ab52b2fbe83c3eabe5c457880379efa497c2deea6b5668bc9bf26,RAAZ-26-1050,TRON,75165260,2026-08-12T03:03:00+05:30,TYmBFU77ojf7SSG19muGTLjMURWTpMdUJn,ThkFfShMkicBQ5szHcjh3FaTT6Kc9ijugJ,243.33,USDT,21510,victim_payment,0,False
d0e7b3dd47c7bf4bbc936607358d8c3f2d37ff90538f0111367d17b8a5fcb42e,d0e7b3dd47c7bf4bbc936607358d8c3f2d37ff90538f0111367d17b8a5fcb42e,RAAZ-26-1050,TRON,75169420,2026-08-12T06:31:00+05:30,ThkFfShMkicBQ5szHcjh3FaTT6Kc9ijugJ,TBq31a1FV943pVV4XvGcsHbwhnGEPHX2Ys,771.47,USDT,68198,layering,1,False
2ac722849a86b5b6bedce6a3b202464e1f70f38f93b435469841157f18621618,2ac722849a86b5b6bedce6a3b202464e1f70f38f93b435469841157f18621618,RAAZ-26-1050,TRON,75169520,2026-08-12T06:36:00+05:30,ThkFfShMkicBQ5szHcjh3FaTT6Kc9ijugJ,TRKA38DXTogA5NNgN4qk2X7muDRnBaVCmh,755.95,USDT,66826,layering,1,False
32d2cbf377d514373295fe97382ec92d477f64ff8b712de31b355a0487074478,32d2cbf377d514373295fe97382ec92d477f64ff8b712de31b355a0487074478,RAAZ-26-1050,TRON,75169980,2026-08-12T06:59:00+05:30,ThkFfShMkicBQ5szHcjh3FaTT6Kc9ijugJ,TmeSQgMCEirdehsAgsBczhaGW6y6nMDiVR,443.61,USDT,39215,layering,1,False
4a21bbea1c0949b282ce0ff4bb7bb120de679f8893cd6f1a28b85554f63e34d7,4a21bbea1c0949b282ce0ff4bb7bb120de679f8893cd6f1a28b85554f63e34d7,RAAZ-26-1050,TRON,75170200,2026-08-12T07:10:00+05:30,ThkFfShMkicBQ5szHcjh3FaTT6Kc9ijugJ,TJMpP4TaRdVmtLvfiUVi6A6DpxacJaZCph,861.58,USDT,76164,layering,1,False
7a5b7b1e209ce4d81216f03655b60c66a1a01af615913898636b7f443d9b8c40,7a5b7b1e209ce4d81216f03655b60c66a1a01af615913898636b7f443d9b8c40,RAAZ-26-1050,TRON,75172720,2026-08-12T09:16:00+05:30,TRKA38DXTogA5NNgN4qk2X7muDRnBaVCmh,THUthPvirTfAMfXK3DspbhiYfFsEgaMYRH,755.95,USDT,66826,layering,2,False
807913b7b1956a4783ca398a8ee54dfe5fd12d84425f8eae631cde6130a47161,807913b7b1956a4783ca398a8ee54dfe5fd12d84425f8eae631cde6130a47161,RAAZ-26-1050,TRON,75176440,2026-08-12T12:22:00+05:30,TmeSQgMCEirdehsAgsBczhaGW6y6nMDiVR,T6Cn1dX1cXVFVASHmH3YJvLkz17e73X7ra,25.21,USDT,2229,peel,2,False
937b186a8ce88dd5a1e7e852700c4e1f70a4229b96821b451c1b4bc1b3da5193,937b186a8ce88dd5a1e7e852700c4e1f70a4229b96821b451c1b4bc1b3da5193,RAAZ-26-1050,TRON,75176440,2026-08-12T12:22:00+05:30,TmeSQgMCEirdehsAgsBczhaGW6y6nMDiVR,TU26NBRu71Hbv82fEhfmvME29hBj6aRnBJ,418.4,USDT,36987,layering,2,False
0ac8cb0148a8c4513b9d204859c491273bdba29e0fcf560a04f785978fc12d5c,0ac8cb0148a8c4513b9d204859c491273bdba29e0fcf560a04f785978fc12d5c,RAAZ-26-1050,TRON,75179520,2026-08-12T14:56:00+05:30,TU26NBRu71Hbv82fEhfmvME29hBj6aRnBJ,T7Nf4MKA4cdEDXyJJWKZYyU8rCUYhbhg87,54.83,USDT,4847,peel,3,False
885884f1497e24b104a72da495a7e76346422b3e71f393831e82afcead959e48,885884f1497e24b104a72da495a7e76346422b3e71f393831e82afcead959e48,RAAZ-26-1050,TRON,75179520,2026-08-12T14:56:00+05:30,TU26NBRu71Hbv82fEhfmvME29hBj6aRnBJ,Tc5tA4fwjr7MNDj8PN66pbi85cKJTJrYoW,363.57,USDT,32140,layering,3,False
42931f94ae9df9404a295423ec2b08be17fded02d3ff901513e1df8b38c58262,42931f94ae9df9404a295423ec2b08be17fded02d3ff901513e1df8b38c58262,RAAZ-26-1050,TRON,75179580,2026-08-12T14:59:00+05:30,TJMpP4TaRdVmtLvfiUVi6A6DpxacJaZCph,TFdsnTWjgBfJK8GPJx5T7Mv7nFcR66Nvwj,861.58,USDT,76164,layering,2,False
7352514b610407f2ed27ef8c22e2c445f3bb7e885eb3dd8c75836692a93ad50b,7352514b610407f2ed27ef8c22e2c445f3bb7e885eb3dd8c75836692a93ad50b,RAAZ-26-1050,TRON,75179860,2026-08-12T15:13:00+05:30,THUthPvirTfAMfXK3DspbhiYfFsEgaMYRH,T3q66foSJmvCXh8SWUzyQ6RqP6Yvj3zZoU,755.95,USDT,66826,layering,3,False
6d77bfcaf91a2a065c2e873db87b38218588f8b112dc2981d33c33c3637255fb,6d77bfcaf91a2a065c2e873db87b38218588f8b112dc2981d33c33c3637255fb,RAAZ-26-1050,TRON,75180180,2026-08-12T15:29:00+05:30,TBq31a1FV943pVV4XvGcsHbwhnGEPHX2Ys,TCc9QxZUJ8HjirYooJ5aMYAnouPszhxMJs,771.47,USDT,68198,layering,2,False
307f46a6181193e04106db64e3e339e17ac660f7ad8309992d7696867b2e215d,307f46a6181193e04106db64e3e339e17ac660f7ad8309992d7696867b2e215d,RAAZ-26-1050,TRON,75190360,2026-08-12T23:58:00+05:30,Tc5tA4fwjr7MNDj8PN66pbi85cKJTJrYoW,TMz1dJFGbMK2YdxLNmUoETAFg1qQRbk1ts,32.09,USDT,2837,peel,4,False
f79a631d2d45901444bf3783a76f6c00c0654f47517d8c025fc3ecf75417fa57,f79a631d2d45901444bf3783a76f6c00c0654f47517d8c025fc3ecf75417fa57,RAAZ-26-1050,TRON,75190360,2026-08-12T23:58:00+05:30,Tc5tA4fwjr7MNDj8PN66pbi85cKJTJrYoW,TJRPeDaGLcUUUQd5rbuReDxx8ER1nR7BXS,331.47,USDT,29302,layering,4,False
dc97cf2eb72f9debbf2372c8db302f78cd0b95d3cbff83ea2289b290ed04ca5d,dc97cf2eb72f9debbf2372c8db302f78cd0b95d3cbff83ea2289b290ed04ca5d,RAAZ-26-1050,TRON,75191720,2026-08-13T01:06:00+05:30,TFdsnTWjgBfJK8GPJx5T7Mv7nFcR66Nvwj,TaXJKCK9ovAdBPusifBMZffqGgWqouRt8m,861.58,USDT,76164,consolidation,3,False
69fbd51dc22fb38a89e74048a0b01ab768b48beeea19c36ed94a588470a456d2,69fbd51dc22fb38a89e74048a0b01ab768b48beeea19c36ed94a588470a456d2,RAAZ-26-1050,TRON,75194080,2026-08-13T03:04:00+05:30,T3q66foSJmvCXh8SWUzyQ6RqP6Yvj3zZoU,TaXJKCK9ovAdBPusifBMZffqGgWqouRt8m,755.95,USDT,66826,consolidation,3,False
4686a64c37464c40051bc5b10b9f08f570f4ea9440692543c37432ed6b8ead44,4686a64c37464c40051bc5b10b9f08f570f4ea9440692543c37432ed6b8ead44,RAAZ-26-1050,TRON,75195160,2026-08-13T03:58:00+05:30,TCc9QxZUJ8HjirYooJ5aMYAnouPszhxMJs,TaXJKCK9ovAdBPusifBMZffqGgWqouRt8m,771.47,USDT,68198,consolidation,3,False
bb6697e39f702272774a4b8e38b2d6acf868749a606eac469508efee6e7f08c5,bb6697e39f702272774a4b8e38b2d6acf868749a606eac469508efee6e7f08c5,RAAZ-26-1050,TRON,75206480,2026-08-13T13:24:00+05:30,TJRPeDaGLcUUUQd5rbuReDxx8ER1nR7BXS,TZd3kBbpDDF74D3ran7X37ymUV9koxjKnn,31.9,USDT,2820,peel,5,False
0eebdfbb79adb6c339a536c95f6fe735c955f99a6b3d95def5883aa891fcc9b4,0eebdfbb79adb6c339a536c95f6fe735c955f99a6b3d95def5883aa891fcc9b4,RAAZ-26-1050,TRON,75206480,2026-08-13T13:24:00+05:30,TJRPeDaGLcUUUQd5rbuReDxx8ER1nR7BXS,TVcBUotyfjaoKqbstyWCCJ1UyAtXijoPcR,299.57,USDT,26482,layering,5,False
ccb114f80e5fe2fcaced7f3902e3b2229566986ad069ac5e0b768a1a162ff6df,ccb114f80e5fe2fcaced7f3902e3b2229566986ad069ac5e0b768a1a162ff6df,RAAZ-26-1050,TRON,75213880,2026-08-13T19:34:00+05:30,TVcBUotyfjaoKqbstyWCCJ1UyAtXijoPcR,TaXJKCK9ovAdBPusifBMZffqGgWqouRt8m,299.57,USDT,26482,consolidation,3,False
13623b5c644225a841239325600e0df992c294ccb8c9920fe60fec86245789fb,13623b5c644225a841239325600e0df992c294ccb8c9920fe60fec86245789fb,RAAZ-26-1050,TRON,75226100,2026-08-14T05:45:00+05:30,TaXJKCK9ovAdBPusifBMZffqGgWqouRt8m,T4kMJWKNxDVa5veGcPdgPxtjXUt5aV9uMM,2459.51,USDT,217421,exchange_deposit,4,False
ac09e9e1178cc694ae11b40e4793679c592ab7523beb076538430ad25f1f19c6,ac09e9e1178cc694ae11b40e4793679c592ab7523beb076538430ad25f1f19c6,RAAZ-26-1050,TRON,75227900,2026-08-14T07:15:00+05:30,T4kMJWKNxDVa5veGcPdgPxtjXUt5aV9uMM,TkD1MyZ1Xu6osNY8CMWZivxC3az7sJt6BP,2459.51,USDT,217421,exchange_sweep,5,False
0x29152bee7c02ecd11348f068a4c2eb63ae00e4f9e87e86bbd6c2ab04ce10d539,0x29152bee7c02ecd11348f068a4c2eb63ae00e4f9e87e86bbd6c2ab04ce10d539,RAAZ-26-1051,POLYGON,74682010,2026-07-31T14:27:00+05:30,0x9287efe50272440b83136e60d0e8b661c06074ad,0x7634d5303d8dcb0f60359215c1748f8dfe88d747,51.62,USDT,4563,victim_payment,0,False
0xffab17c6c9216eab68db6fda2605a67ebfae6923494b3d5e9d7bcf7818acbd24,0xffab17c6c9216eab68db6fda2605a67ebfae6923494b3d5e9d7bcf7818acbd24,RAAZ-26-1051,POLYGON,74824210,2026-08-03T21:27:00+05:30,0x9287efe50272440b83136e60d0e8b661c06074ad,0x7634d5303d8dcb0f60359215c1748f8dfe88d747,88.26,USDT,7802,victim_payment,0,False
0xf4e89f5cb347e0991a96f65c0767c8b7bc5d1f0930004f026e61ce9a4dc15408,0xf4e89f5cb347e0991a96f65c0767c8b7bc5d1f0930004f026e61ce9a4dc15408,RAAZ-26-1051,POLYGON,74863810,2026-08-04T19:27:00+05:30,0x9287efe50272440b83136e60d0e8b661c06074ad,0x7634d5303d8dcb0f60359215c1748f8dfe88d747,89.85,USDT,7943,victim_payment,0,False
0x622bd9dc08c33945bdf9f6d5798dc7ebe1a5f3a8f5881ce28b87112dd376784d,0x622bd9dc08c33945bdf9f6d5798dc7ebe1a5f3a8f5881ce28b87112dd376784d,RAAZ-26-1051,POLYGON,74907010,2026-08-05T19:27:00+05:30,0x9287efe50272440b83136e60d0e8b661c06074ad,0x7634d5303d8dcb0f60359215c1748f8dfe88d747,195.16,USDT,17252,victim_payment,0,False
0x0fd8b297635c1188dc0bf02b6b37f77f61d2656b995c2c3d7ecf788236a223aa,0x0fd8b297635c1188dc0bf02b6b37f77f61d2656b995c2c3d7ecf788236a223aa,RAAZ-26-1051,POLYGON,74917810,2026-08-06T01:27:00+05:30,0x9287efe50272440b83136e60d0e8b661c06074ad,0x7634d5303d8dcb0f60359215c1748f8dfe88d747,277.26,USDT,24510,victim_payment,0,False
0x990e381cf75a8c6e2004d2cfd0970c4e64dde5da7b7a217a5e77cdf75fcc803d,0x990e381cf75a8c6e2004d2cfd0970c4e64dde5da7b7a217a5e77cdf75fcc803d,RAAZ-26-1051,POLYGON,74932210,2026-08-06T09:27:00+05:30,0x9287efe50272440b83136e60d0e8b661c06074ad,0x7634d5303d8dcb0f60359215c1748f8dfe88d747,305.78,USDT,27031,victim_payment,0,False
0x51c599e722de5e92afbd55de51ec5d4134fb83563b00c424b4d890c8dbaae616,0x51c599e722de5e92afbd55de51ec5d4134fb83563b00c424b4d890c8dbaae616,RAAZ-26-1051,POLYGON,74942260,2026-08-06T15:02:00+05:30,0x7634d5303d8dcb0f60359215c1748f8dfe88d747,0x0bc23179f76f4b432e6428468cfaa7fb67f7dc74,326.12,USDT,28829,layering,1,False
0xdc8772238ac15adc5a731303303bf91039b24c4f2a77c355ac6a9314de1622a0,0xdc8772238ac15adc5a731303303bf91039b24c4f2a77c355ac6a9314de1622a0,RAAZ-26-1051,POLYGON,74942770,2026-08-06T15:19:00+05:30,0x7634d5303d8dcb0f60359215c1748f8dfe88d747,0x8b0b2416b3242f7854a17b85fdc64200dcd89481,231.67,USDT,20480,layering,1,False
0xd593b021b38c99f701f0fedc75556c0bc5a8bc4bddfe6dd522aefbad6fea2cbd,0xd593b021b38c99f701f0fedc75556c0bc5a8bc4bddfe6dd522aefbad6fea2cbd,RAAZ-26-1051,POLYGON,74943100,2026-08-06T15:30:00+05:30,0x7634d5303d8dcb0f60359215c1748f8dfe88d747,0xbde9f0204ca4147e06135e0d9a6ea9c98949e878,439.01,USDT,38808,layering,1,False
0xa8b89b54ce1dd3bb82286955d0e8f2f2b412fe438ca61a16b8ff2c83136dbcc3,0xa8b89b54ce1dd3bb82286955d0e8f2f2b412fe438ca61a16b8ff2c83136dbcc3,RAAZ-26-1051,POLYGON,74950390,2026-08-06T19:33:00+05:30,0xbde9f0204ca4147e06135e0d9a6ea9c98949e878,0xce31b5cb8a55fd192e5650a3de3fff62e537a4f6,439.01,USDT,38808,layering,2,False
0xa40254c3fdcb36ffd4d52996cf8bb363ff67101fc3bad7be60e9c27f2ae0632b,0xa40254c3fdcb36ffd4d52996cf8bb363ff67101fc3bad7be60e9c27f2ae0632b,RAAZ-26-1051,POLYGON,74954200,2026-08-06T21:40:00+05:30,0x0bc23179f76f4b432e6428468cfaa7fb67f7dc74,0xc01fc30b5bbe8934f9a88d43e5a01d860002926c,326.12,USDT,28829,layering,2,False
0x3f4ea59e3f1386f026b9bbf7c137b4e7b0df9e231e7fd44fade21f753956aed0,0x3f4ea59e3f1386f026b9bbf7c137b4e7b0df9e231e7fd44fade21f753956aed0,RAAZ-26-1051,POLYGON,74955880,2026-08-06T22:36:00+05:30,0xce31b5cb8a55fd192e5650a3de3fff62e537a4f6,0xdabf3b1f676d9c2d6c91d6904479745075627db9,439.01,USDT,38808,layering,3,False
0x5ec831083ad564083ae4ee237135ef46f458048b44d5b5f8bf4d2ae7cb394156,0x5ec831083ad564083ae4ee237135ef46f458048b44d5b5f8bf4d2ae7cb394156,RAAZ-26-1051,POLYGON,74957140,2026-08-06T23:18:00+05:30,0xc01fc30b5bbe8934f9a88d43e5a01d860002926c,0x953a31dda09e7fe7fb14cb7030eb3df240f00ba5,326.12,USDT,28829,layering,3,False
0x30470427f4885dead95b7b8a963092f03b484e83fa5bcda13b9824256d59eaff,0x30470427f4885dead95b7b8a963092f03b484e83fa5bcda13b9824256d59eaff,RAAZ-26-1051,POLYGON,74957530,2026-08-06T23:31:00+05:30,0xdabf3b1f676d9c2d6c91d6904479745075627db9,0x6bc03660be6afd7c1ceffc7fe73e722bc5c1f337,439.01,USDT,38808,consolidation,4,False
0xaaa1372e83fbf1f5ad582571a65664542561bbb8eb2730e80bfcbcf238a7e3fc,0xaaa1372e83fbf1f5ad582571a65664542561bbb8eb2730e80bfcbcf238a7e3fc,RAAZ-26-1051,POLYGON,74964550,2026-08-07T03:25:00+05:30,0x953a31dda09e7fe7fb14cb7030eb3df240f00ba5,0x7eda5593ba1a53a16e836cf92ae6a9b63517613a,326.12,USDT,28829,layering,4,False
0x416e7c397462deddcbe3399c40a64bc3f9dc97776aeea599e4f1e8f67b323cd2,0x416e7c397462deddcbe3399c40a64bc3f9dc97776aeea599e4f1e8f67b323cd2,RAAZ-26-1051,POLYGON,74967940,2026-08-07T05:18:00+05:30,0x8b0b2416b3242f7854a17b85fdc64200dcd89481,0xdc9c1984ac5e5e8e14491f3347da4b3e7b188851,231.67,USDT,20480,layering,2,False
0x235f957e980491242fb79f7dfb494b3cde3e5e9461b36f452de338b38f90a151,0x235f957e980491242fb79f7dfb494b3cde3e5e9461b36f452de338b38f90a151,RAAZ-26-1051,POLYGON,74977120,2026-08-07T10:24:00+05:30,0x7eda5593ba1a53a16e836cf92ae6a9b63517613a,0x6bc03660be6afd7c1ceffc7fe73e722bc5c1f337,326.12,USDT,28829,consolidation,4,False
0xe6397594c30f7cec8177d357763cba3265337738ab65b86da9f5865be2ca768f,0xe6397594c30f7cec8177d357763cba3265337738ab65b86da9f5865be2ca768f,RAAZ-26-1051,POLYGON,74982280,2026-08-07T13:16:00+05:30,0xdc9c1984ac5e5e8e14491f3347da4b3e7b188851,0x25d33df3e685158f56cc2ffa05eab997812d9523,231.67,USDT,20480,layering,3,False
0x559aed48164011de6103e80d6cd0847a8008eb2c1bb91245bcb34395a39c7aae,0x559aed48164011de6103e80d6cd0847a8008eb2c1bb91245bcb34395a39c7aae,RAAZ-26-1051,POLYGON,74986570,2026-08-07T15:39:00+05:30,0x25d33df3e685158f56cc2ffa05eab997812d9523,0x6bc03660be6afd7c1ceffc7fe73e722bc5c1f337,231.67,USDT,20480,consolidation,4,False
0x3fdb9f88fde6c58c56a530bc02ddd6a8d19cfc063ebac817069933290eebe974,0x3fdb9f88fde6c58c56a530bc02ddd6a8d19cfc063ebac817069933290eebe974,RAAZ-26-1051,POLYGON,74995030,2026-08-07T20:21:00+05:30,0x6bc03660be6afd7c1ceffc7fe73e722bc5c1f337,0x53800afda3989e15aed5e8c0a6c694a08e0c63b9,923.22,USDT,81613,exchange_deposit,5,False
0xd63ca97e6fe0115988da0b13f9b9d87021743f9f7bfdda3e7b7a83e8b691efdb,0xd63ca97e6fe0115988da0b13f9b9d87021743f9f7bfdda3e7b7a83e8b691efdb,RAAZ-26-1051,POLYGON,74997250,2026-08-07T21:35:00+05:30,0x53800afda3989e15aed5e8c0a6c694a08e0c63b9,0xf7772a98b71b2239c4dd63d373352f850339baea,923.22,USDT,81613,exchange_sweep,6,False
0x6df668881ea6131f235d64c303d55a395d59570199ae6de1a1cbfaf22c132397,0x6df668881ea6131f235d64c303d55a395d59570199ae6de1a1cbfaf22c132397,RAAZ-26-1052,POLYGON,76581070,2026-09-13T13:29:00+05:30,0x42307c9c20bd0f072c6d167da9aa568e319f0f47,0xb3b9454cdb2740445389df892df254b5a0ecc021,119276.51,POL,5069252,inbound,0,False
0x759183d853eabe20f4510a8d3dfa041bf4837152b108e290914e65ada6ed4679,0x759183d853eabe20f4510a8d3dfa041bf4837152b108e290914e65ada6ed4679,RAAZ-26-1052,POLYGON,76683670,2026-09-15T22:29:00+05:30,0x3f064449fe1209fb0e6ae97e8b19f5c5aabf5144,0xb3b9454cdb2740445389df892df254b5a0ecc021,36895.11,POL,1568042,victim_payment,0,False
0x50980105f0a08db3bcc7898a0d28b2b8c8e0ea60d874421902c315d28193c4b8,0x50980105f0a08db3bcc7898a0d28b2b8c8e0ea60d874421902c315d28193c4b8,RAAZ-26-1052,POLYGON,76692670,2026-09-16T03:29:00+05:30,0x3678fa645f952d314bbf76becc1fe4807cdec610,0xb3b9454cdb2740445389df892df254b5a0ecc021,200766.68,POL,8532584,inbound,0,False
0x9cca5bb230f01cd6c4eaaf8bb71d3f18b178247d34f0e208970f57e979934633,0x9cca5bb230f01cd6c4eaaf8bb71d3f18b178247d34f0e208970f57e979934633,RAAZ-26-1052,POLYGON,76755670,2026-09-17T14:29:00+05:30,0x3f064449fe1209fb0e6ae97e8b19f5c5aabf5144,0xb3b9454cdb2740445389df892df254b5a0ecc021,47572.82,POL,2021845,victim_payment,0,False
0xbed3a5be7f5e74c1589bf45c16df9e71601674b1e1412a20735b4cb8628e9244,0xbed3a5be7f5e74c1589bf45c16df9e71601674b1e1412a20735b4cb8628e9244,RAAZ-26-1052,POLYGON,76779070,2026-09-18T03:29:00+05:30,0x3f064449fe1209fb0e6ae97e8b19f5c5aabf5144,0xb3b9454cdb2740445389df892df254b5a0ecc021,62427.46,POL,2653167,victim_payment,0,False
0xbc5664cc86146afc38ed6ed6df8be0369142a22ec226928754d1ba524f9dfed0,0xbc5664cc86146afc38ed6ed6df8be0369142a22ec226928754d1ba524f9dfed0,RAAZ-26-1052,POLYGON,76780870,2026-09-18T04:29:00+05:30,0xa15aa9e03a6d72fed914ab52176b1a21b9b90155,0xb3b9454cdb2740445389df892df254b5a0ecc021,235330.68,POL,10001554,inbound,0,False
0xa48186c6400684e9c5aba42832fb9b3b8dbaa7197e130db1f075331f697cc1a2,0xa48186c6400684e9c5aba42832fb9b3b8dbaa7197e130db1f075331f697cc1a2,RAAZ-26-1052,POLYGON,76786270,2026-09-18T07:29:00+05:30,0x89a240c8915189538b950a95f0366ca43ce10503,0xb3b9454cdb2740445389df892df254b5a0ecc021,57093.81,POL,2426487,inbound,0,False
0x6650787dedea360b7518a6bdabef69596e520939f54d3bcee6f293cbe45f69fd,0x6650787dedea360b7518a6bdabef69596e520939f54d3bcee6f293cbe45f69fd,RAAZ-26-1052,POLYGON,76849270,2026-09-19T18:29:00+05:30,0x46363956a74fb57d7ba608f4b659faa55cadaed5,0xb3b9454cdb2740445389df892df254b5a0ecc021,361485.33,POL,15363127,inbound,0,False
0x2b15287a2483d677111a90b52a10ef2944e2e5720b9f385699516bcb288ca169,0x2b15287a2483d677111a90b52a10ef2944e2e5720b9f385699516bcb288ca169,RAAZ-26-1052,POLYGON,76878070,2026-09-20T10:29:00+05:30,0x3f064449fe1209fb0e6ae97e8b19f5c5aabf5144,0xb3b9454cdb2740445389df892df254b5a0ecc021,226231.67,POL,9614846,victim_payment,0,False
0xfe0300dc383f06c74751ab097ac86aa713b4c977fc17ab89f5989ba0b5c852b0,0xfe0300dc383f06c74751ab097ac86aa713b4c977fc17ab89f5989ba0b5c852b0,RAAZ-26-1052,POLYGON,76880770,2026-09-20T11:59:00+05:30,0xb3b9454cdb2740445389df892df254b5a0ecc021,0xebcb693042172644bb393db9b877b96d064a8759,240753.88,POL,10232040,layering,1,False
0xcc584591542c35c738ebdd0e26bfb3814e99d934ae1b1e0b77123bb7f5c30c1d,0xcc584591542c35c738ebdd0e26bfb3814e99d934ae1b1e0b77123bb7f5c30c1d,RAAZ-26-1052,POLYGON,76881190,2026-09-20T12:13:00+05:30,0xb3b9454cdb2740445389df892df254b5a0ecc021,0x49e38b14cbc7fdd91fa7aa6cb9e9d40d13d494e1,170861.53,POL,7261615,layering,1,False
0x09999587d7c9eb1e000c92833d0977f9e79f4868039ae2a8522923fe1fa71807,0x09999587d7c9eb1e000c92833d0977f9e79f4868039ae2a8522923fe1fa71807,RAAZ-26-1052,POLYGON,76881250,2026-09-20T12:15:00+05:30,0xb3b9454cdb2740445389df892df254b5a0ecc021,0x7fc436209c41ded13c72f6893807f73df87e10b7,350916.49,POL,14913951,layering,1,False
0xaa2e67dce9d40e3cfe441ec208b5813876fb836066043c0b05260b3b304c1275,0xaa2e67dce9d40e3cfe441ec208b5813876fb836066043c0b05260b3b304c1275,RAAZ-26-1052,POLYGON,76881550,2026-09-20T12:25:00+05:30,0xb3b9454cdb2740445389df892df254b5a0ecc021,0x27184549e01f95fc327ef6f4b5c05edefd7f67b5,292196.24,POL,12418340,layering,1,False
0xa31ce6d56602da49e3b0b4a4b7690c3c5878400233021603405c965dacc46c76,0xa31ce6d56602da49e3b0b4a4b7690c3c5878400233021603405c965dacc46c76,RAAZ-26-1052,POLYGON,76881580,2026-09-20T12:26:00+05:30,0xb3b9454cdb2740445389df892df254b5a0ecc021,0x3fb052a2eab39dd648b10acd7b10b52296ce3b6e,280532.75,POL,11922642,layering,1,False
0xe3d74481e2e13d6768fd2f335be2eff09d67270a9347294d3a02b4432af418ba,0xe3d74481e2e13d6768fd2f335be2eff09d67270a9347294d3a02b4432af418ba,RAAZ-26-1052,POLYGON,76886800,2026-09-20T15:20:00+05:30,0x49e38b14cbc7fdd91fa7aa6cb9e9d40d13d494e1,0x6dae6c90e2218885d650de5c92e6ca39712a72b6,170861.53,POL,7261615,layering,2,False
0x6b14d299fb0b34e28fe34f573316f225f8d15c280d51bf348317d98235fd5693,0x6b14d299fb0b34e28fe34f573316f225f8d15c280d51bf348317d98235fd5693,RAAZ-26-1052,POLYGON,76887100,2026-09-20T15:30:00+05:30,0x7fc436209c41ded13c72f6893807f73df87e10b7,0xd8e117a6447c89d410b1d23d3a97725445d56d96,350916.49,POL,14913951,layering,2,False
0xb4f834547dd59975166859836416eeada6744a8213ddb2bc3634fdbe0104066e,0xb4f834547dd59975166859836416eeada6744a8213ddb2bc3634fdbe0104066e,RAAZ-26-1052,POLYGON,76892410,2026-09-20T18:27:00+05:30,0xebcb693042172644bb393db9b877b96d064a8759,0x9167eec35636397655b3813c1ca306feb1d7cadb,240753.88,POL,10232040,layering,2,False
0x22b072c4a66108567b738a35fadb0b61c34546ce0e57545fdf7d4704a79cd254,0x22b072c4a66108567b738a35fadb0b61c34546ce0e57545fdf7d4704a79cd254,RAAZ-26-1052,POLYGON,76897030,2026-09-20T21:01:00+05:30,0x9167eec35636397655b3813c1ca306feb1d7cadb,0x2fbb7074a72393be1dc25f4fb78fdf3603e310b7,240753.88,POL,10232040,layering,3,False
0x67c23dc73d2966a824e112174d67775d5e3bbc6594a1433e91a886e7a6bb462f,0x67c23dc73d2966a824e112174d67775d5e3bbc6594a1433e91a886e7a6bb462f,RAAZ-26-1052,POLYGON,76898740,2026-09-20T21:58:00+05:30,0x27184549e01f95fc327ef6f4b5c05edefd7f67b5,0xca18f47b7cab388bf2e49765ad098ed4a141a465,292196.24,POL,12418340,layering,2,False
0xa9daf1b50cd6d770c53d9aa861a822bc5a372f6c56ed6b80d438a2ba5bb17b56,0xa9daf1b50cd6d770c53d9aa861a822bc5a372f6c56ed6b80d438a2ba5bb17b56,RAAZ-26-1052,POLYGON,76899640,2026-09-20T22:28:00+05:30,0x3fb052a2eab39dd648b10acd7b10b52296ce3b6e,0x64bc3a428e3ceff0d58adbcb452dfc56f3dd3d18,280532.75,POL,11922642,layering,2,False
0x95339e65863c8c096aea044fbe962611c5654f3aa700ee84d10a14ca08cd93ec,0x95339e65863c8c096aea044fbe962611c5654f3aa700ee84d10a14ca08cd93ec,RAAZ-26-1052,POLYGON,76901680,2026-09-20T23:36:00+05:30,0x2fbb7074a72393be1dc25f4fb78fdf3603e310b7,0xbab8dd833c51be109dec113550040c629379df15,240753.88,POL,10232040,layering,4,False
0x9cbc3e4ebc323ac02b0e386e33b15f1d7cd36e200715f01d1574b3441bdacf67,0x9cbc3e4ebc323ac02b0e386e33b15f1d7cd36e200715f01d1574b3441bdacf67,RAAZ-26-1052,POLYGON,76903990,2026-09-21T00:53:00+05:30,0xd8e117a6447c89d410b1d23d3a97725445d56d96,0x20db6b3f6591f760c668b7e353f9206cb82cd8a6,350916.49,POL,14913951,exchange_deposit,3,False
0xe4a754a3f6f56cb39d6d0d471324cf85627b1924943bb8d568714f49a46a00c8,0xe4a754a3f6f56cb39d6d0d471324cf85627b1924943bb8d568714f49a46a00c8,RAAZ-26-1052,POLYGON,76905610,2026-09-21T01:47:00+05:30,0xbab8dd833c51be109dec113550040c629379df15,0x20db6b3f6591f760c668b7e353f9206cb82cd8a6,240753.88,POL,10232040,exchange_deposit,3,False
0x66411902e0769c5b010f5e41e4b9547ca5ee7cf238f80bad069e187c88af6627,0x66411902e0769c5b010f5e41e4b9547ca5ee7cf238f80bad069e187c88af6627,RAAZ-26-1052,POLYGON,76906780,2026-09-21T02:26:00+05:30,0x6dae6c90e2218885d650de5c92e6ca39712a72b6,0x73f34230ba9b0ff9d4bc32436fc5f32738523f56,170861.53,POL,7261615,layering,3,False
0xc439f660709ac05d3022d60239da4862ff33b3ac24044f6e50bbbb02496ffeb7,0xc439f660709ac05d3022d60239da4862ff33b3ac24044f6e50bbbb02496ffeb7,RAAZ-26-1052,POLYGON,76909390,2026-09-21T03:53:00+05:30,0x64bc3a428e3ceff0d58adbcb452dfc56f3dd3d18,0xad74ba228e84d466b4b29dabe9c6a4c90d1e3d04,280532.75,POL,11922642,layering,3,False
0xf7c38541aa3c0031924e06ffbc2f7499ab2fd18bd0064b936435008da3277f43,0xf7c38541aa3c0031924e06ffbc2f7499ab2fd18bd0064b936435008da3277f43,RAAZ-26-1052,POLYGON,76912210,2026-09-21T05:27:00+05:30,0xca18f47b7cab388bf2e49765ad098ed4a141a465,0x85350b4ecd6c493f3fa22dacaf1d74903e21422e,292196.24,POL,12418340,exchange_deposit,3,False
0x33ad9f4d60589a291b16a2e99f57b08c4ae8c4a2ecba3c3769056f241241b639,0x33ad9f4d60589a291b16a2e99f57b08c4ae8c4a2ecba3c3769056f241241b639,RAAZ-26-1052,POLYGON,76920730,2026-09-21T10:11:00+05:30,0xad74ba228e84d466b4b29dabe9c6a4c90d1e3d04,0x65d29c427b396cdecd63dcc2cbe2c11b86a0ee82,280532.75,POL,11922642,layering,4,False
0x203547e42d8aef9b38da52271bad654d3ca70de6f3bac1e19a7b17cfa8b5d49e,0x203547e42d8aef9b38da52271bad654d3ca70de6f3bac1e19a7b17cfa8b5d49e,RAAZ-26-1052,POLYGON,76923700,2026-09-21T11:50:00+05:30,0x73f34230ba9b0ff9d4bc32436fc5f32738523f56,0x39bb64f691daedf58b7c1a9acf94d1092f433eff,170861.53,POL,7261615,layering,4,False
0xba95010c80751642efc60f879b59178db76929b688ad089b6d966b4c5605ad5f,0xba95010c80751642efc60f879b59178db76929b688ad089b6d966b4c5605ad5f,RAAZ-26-1052,POLYGON,76936960,2026-09-21T19:12:00+05:30,0x39bb64f691daedf58b7c1a9acf94d1092f433eff,0x85350b4ecd6c493f3fa22dacaf1d74903e21422e,170861.53,POL,7261615,exchange_deposit,3,False
0xc2f518e869f34e55a7c10ba899db8bb9d116a823fe5ff3eb3f69a25661fb813e,0xc2f518e869f34e55a7c10ba899db8bb9d116a823fe5ff3eb3f69a25661fb813e,RAAZ-26-1052,POLYGON,76939090,2026-09-21T20:23:00+05:30,0x65d29c427b396cdecd63dcc2cbe2c11b86a0ee82,0x20db6b3f6591f760c668b7e353f9206cb82cd8a6,280532.75,POL,11922642,exchange_deposit,3,False
0x52cd8d7158509a1880944cbc8efd29a9e9e5e481b26a7cc28345e4251161c23c,0x52cd8d7158509a1880944cbc8efd29a9e9e5e481b26a7cc28345e4251161c23c,RAAZ-26-1052,POLYGON,76939570,2026-09-21T20:39:00+05:30,0x85350b4ecd6c493f3fa22dacaf1d74903e21422e,0xffcfe6b3e226d2fb91a9cb6a924b3a4587278f2e,463057.77,POL,19679955,exchange_sweep,4,False
0xc5f76d73a50b42bb1b134d674f96480bf16730231400634ef22882f86764c184,0xc5f76d73a50b42bb1b134d674f96480bf16730231400634ef22882f86764c184,RAAZ-26-1052,POLYGON,76939900,2026-09-21T20:50:00+05:30,0x20db6b3f6591f760c668b7e353f9206cb82cd8a6,0xf7772a98b71b2239c4dd63d373352f850339baea,872203.12,POL,37068633,exchange_sweep,4,False
e943f2dd19cf0d322d4d0c8097318ad91baf8aa03389bc2b9437dea07d625648,e943f2dd19cf0d322d4d0c8097318ad91baf8aa03389bc2b9437dea07d625648,RAAZ-26-1053,TRON,75300320,2026-08-16T19:36:00+05:30,T8vfU2S8ywbrjB4nhRLan5NveEymk1sUsT,TGaB4fLFtsgcowtApJyhVTagLaBPUKLohJ,67627.58,USDT,5978278,inbound,0,False
b7f9ce305d9cdcf38d18ba8399fced5936ca00aa69e1b036d8d5859b93247adb,b7f9ce305d9cdcf38d18ba8399fced5936ca00aa69e1b036d8d5859b93247adb,RAAZ-26-1053,TRON,75330320,2026-08-17T20:36:00+05:30,TNrW7H5r2KmpPSBAksuB3k6goPXx2FQUwS,TGaB4fLFtsgcowtApJyhVTagLaBPUKLohJ,18980.29,USDT,1677858,victim_payment,0,False
86a4cedf3a74a5880e8609f28275a4c10dff1d132c4a48d192f956ee39c60c78,86a4cedf3a74a5880e8609f28275a4c10dff1d132c4a48d192f956ee39c60c78,RAAZ-26-1053,TRON,75332720,2026-08-17T22:36:00+05:30,TZT42hMf55FgXECRC2ihbZjw4PqpoLqt5Z,TGaB4fLFtsgcowtApJyhVTagLaBPUKLohJ,35994.54,USDT,3181917,inbound,0,False
0dd5916fbc754340f148c771c41aa5109b6e426398b20a4f533c80d38559c996,0dd5916fbc754340f148c771c41aa5109b6e426398b20a4f533c80d38559c996,RAAZ-26-1053,TRON,75337520,2026-08-18T02:36:00+05:30,TfM6UWDPmjGmVjG1sFgJYHfULynaq9ZbfX,TGaB4fLFtsgcowtApJyhVTagLaBPUKLohJ,92283.06,USDT,8157823,inbound,0,False
c07e1342114ba96daa9fb768406c1eba7ce7b66de972b05dc0958803e0ea6423,c07e1342114ba96daa9fb768406c1eba7ce7b66de972b05dc0958803e0ea6423,RAAZ-26-1053,TRON,75438320,2026-08-21T14:36:00+05:30,TNrW7H5r2KmpPSBAksuB3k6goPXx2FQUwS,TGaB4fLFtsgcowtApJyhVTagLaBPUKLohJ,31074.11,USDT,2746951,victim_payment,0,False
2fc67e7be4195ff6617f7a402e895fd6cd7ff9bf3b966d8775bf243e1763e96b,2fc67e7be4195ff6617f7a402e895fd6cd7ff9bf3b966d8775bf243e1763e96b,RAAZ-26-1053,TRON,75456320,2026-08-22T05:36:00+05:30,TNrW7H5r2KmpPSBAksuB3k6goPXx2FQUwS,TGaB4fLFtsgcowtApJyhVTagLaBPUKLohJ,51987.45,USDT,4595691,victim_payment,0,False
3b551d3b47d9896242218958ae94c035f9acf7dc669ab4f5dea0bc3d2bf2ab7c,3b551d3b47d9896242218958ae94c035f9acf7dc669ab4f5dea0bc3d2bf2ab7c,RAAZ-26-1053,TRON,75456920,2026-08-22T06:06:00+05:30,TGaB4fLFtsgcowtApJyhVTagLaBPUKLohJ,TBjTg1C2U65NMm1Mz9dWM7E7tusHAdMQYT,59298.02,USDT,5241945,layering,1,False
449f862f747fc9767a7d93563e97de9f97302eb2dce654f2ef0ba13b2bf1bdcc,449f862f747fc9767a7d93563e97de9f97302eb2dce654f2ef0ba13b2bf1bdcc,RAAZ-26-1053,TRON,75456940,2026-08-22T06:07:00+05:30,TGaB4fLFtsgcowtApJyhVTagLaBPUKLohJ,TqVAmjjrzSU8uHq1hA3o484sMwir1D5vKF,74675.86,USDT,6601346,layering,1,False
b1a704a404004e48bc25739105d396e5aa16a76b5aadef6cebd40c15ef6698c5,b1a704a404004e48bc25739105d396e5aa16a76b5aadef6cebd40c15ef6698c5,RAAZ-26-1053,TRON,75456980,2026-08-22T06:09:00+05:30,TGaB4fLFtsgcowtApJyhVTagLaBPUKLohJ,TgjKMUwrZ7n5icYSYduBHmf5zp9UuHDzoZ,79208.85,USDT,7002062,layering,1,False
d9234a50dd1a0f6ef6a64dc4d6ec87f2aa2ac9f77adf9d9e6c4cf53606d49dfb,d9234a50dd1a0f6ef6a64dc4d6ec87f2aa2ac9f77adf9d9e6c4cf53606d49dfb,RAAZ-26-1053,TRON,75457140,2026-08-22T06:17:00+05:30,TgjKMUwrZ7n5icYSYduBHmf5zp9UuHDzoZ,TWjykQAT2VvQckje1t9ghq7PuCg5rhuUBc,79208.85,USDT,7002062,layering,2,False
acc2aa60a11c6e27db7b3b320b5dc891b218c0bd8b63b56be354b8c7de30b808,acc2aa60a11c6e27db7b3b320b5dc891b218c0bd8b63b56be354b8c7de30b808,RAAZ-26-1053,TRON,75457240,2026-08-22T06:22:00+05:30,TWjykQAT2VvQckje1t9ghq7PuCg5rhuUBc,T942JTcgut6eLpXugewVgxDMzgLDNMn8sV,79208.85,USDT,7002062,layering,3,False
8a0057096e2e32ab8bd08f8f36d8fa34c27f6c545877ad621892f317fbc97a92,8a0057096e2e32ab8bd08f8f36d8fa34c27f6c545877ad621892f317fbc97a92,RAAZ-26-1053,TRON,75457300,2026-08-22T06:25:00+05:30,TqVAmjjrzSU8uHq1hA3o484sMwir1D5vKF,T3QmFHAKS5y6LStj8KjEiTqiHbRvMukB5H,74675.86,USDT,6601346,layering,2,False
612502dd547a258423cd035b80da42bcf1a6b16b7e22c49771a9beff9950a8a4,612502dd547a258423cd035b80da42bcf1a6b16b7e22c49771a9beff9950a8a4,RAAZ-26-1053,TRON,75457320,2026-08-22T06:26:00+05:30,TBjTg1C2U65NMm1Mz9dWM7E7tusHAdMQYT,Tkny5nzcMb5EcUQ9XpjjJXEyxWBU4TnjJR,59298.02,USDT,5241945,layering,2,False
5eeddb1957c597681c2c0b02a1afc46865f7704b609b303cf0d6211de20f9104,5eeddb1957c597681c2c0b02a1afc46865f7704b609b303cf0d6211de20f9104,RAAZ-26-1053,TRON,75457340,2026-08-22T06:27:00+05:30,TGaB4fLFtsgcowtApJyhVTagLaBPUKLohJ,T4nUrXvG7o1SsHHyuVxsfwdwMYxcNhzxJo,73688.19,USDT,6514036,layering,1,False
77244829136a7db5cc84b3d11e20e230c5180fa9ae3f017d2560b13eb669bd64,77244829136a7db5cc84b3d11e20e230c5180fa9ae3f017d2560b13eb669bd64,RAAZ-26-1053,TRON,75457560,2026-08-22T06:38:00+05:30,T942JTcgut6eLpXugewVgxDMzgLDNMn8sV,T5HsGrX1gdp8SpdCsyyuZRX5hWaxTtjCyy,79208.85,USDT,7002062,layering,4,False
bd09e58f7a70152d65b8df4d746397c9506f111a7e10b54604f0a85b0ac79cf9,bd09e58f7a70152d65b8df4d746397c9506f111a7e10b54604f0a85b0ac79cf9,RAAZ-26-1053,TRON,75457600,2026-08-22T06:40:00+05:30,T4nUrXvG7o1SsHHyuVxsfwdwMYxcNhzxJo,Tp6sda2i7ikx9eZxs2ADkHiHMh6pPFPUFz,73688.19,USDT,6514036,layering,2,False
94e1c9f9643bda056da891063ef8ab14025fb6abc39b1b7d5a94c107d0652300,94e1c9f9643bda056da891063ef8ab14025fb6abc39b1b7d5a94c107d0652300,RAAZ-26-1053,TRON,75457660,2026-08-22T06:43:00+05:30,Tkny5nzcMb5EcUQ9XpjjJXEyxWBU4TnjJR,TuiRVjFE2UAyH5DWf4UpCTFLosN7Bqhffq,59298.02,USDT,5241945,layering,3,False
1ac80ee480515f873ec3f342fa926ad2f5e20586347e6f60f27fc495972e80f6,1ac80ee480515f873ec3f342fa926ad2f5e20586347e6f60f27fc495972e80f6,RAAZ-26-1053,TRON,75457680,2026-08-22T06:44:00+05:30,T3QmFHAKS5y6LStj8KjEiTqiHbRvMukB5H,TMvCR3e3zkXewkLinRwJikdh3DpTbtWUcw,74675.86,USDT,6601346,layering,3,False
abe091a04de30e439e909d691b576e612d7716d9b6ead9955cdb290d80949138,abe091a04de30e439e909d691b576e612d7716d9b6ead9955cdb290d80949138,RAAZ-26-1053,TRON,75457740,2026-08-22T06:47:00+05:30,T5HsGrX1gdp8SpdCsyyuZRX5hWaxTtjCyy,T4CSQaX4csN6MfjCduKP8vUNLxV4piSL3s,79208.85,USDT,7002062,consolidation,3,False
b9754f891ed2dff49869b1848c19e87674b12425aeda598130d94c016c568427,b9754f891ed2dff49869b1848c19e87674b12425aeda598130d94c016c568427,RAAZ-26-1053,TRON,75457820,2026-08-22T06:51:00+05:30,TuiRVjFE2UAyH5DWf4UpCTFLosN7Bqhffq,TZcBs89MgAhLeAPzf6fegh3VUCX94ZNSEm,59298.02,USDT,5241945,layering,4,False
700ab0d7ac50612b66676adf401933da7e05a4e9bfe4df92299d31590702f3d7,700ab0d7ac50612b66676adf401933da7e05a4e9bfe4df92299d31590702f3d7,RAAZ-26-1053,TRON,75457920,2026-08-22T06:56:00+05:30,TZcBs89MgAhLeAPzf6fegh3VUCX94ZNSEm,T4CSQaX4csN6MfjCduKP8vUNLxV4piSL3s,59298.02,USDT,5241945,consolidation,3,False
ef90272166ec9c566719cf0665e16dfce609e18414552b80f6ecbb6f5a9c84f0,ef90272166ec9c566719cf0665e16dfce609e18414552b80f6ecbb6f5a9c84f0,RAAZ-26-1053,TRON,75457980,2026-08-22T06:59:00+05:30,TMvCR3e3zkXewkLinRwJikdh3DpTbtWUcw,TtsSauvUAWB76dQ8eGNp1mXTNq74NqDNgd,74675.86,USDT,6601346,layering,4,False
e32899dd2bb6eecd45210ef4649ce805e20243094fac32184725c47092cf37de,e32899dd2bb6eecd45210ef4649ce805e20243094fac32184725c47092cf37de,RAAZ-26-1053,TRON,75458040,2026-08-22T07:02:00+05:30,Tp6sda2i7ikx9eZxs2ADkHiHMh6pPFPUFz,T4CSQaX4csN6MfjCduKP8vUNLxV4piSL3s,73688.19,USDT,6514036,consolidation,3,False
6d1b31c65bf132fb706abc4b4527366d753b0e2902b1e6820b22ab77fd428f5a,6d1b31c65bf132fb706abc4b4527366d753b0e2902b1e6820b22ab77fd428f5a,RAAZ-26-1053,TRON,75458160,2026-08-22T07:08:00+05:30,TtsSauvUAWB76dQ8eGNp1mXTNq74NqDNgd,T4CSQaX4csN6MfjCduKP8vUNLxV4piSL3s,74675.86,USDT,6601346,consolidation,3,False
d34d8bd062d19124ca82f75f6ba6ac6ad634c61cbf29ef89b2ae8b4a571ea714,d34d8bd062d19124ca82f75f6ba6ac6ad634c61cbf29ef89b2ae8b4a571ea714,RAAZ-26-1053,TRON,75458340,2026-08-22T07:17:00+05:30,T4CSQaX4csN6MfjCduKP8vUNLxV4piSL3s,TGn1BAmYtW1wwaKhV6TCa4mSxzu8p6z7Vq,207832.98,USDT,18372435,exchange_deposit,4,False
5d6f9d3b25b88fda9ebbaefc44342848b6273f56eb7a68bcdfdb162114d3a3a2,5d6f9d3b25b88fda9ebbaefc44342848b6273f56eb7a68bcdfdb162114d3a3a2,RAAZ-26-1053,TRON,75458760,2026-08-22T07:38:00+05:30,T4CSQaX4csN6MfjCduKP8vUNLxV4piSL3s,T15DQAvbzs1fj2f4P3oeSsVAjYcQ88aygr,75477.59,USDT,6672219,exchange_deposit,4,False
1b0d115617250cb1ae193dc054f173ce0da5f41765cb9402f0bf60792d53a7bd,1b0d115617250cb1ae193dc054f173ce0da5f41765cb9402f0bf60792d53a7bd,RAAZ-26-1053,TRON,75459700,2026-08-22T08:25:00+05:30,T15DQAvbzs1fj2f4P3oeSsVAjYcQ88aygr,T1JEhfZPb6BjsvBWjbFMexruEEX7Qej1cK,75477.59,USDT,6672219,exchange_sweep,5,False
a225183e79aa7748f01db08982767bf4264370b9e4d4ad327b1c4dbbc3cea046,a225183e79aa7748f01db08982767bf4264370b9e4d4ad327b1c4dbbc3cea046,RAAZ-26-1053,TRON,75459720,2026-08-22T08:26:00+05:30,TGn1BAmYtW1wwaKhV6TCa4mSxzu8p6z7Vq,TtKex3NiVV1CfGkZX7JmPwy7XCxBmMksUs,207832.98,USDT,18372435,exchange_sweep,5,False
329412f9d8773dc919416222b7f4622f23717f27d9aca75848b363685d0d5aba,329412f9d8773dc919416222b7f4622f23717f27d9aca75848b363685d0d5aba,RAAZ-26-1054,TRON,76152340,2026-09-15T09:37:00+05:30,TwG1rxeHoE3SeJAExn9BEsqdqiYs2Wd59U,TqDi6hv7LX7Sqhsn4kvtg4gF4buzHyu9Sk,1023.9,USDT,90513,inbound,0,False
5008a9ac8e394d3b339fa1599047c67fc50a03cdf78170b515f84325b3e739d1,5008a9ac8e394d3b339fa1599047c67fc50a03cdf78170b515f84325b3e739d1,RAAZ-26-1054,TRON,76161940,2026-09-15T17:37:00+05:30,TYCn191vjRPTM1oGGhojdQm8s3AmSMTvmo,TqDi6hv7LX7Sqhsn4kvtg4gF4buzHyu9Sk,64.34,USDT,5688,victim_payment,0,False
fc3106ed30ff49d79637a5120dd59da582c8e7e4c9312d373b43ae0c3be32f58,fc3106ed30ff49d79637a5120dd59da582c8e7e4c9312d373b43ae0c3be32f58,RAAZ-26-1054,TRON,76200340,2026-09-17T01:37:00+05:30,TYCn191vjRPTM1oGGhojdQm8s3AmSMTvmo,TqDi6hv7LX7Sqhsn4kvtg4gF4buzHyu9Sk,129.99,USDT,11491,victim_payment,0,False
69d65b65ee0cf2ce7629923ad35607928b670dd304a9ae1ad25f6b22826afbbc,69d65b65ee0cf2ce7629923ad35607928b670dd304a9ae1ad25f6b22826afbbc,RAAZ-26-1054,TRON,76205140,2026-09-17T05:37:00+05:30,TYCn191vjRPTM1oGGhojdQm8s3AmSMTvmo,TqDi6hv7LX7Sqhsn4kvtg4gF4buzHyu9Sk,208.34,USDT,18417,victim_payment,0,False
fa17f20597afdae13e1a188eecdfd64b179885b87161eb23bec34db95797d47e,fa17f20597afdae13e1a188eecdfd64b179885b87161eb23bec34db95797d47e,RAAZ-26-1054,TRON,76213540,2026-09-17T12:37:00+05:30,TfNusnGPs6KwE8B2LnKTY6JpmEsGtvWCv9,TqDi6hv7LX7Sqhsn4kvtg4gF4buzHyu9Sk,268.02,USDT,23693,inbound,0,False
4d46297417928bff0cb0ff9ae5901d90af5672d5e1d3784171e68300910ed96f,4d46297417928bff0cb0ff9ae5901d90af5672d5e1d3784171e68300910ed96f,RAAZ-26-1054,TRON,76219540,2026-09-17T17:37:00+05:30,T5qBkmet3KXk7eEuGwjBJqDKTNsNN3VHDG,TqDi6hv7LX7Sqhsn4kvtg4gF4buzHyu9Sk,690.1,USDT,61005,inbound,0,False
7cb20ad06e952f91b237cf1fd2bafbd40ea91b8be3ef24a6d38058d08bf65b2c,7cb20ad06e952f91b237cf1fd2bafbd40ea91b8be3ef24a6d38058d08bf65b2c,RAAZ-26-1054,TRON,76297540,2026-09-20T10:37:00+05:30,TYCn191vjRPTM1oGGhojdQm8s3AmSMTvmo,TqDi6hv7LX7Sqhsn4kvtg4gF4buzHyu9Sk,223.51,USDT,19758,victim_payment,0,False
ddbcfbb4d593a2fb9dbc751ee747540b96650bce7b5ea80f05821b4cb46c51ce,ddbcfbb4d593a2fb9dbc751ee747540b96650bce7b5ea80f05821b4cb46c51ce,RAAZ-26-1054,TRON,76302340,2026-09-20T14:37:00+05:30,TYCn191vjRPTM1oGGhojdQm8s3AmSMTvmo,TqDi6hv7LX7Sqhsn4kvtg4gF4buzHyu9Sk,283.39,USDT,25052,victim_payment,0,False
808e77bcb85ee4b29ef4166dfdc326748768506eb383c6485772c70770c13f0e,808e77bcb85ee4b29ef4166dfdc326748768506eb383c6485772c70770c13f0e,RAAZ-26-1054,TRON,76316740,2026-09-21T02:37:00+05:30,TYCn191vjRPTM1oGGhojdQm8s3AmSMTvmo,TqDi6hv7LX7Sqhsn4kvtg4gF4buzHyu9Sk,296.31,USDT,26194,victim_payment,0,False
32413cae4ac6a9645a293a4e59a375704dcdf3e039546133c41d00c60a0d571f,32413cae4ac6a9645a293a4e59a375704dcdf3e039546133c41d00c60a0d571f,RAAZ-26-1054,TRON,76321460,2026-09-21T06:33:00+05:30,TqDi6hv7LX7Sqhsn4kvtg4gF4buzHyu9Sk,TQzrdXkt7drEreUXfQvb2GGBwJEQDrV2iL,517.93,USDT,45785,layering,1,False
25945ff4e4432bbecad7caab48b19cc828b93ae994283f5a5d218064da3bd6da,25945ff4e4432bbecad7caab48b19cc828b93ae994283f5a5d218064da3bd6da,RAAZ-26-1054,TRON,76321480,2026-09-21T06:34:00+05:30,TqDi6hv7LX7Sqhsn4kvtg4gF4buzHyu9Sk,TBSUkMmHi6gUDTozPzwqhttWNnebgAQo6E,1195.19,USDT,105655,layering,1,False
ff046a3e59688b59e045217274ff264e8acc7fe3c0877d49b8fa7bbe47158129,ff046a3e59688b59e045217274ff264e8acc7fe3c0877d49b8fa7bbe47158129,RAAZ-26-1054,TRON,76321800,2026-09-21T06:50:00+05:30,TqDi6hv7LX7Sqhsn4kvtg4gF4buzHyu9Sk,TZabo16aiWUegFiPH975GsVKKcGrewLpRy,1386.96,USDT,122607,layering,1,False
f9434ad1a05401841209dc93ce18b6c078ebbda58b4e9828acd2005278c4bd58,f9434ad1a05401841209dc93ce18b6c078ebbda58b4e9828acd2005278c4bd58,RAAZ-26-1054,TRON,76324880,2026-09-21T09:24:00+05:30,TBSUkMmHi6gUDTozPzwqhttWNnebgAQo6E,TjxF6WccSukecPMjnj97jk5rLUmotrPjEX,1195.19,USDT,105655,layering,2,False
8346341d4e23005e38e55f1ed0fb6cf671a1f14331d3f99e23cc3f2f52a5db93,8346341d4e23005e38e55f1ed0fb6cf671a1f14331d3f99e23cc3f2f52a5db93,RAAZ-26-1054,TRON,76330480,2026-09-21T14:04:00+05:30,TZabo16aiWUegFiPH975GsVKKcGrewLpRy,TFShwoH9WAcv4pFXFBNQSJcBo9KoDqQufX,1386.96,USDT,122607,layering,2,False
2207a6fb2818111654ae32f434a65f989baf5cfa47ece3dcbe8d1794435f209e,2207a6fb2818111654ae32f434a65f989baf5cfa47ece3dcbe8d1794435f209e,RAAZ-26-1054,TRON,76334280,2026-09-21T17:14:00+05:30,TjxF6WccSukecPMjnj97jk5rLUmotrPjEX,TaXJKCK9ovAdBPusifBMZffqGgWqouRt8m,1195.19,USDT,105655,consolidation,3,False
2346c7ac8d5eca863fc5eaa25e05fa9d947317ba00e471f31cc0f21817493097,2346c7ac8d5eca863fc5eaa25e05fa9d947317ba00e471f31cc0f21817493097,RAAZ-26-1054,TRON,76334880,2026-09-21T17:44:00+05:30,TQzrdXkt7drEreUXfQvb2GGBwJEQDrV2iL,TdZsi2m2RKAP2rkPTDJzCnorAKYmEHRZ4h,517.93,USDT,45785,layering,2,False
8670a0b8e233ce2f4835f8bf5bf03647af5583170a79f78c8148a1f2437aab3b,8670a0b8e233ce2f4835f8bf5bf03647af5583170a79f78c8148a1f2437aab3b,RAAZ-26-1054,TRON,76336380,2026-09-21T18:59:00+05:30,TdZsi2m2RKAP2rkPTDJzCnorAKYmEHRZ4h,TaXJKCK9ovAdBPusifBMZffqGgWqouRt8m,517.93,USDT,45785,consolidation,3,False
bc9b8af74443a16bcc5bb206437c10f7f6efa0b3f3121c986410af39f0abbe66,bc9b8af74443a16bcc5bb206437c10f7f6efa0b3f3121c986410af39f0abbe66,RAAZ-26-1054,TRON,76344320,2026-09-22T01:36:00+05:30,TFShwoH9WAcv4pFXFBNQSJcBo9KoDqQufX,TUWzsUpQ9q6EpkHwLL3nq3YL4kDqrq53an,1386.96,USDT,122607,layering,3,False
d135b028b7b1a5184f0b8684006b9254fc014bca14dc420b56545fff5e5a903c,d135b028b7b1a5184f0b8684006b9254fc014bca14dc420b56545fff5e5a903c,RAAZ-26-1054,TRON,76355840,2026-09-22T11:12:00+05:30,TUWzsUpQ9q6EpkHwLL3nq3YL4kDqrq53an,TiUCoELmHiECdzJkLPwU12tJ6mrMZtPM7Z,1386.96,USDT,122607,layering,4,False
ae07e282d00d8bffed2fe791dacf31a9e537ea6fce173605ca67661b4bf7f58d,ae07e282d00d8bffed2fe791dacf31a9e537ea6fce173605ca67661b4bf7f58d,RAAZ-26-1054,TRON,76366280,2026-09-22T19:54:00+05:30,TiUCoELmHiECdzJkLPwU12tJ6mrMZtPM7Z,TaXJKCK9ovAdBPusifBMZffqGgWqouRt8m,1386.96,USDT,122607,consolidation,3,False
f9c6436c561672629629454a8ef02cc7613eaba3a370ef718f0a8e2687f41864,f9c6436c561672629629454a8ef02cc7613eaba3a370ef718f0a8e2687f41864,RAAZ-26-1054,TRON,76369180,2026-09-22T22:19:00+05:30,TaXJKCK9ovAdBPusifBMZffqGgWqouRt8m,TjLo1SzLm7B7dqwN73ahRtUzpoUafabFsF,3074.12,USDT,271752,exchange_deposit,4,False
2acf032b926d0aee75548f87bec2bba1f8475e05e1f3787ec4267055058859e9,2acf032b926d0aee75548f87bec2bba1f8475e05e1f3787ec4267055058859e9,RAAZ-26-1054,TRON,76369980,2026-09-22T22:59:00+05:30,TjLo1SzLm7B7dqwN73ahRtUzpoUafabFsF,TkD1MyZ1Xu6osNY8CMWZivxC3az7sJt6BP,3074.12,USDT,271752,exchange_sweep,5,False
a9a8e0f07d4d8d73ce65ed192bc4686e54e2fc03505a3925968094b1808d6fae,a9a8e0f07d4d8d73ce65ed192bc4686e54e2fc03505a3925968094b1808d6fae,RAAZ-26-1055,TRON,76236900,2026-09-18T08:05:00+05:30,TZFXXsHNT2dp6jduzHUBEiTibPKBjADAgg,TuP1uQtAXNyv3XEjEVqeTpZMMTb3pxpi1T,2176.37,USDT,192391,victim_payment,0,False
f15d9378f7588785bf051e351abd711a64dc4003d33f42cc301d6e2dd9f63bc9,f15d9378f7588785bf051e351abd711a64dc4003d33f42cc301d6e2dd9f63bc9,RAAZ-26-1055,TRON,76283700,2026-09-19T23:05:00+05:30,TKfATtoMPnpy3LFP1ToE8QLbQzmFB2zDCA,TuP1uQtAXNyv3XEjEVqeTpZMMTb3pxpi1T,4142.99,USDT,366240,inbound,0,False
80123b0a8f4b8e7c9cd64496de4a83ad6667c860879bc3462c6731b6189e3926,80123b0a8f4b8e7c9cd64496de4a83ad6667c860879bc3462c6731b6189e3926,RAAZ-26-1055,TRON,76341300,2026-09-21T23:05:00+05:30,TZFXXsHNT2dp6jduzHUBEiTibPKBjADAgg,TuP1uQtAXNyv3XEjEVqeTpZMMTb3pxpi1T,17420.91,USDT,1540008,victim_payment,0,False
f94d13196b844fcdc3686118d4a7d518f08a981318459d0ee1bb0c9ce4f06f6b,f94d13196b844fcdc3686118d4a7d518f08a981318459d0ee1bb0c9ce4f06f6b,RAAZ-26-1055,TRON,76342040,2026-09-21T23:42:00+05:30,TuP1uQtAXNyv3XEjEVqeTpZMMTb3pxpi1T,T8THEAGsUN8KoWuY29Gt5VpCK5RFyo4HDb,4821.99,USDT,426264,layering,1,False
ee09bf6515ac885982a2a0945cb2fa169a759544d033682e2dad11eaca62fb04,ee09bf6515ac885982a2a0945cb2fa169a759544d033682e2dad11eaca62fb04,RAAZ-26-1055,TRON,76342240,2026-09-21T23:52:00+05:30,TuP1uQtAXNyv3XEjEVqeTpZMMTb3pxpi1T,Txv29kFsNtcod2sfm4YUWUjdXAq8PrK3Bo,5957.55,USDT,526647,layering,1,False
9aa7bae7176f27d5a3eaa252d86219906c2ba731cafba879b66f19e7b33bf195,9aa7bae7176f27d5a3eaa252d86219906c2ba731cafba879b66f19e7b33bf195,RAAZ-26-1055,TRON,76342400,2026-09-22T00:00:00+05:30,T8THEAGsUN8KoWuY29Gt5VpCK5RFyo4HDb,T6fyxbYBd5kHWPjWsfEB5x99WsUEe6uYiy,4821.99,USDT,426264,layering,2,False
79e692a51aa6e25225653f176fbd0774acda3e495706ac04c5886751e735fc9a,79e692a51aa6e25225653f176fbd0774acda3e495706ac04c5886751e735fc9a,RAAZ-26-1055,TRON,76342440,2026-09-22T00:02:00+05:30,T6fyxbYBd5kHWPjWsfEB5x99WsUEe6uYiy,TB12i3ew4C5ZffoqzZKQEnAuBaN3C4ouMv,4821.99,USDT,426264,layering,3,False
d2a326fb6b1b3513fcc2434cc840284ebde73071f02386d6bd9cee812edaf56f,d2a326fb6b1b3513fcc2434cc840284ebde73071f02386d6bd9cee812edaf56f,RAAZ-26-1055,TRON,76342560,2026-09-22T00:08:00+05:30,TuP1uQtAXNyv3XEjEVqeTpZMMTb3pxpi1T,TbHiLKuH6YcQ5yDxwYo9ofvxG2zFRu2URS,3502.03,USDT,309579,layering,1,False
6eabebe1cd0e00dd65444379c514a94c0ab949b9b2c99289f55e3533633f5ad0,6eabebe1cd0e00dd65444379c514a94c0ab949b9b2c99289f55e3533633f5ad0,RAAZ-26-1055,TRON,76342600,2026-09-22T00:10:00+05:30,TuP1uQtAXNyv3XEjEVqeTpZMMTb3pxpi1T,TU661U1oNP5YgtXdfjfdV15AuxR3iS23vG,5142.82,USDT,454625,layering,1,False
f836c0ed1644be089ab468c98ac28e3c8f5c315c95023649d115ca3c1ff7d0fa,f836c0ed1644be089ab468c98ac28e3c8f5c315c95023649d115ca3c1ff7d0fa,RAAZ-26-1055,TRON,76342740,2026-09-22T00:17:00+05:30,TuP1uQtAXNyv3XEjEVqeTpZMMTb3pxpi1T,TMyV4t1RCfd5g6wZSvk9urVyjUi1MV6tsU,4220.63,USDT,373104,layering,1,False
2eaa4cc5172eb0d15faa336319c48a5fb5cc5cf277af230c383a40ceae2975da,2eaa4cc5172eb0d15faa336319c48a5fb5cc5cf277af230c383a40ceae2975da,RAAZ-26-1055,TRON,76342740,2026-09-22T00:17:00+05:30,Txv29kFsNtcod2sfm4YUWUjdXAq8PrK3Bo,TznLsNTZhvYFLoAQp8duYQj9ktuF98uQGX,5957.55,USDT,526647,layering,2,False
e5844ca566d85e9cc3f1f3b38e281a434601df63f962025301964f27724b528b,e5844ca566d85e9cc3f1f3b38e281a434601df63f962025301964f27724b528b,RAAZ-26-1055,TRON,76342900,2026-09-22T00:25:00+05:30,TB12i3ew4C5ZffoqzZKQEnAuBaN3C4ouMv,TL57SG99y3YCjqnNqbcXDF9WY2zcwWDDUj,4821.99,USDT,426264,layering,4,False
12412852c7511c46a4d4a532871f3496822597debdac03f5ae4ab6e53e67c8c9,12412852c7511c46a4d4a532871f3496822597debdac03f5ae4ab6e53e67c8c9,RAAZ-26-1055,TRON,76343020,2026-09-22T00:31:00+05:30,TbHiLKuH6YcQ5yDxwYo9ofvxG2zFRu2URS,TForcUL5x2QYjNKqnySCQJn8AJ1j3Yhy1R,3502.03,USDT,309579,layering,2,False
f07a0d1eff3dd5cba425a4dd5d2f9f064381e41d5b28ff8eb9f3cb67298ad0b0,f07a0d1eff3dd5cba425a4dd5d2f9f064381e41d5b28ff8eb9f3cb67298ad0b0,RAAZ-26-1055,TRON,76343080,2026-09-22T00:34:00+05:30,TznLsNTZhvYFLoAQp8duYQj9ktuF98uQGX,TaXJKCK9ovAdBPusifBMZffqGgWqouRt8m,5957.55,USDT,526647,consolidation,3,False
bb1daaf402e44cda65afd1941086ad7f743432adea446c9ff44a1bb3e88bab8e,bb1daaf402e44cda65afd1941086ad7f743432adea446c9ff44a1bb3e88bab8e,RAAZ-26-1055,TRON,76343140,2026-09-22T00:37:00+05:30,TU661U1oNP5YgtXdfjfdV15AuxR3iS23vG,TeHQ1W2rnvPjxCQgRcu5sJfwQeLMvmwUeJ,5142.82,USDT,454625,layering,2,False
270a3b3ecd6728ea97710347e2adc3a9f0ad4a622fa048a5eb3c9424a2b6ef79,270a3b3ecd6728ea97710347e2adc3a9f0ad4a622fa048a5eb3c9424a2b6ef79,RAAZ-26-1055,TRON,76343180,2026-09-22T00:39:00+05:30,TL57SG99y3YCjqnNqbcXDF9WY2zcwWDDUj,TaXJKCK9ovAdBPusifBMZffqGgWqouRt8m,4821.99,USDT,426264,consolidation,3,False
0389e9bed5e798f630dbb7a49be0da828bb837bb5edb11db2801614114d1cda1,0389e9bed5e798f630dbb7a49be0da828bb837bb5edb11db2801614114d1cda1,RAAZ-26-1055,TRON,76343260,2026-09-22T00:43:00+05:30,TMyV4t1RCfd5g6wZSvk9urVyjUi1MV6tsU,TxryzQjaobT8W8MA23te7oo4VhXdhKBYYR,4220.63,USDT,373104,layering,2,False
27a24f8654b870f50822afc079ca0b685a60e5c2d2a0f3f0cbc1d477d4d45f00,27a24f8654b870f50822afc079ca0b685a60e5c2d2a0f3f0cbc1d477d4d45f00,RAAZ-26-1055,TRON,76343260,2026-09-22T00:43:00+05:30,TeHQ1W2rnvPjxCQgRcu5sJfwQeLMvmwUeJ,TvK9nh5TFWjaGwhHyD8Aro1nq3bx2CHETb,5142.82,USDT,454625,layering,3,False
0844b195e157fe1f364ec1ae6e89611ed737728dbe5b65bddf1a7aea48dcdef7,0844b195e157fe1f364ec1ae6e89611ed737728dbe5b65bddf1a7aea48dcdef7,RAAZ-26-1055,TRON,76343340,2026-09-22T00:47:00+05:30,TvK9nh5TFWjaGwhHyD8Aro1nq3bx2CHETb,TaXJKCK9ovAdBPusifBMZffqGgWqouRt8m,5142.82,USDT,454625,consolidation,3,False
bfb14691f8401a89268df7492dff83a4f7c65bd1286821355e5ae798cd77298e,bfb14691f8401a89268df7492dff83a4f7c65bd1286821355e5ae798cd77298e,RAAZ-26-1055,TRON,76343380,2026-09-22T00:49:00+05:30,TxryzQjaobT8W8MA23te7oo4VhXdhKBYYR,TaXJKCK9ovAdBPusifBMZffqGgWqouRt8m,4220.63,USDT,373104,consolidation,3,False
267868da9b2fdb71cbc86ffbc7da8cf08cc2abf74ee02f14e9b8cd0c10f9aecc,267868da9b2fdb71cbc86ffbc7da8cf08cc2abf74ee02f14e9b8cd0c10f9aecc,RAAZ-26-1055,TRON,76343580,2026-09-22T00:59:00+05:30,TForcUL5x2QYjNKqnySCQJn8AJ1j3Yhy1R,TygSEX1zysdv7nghChQGeUyUcAc3Pyugke,3502.03,USDT,309579,layering,3,False
5ad7234ffc714cda64a3f36a0cb5e6af761be15572dea3d9abde2bba2a6d2dc9,5ad7234ffc714cda64a3f36a0cb5e6af761be15572dea3d9abde2bba2a6d2dc9,RAAZ-26-1055,TRON,76343760,2026-09-22T01:08:00+05:30,TygSEX1zysdv7nghChQGeUyUcAc3Pyugke,TaXJKCK9ovAdBPusifBMZffqGgWqouRt8m,3502.03,USDT,309579,consolidation,3,False
80245027cb113ff77b568011b30e21efcf3aceb5d385d327639394524789b7fd,80245027cb113ff77b568011b30e21efcf3aceb5d385d327639394524789b7fd,RAAZ-26-1055,TRON,76344320,2026-09-22T01:36:00+05:30,TaXJKCK9ovAdBPusifBMZffqGgWqouRt8m,TgHNXQ62eAzN3UGwkKAzLwx6LWgbMFBEEF,23516.32,USDT,2078843,exchange_deposit,4,False
62ae4f3097ec2d6cf91e242030521c49ba657d77138dae3cab4c62864e1b07a3,62ae4f3097ec2d6cf91e242030521c49ba657d77138dae3cab4c62864e1b07a3,RAAZ-26-1055,TRON,76345300,2026-09-22T02:25:00+05:30,TgHNXQ62eAzN3UGwkKAzLwx6LWgbMFBEEF,TGiV3ong85344rhbLEkQU4MUtfQCiNEPXo,23516.32,USDT,2078843,exchange_sweep,5,False
0xb768e808c9392a5f5acfb7a5d6c7b71b2889f3a92d3d7a5f8ecc8dce3cdef844,0xb768e808c9392a5f5acfb7a5d6c7b71b2889f3a92d3d7a5f8ecc8dce3cdef844,RAAZ-26-1056,POLYGON,74983600,2026-08-07T14:00:00+05:30,0xdea7c5523f43f1f5419b9abc1898962da2e4b885,0xcf9436c9c654995b72405c860df44ad6cb4cb1ce,1346.73,POL,57236,inbound,0,False
0x23b093588f3dd8e5311629691abedb83b26112bd9c7847e6386ac54291bfa879,0x23b093588f3dd8e5311629691abedb83b26112bd9c7847e6386ac54291bfa879,RAAZ-26-1056,POLYGON,74994400,2026-08-07T20:00:00+05:30,0x8bb58c7a6b330352b5057998cf750308800c5c67,0xcf9436c9c654995b72405c860df44ad6cb4cb1ce,1102.06,POL,46838,victim_payment,0,False
0x2e70adbde396d3a99e0d192b4d1cd68ba0504f2bc7109b5e66b557b7b1b807f1,0x2e70adbde396d3a99e0d192b4d1cd68ba0504f2bc7109b5e66b557b7b1b807f1,RAAZ-26-1056,POLYGON,75016000,2026-08-08T08:00:00+05:30,0x35c78804e4b1271d4700414d8ecfc0bc8f4b24aa,0xcf9436c9c654995b72405c860df44ad6cb4cb1ce,2974.05,POL,126397,inbound,0,False
0x8712c873ca01e2259701dd2a1dc50cb3e6030533de2c3e0020ac5a90712a9742,0x8712c873ca01e2259701dd2a1dc50cb3e6030533de2c3e0020ac5a90712a9742,RAAZ-26-1056,POLYGON,75115000,2026-08-10T15:00:00+05:30,0x8bb58c7a6b330352b5057998cf750308800c5c67,0xcf9436c9c654995b72405c860df44ad6cb4cb1ce,1414.27,POL,60106,victim_payment,0,False
0xfd8d3840d63b1f1ce6e602bc634614d6cc4c53eed51e1624431f9b6176477127,0xfd8d3840d63b1f1ce6e602bc634614d6cc4c53eed51e1624431f9b6176477127,RAAZ-26-1056,POLYGON,75268000,2026-08-14T04:00:00+05:30,0x8bb58c7a6b330352b5057998cf750308800c5c67,0xcf9436c9c654995b72405c860df44ad6cb4cb1ce,1601.27,POL,68054,victim_payment,0,False
0xe6556c9ff94cfb1be0b2cfb86b9b7d3e7aa16bbb62d6cc5845b743a8e834c350,0xe6556c9ff94cfb1be0b2cfb86b9b7d3e7aa16bbb62d6cc5845b743a8e834c350,RAAZ-26-1056,POLYGON,75284200,2026-08-14T13:00:00+05:30,0x8bb58c7a6b330352b5057998cf750308800c5c67,0xcf9436c9c654995b72405c860df44ad6cb4cb1ce,3418.87,POL,145302,victim_payment,0,False
0xcb130976669361da43a10f8abd3494dd2f777a2bdb6ae3b0b809f79ad4c09fa3,0xcb130976669361da43a10f8abd3494dd2f777a2bdb6ae3b0b809f79ad4c09fa3,RAAZ-26-1056,POLYGON,75285850,2026-08-14T13:55:00+05:30,0xcf9436c9c654995b72405c860df44ad6cb4cb1ce,0xb355dc0bb0c6475f612bf2dd78015f750aa59c3a,2504.07,POL,106423,layering,1,False
0x38e07a3a906b0f16de44bf29978e802c0efdd5f122d01c836a8284065e77c6ce,0x38e07a3a906b0f16de44bf29978e802c0efdd5f122d01c836a8284065e77c6ce,RAAZ-26-1056,POLYGON,75286090,2026-08-14T14:03:00+05:30,0xb355dc0bb0c6475f612bf2dd78015f750aa59c3a,0x7ab1945234d231622b06d1e4ae361ff9209b11c6,2504.07,POL,106423,layering,2,False
0x026a8feb5115111a8b28b67514dea0d58247890c6b89bc5167703dde96dec00f,0x026a8feb5115111a8b28b67514dea0d58247890c6b89bc5167703dde96dec00f,RAAZ-26-1056,POLYGON,75286150,2026-08-14T14:05:00+05:30,0xcf9436c9c654995b72405c860df44ad6cb4cb1ce,0x044cae6d6a3eb9d8ee2de327464019202b7452e0,4928.71,POL,209470,layering,1,False
0x83beb45d1a3fe00e0e429e4e7e88642b7eb1aeac9dd8fa14fe0dc0fd801f3bd0,0x83beb45d1a3fe00e0e429e4e7e88642b7eb1aeac9dd8fa14fe0dc0fd801f3bd0,RAAZ-26-1056,POLYGON,75286270,2026-08-14T14:09:00+05:30,0x7ab1945234d231622b06d1e4ae361ff9209b11c6,0x8613fe1a29741b1354a5960436ccf92a2f380da1,2504.07,POL,106423,layering,3,False
0xf04dae1411156e7042f321c592ec0d67ba541b3d036093104a09985970605ca0,0xf04dae1411156e7042f321c592ec0d67ba541b3d036093104a09985970605ca0,RAAZ-26-1056,POLYGON,75286510,2026-08-14T14:17:00+05:30,0x044cae6d6a3eb9d8ee2de327464019202b7452e0,0x9b03b8c4e877015163ffda681fe184060a26b7bc,4928.71,POL,209470,layering,2,False
0x6924636f14c50fa4058e25a6b0470ab62f65f053c7cb5b8aebc4cfe997b813de,0x6924636f14c50fa4058e25a6b0470ab62f65f053c7cb5b8aebc4cfe997b813de,RAAZ-26-1056,POLYGON,75286540,2026-08-14T14:18:00+05:30,0xcf9436c9c654995b72405c860df44ad6cb4cb1ce,0x9da5c4aacbd8d99215e706861519574a0d0a7abf,4264.26,POL,181231,layering,1,False
0x815cebf0449bc89a1903d2e5cdcde88968cfcb87a42ce9470d309bd4af3c1bb9,0x815cebf0449bc89a1903d2e5cdcde88968cfcb87a42ce9470d309bd4af3c1bb9,RAAZ-26-1056,POLYGON,75286600,2026-08-14T14:20:00+05:30,0x8613fe1a29741b1354a5960436ccf92a2f380da1,0x680210cc03647676ca4c7ca32b8ac8bd0b26639f,2504.07,POL,106423,consolidation,4,False
0x40654e9a340c28189e107b065a2065410a301e85182616969dd6e9729487288c,0x40654e9a340c28189e107b065a2065410a301e85182616969dd6e9729487288c,RAAZ-26-1056,POLYGON,75286810,2026-08-14T14:27:00+05:30,0x9b03b8c4e877015163ffda681fe184060a26b7bc,0x75ab8d6dbe95f612b5d8834cfe4de6ca4fdbe01f,4928.71,POL,209470,layering,3,False
0xed198bbeb7e218ba7952d0144a439168c01b6407bb772cf93dd8d3a15efbbbb0,0xed198bbeb7e218ba7952d0144a439168c01b6407bb772cf93dd8d3a15efbbbb0,RAAZ-26-1056,POLYGON,75286990,2026-08-14T14:33:00+05:30,0x9da5c4aacbd8d99215e706861519574a0d0a7abf,0x271f4d4d67bd37028a5adedf6a396cac73b64a11,4264.26,POL,181231,layering,2,False
0xa8cba24c2fec92e8e27bedc2931a3fe8245212c862cfab9b9165410375f858be,0xa8cba24c2fec92e8e27bedc2931a3fe8245212c862cfab9b9165410375f858be,RAAZ-26-1056,POLYGON,75287110,2026-08-14T14:37:00+05:30,0x75ab8d6dbe95f612b5d8834cfe4de6ca4fdbe01f,0x59f1b1b81f57faf7f18ad1cae4d7e8df6fb6662c,4928.71,POL,209470,layering,4,False
0x4ebcf18363dc3b02445160a512945b4f9b47d95b17b8bed94498a961f5162111,0x4ebcf18363dc3b02445160a512945b4f9b47d95b17b8bed94498a961f5162111,RAAZ-26-1056,POLYGON,75287650,2026-08-14T14:55:00+05:30,0x59f1b1b81f57faf7f18ad1cae4d7e8df6fb6662c,0x680210cc03647676ca4c7ca32b8ac8bd0b26639f,4928.71,POL,209470,consolidation,4,False
0x6beebd6fcd96362c4ed9fbd4cdb9ee934e50367046b891303f27788da4b824cb,0x6beebd6fcd96362c4ed9fbd4cdb9ee934e50367046b891303f27788da4b824cb,RAAZ-26-1056,POLYGON,75287710,2026-08-14T14:57:00+05:30,0x271f4d4d67bd37028a5adedf6a396cac73b64a11,0x8a5ba7eaf7c1cb2e4469ffd7b045174780323347,4264.26,POL,181231,layering,3,False
0x41162fe9bd87aef7458e9a5cc679c229ac2c9861ca77636dfef0b9f956c8b766,0x41162fe9bd87aef7458e9a5cc679c229ac2c9861ca77636dfef0b9f956c8b766,RAAZ-26-1056,POLYGON,75288430,2026-08-14T15:21:00+05:30,0x8a5ba7eaf7c1cb2e4469ffd7b045174780323347,0x680210cc03647676ca4c7ca32b8ac8bd0b26639f,4264.26,POL,181231,consolidation,4,False
0x4897faa70120ba367e3a8fb277f61edbd77d4e4297f0d393fb2ef5584ba1809d,0x4897faa70120ba367e3a8fb277f61edbd77d4e4297f0d393fb2ef5584ba1809d,RAAZ-26-1056,POLYGON,75289150,2026-08-14T15:45:00+05:30,0x680210cc03647676ca4c7ca32b8ac8bd0b26639f,0xfe2a636b8401290fb78e680a6da8fd1ebcf928c3,4096.57,POL,174104,exchange_deposit,5,False
0x03cde96b0191fb94133f01de86e36e60eec35354c000e45346da41a852f41bc5,0x03cde96b0191fb94133f01de86e36e60eec35354c000e45346da41a852f41bc5,RAAZ-26-1056,POLYGON,75289900,2026-08-14T16:10:00+05:30,0x680210cc03647676ca4c7ca32b8ac8bd0b26639f,0xdefd4f2151360e9e57c3761fd10baa631d881b83,6941.85,POL,295029,exchange_deposit,5,False
0x372ddadfa346d9e80023ddc0a9be2d76f3b08fdb73e69456f83b0c5c16af77f8,0x372ddadfa346d9e80023ddc0a9be2d76f3b08fdb73e69456f83b0c5c16af77f8,RAAZ-26-1056,POLYGON,75291280,2026-08-14T16:56:00+05:30,0xfe2a636b8401290fb78e680a6da8fd1ebcf928c3,0xb4b8d63cd6916e4a6d0bd51a23e0b4b12f5fdd5d,4096.57,POL,174104,exchange_sweep,6,False
0xf3ba9bba639e73601c3bab7345bcaf7d289e1b4d03828c9cb3649c21f9feed1a,0xf3ba9bba639e73601c3bab7345bcaf7d289e1b4d03828c9cb3649c21f9feed1a,RAAZ-26-1056,POLYGON,75292450,2026-08-14T17:35:00+05:30,0xdefd4f2151360e9e57c3761fd10baa631d881b83,0xb4becd5cc2c54879f63cbb79a814773e11ec8f53,6941.85,POL,295029,exchange_sweep,6,False
1111fb432fd7d02a21f3abd325045e10ccc1847fa6a825781c1cca0a73db58a8:0,1111fb432fd7d02a21f3abd325045e10ccc1847fa6a825781c1cca0a73db58a8,RAAZ-26-1057,BTC,911177,2026-08-26T18:51:00+05:30,bc1q69208euy34fnxcg89k2t864gfg8fhurpezs38j,bc1q8txwvmyk8spqdum7fltgevfkwe2nzn27m46dwy,0.006132,BTC,57947,inbound,0,False
1b3e275755956419f56c301552b63ee59023e1c4f3919ae31fd3ebcfb0738d94:0,1b3e275755956419f56c301552b63ee59023e1c4f3919ae31fd3ebcfb0738d94,RAAZ-26-1057,BTC,911177,2026-08-26T18:51:00+05:30,bc1q602vtvvhclm7c4d03yt3kxgvf02ywh0ejyps5k,bc1q8txwvmyk8spqdum7fltgevfkwe2nzn27m46dwy,0.013523,BTC,127792,inbound,0,False
60e0e87d647edb9d969e32eb4e0ceac7db89ec4a9dae853bdba00408dec2fb9a:0,60e0e87d647edb9d969e32eb4e0ceac7db89ec4a9dae853bdba00408dec2fb9a,RAAZ-26-1057,BTC,911411,2026-08-28T09:51:00+05:30,bc1qg2aulyj2lm6qxma73l5evhp7rlmzfm3xdsc5ef,bc1q8txwvmyk8spqdum7fltgevfkwe2nzn27m46dwy,0.003508,BTC,33151,inbound,0,False
7371bfd11b73f66c825178eba69ff41d95badeb0fa1e2aaf1eff5820ff2ad8f8:0,7371bfd11b73f66c825178eba69ff41d95badeb0fa1e2aaf1eff5820ff2ad8f8,RAAZ-26-1057,BTC,911507,2026-08-29T01:51:00+05:30,bc1qvlug48uvt3d0yx2lfzjppm23ww9zxsgwh3qn9a,bc1q8txwvmyk8spqdum7fltgevfkwe2nzn27m46dwy,0.000749,BTC,7078,victim_payment,0,False
ee263b07dfbdf8f95ffa8fd5aca1d507c3e618142293bef0328cbc33f8cf1414:0,ee263b07dfbdf8f95ffa8fd5aca1d507c3e618142293bef0328cbc33f8cf1414,RAAZ-26-1057,BTC,911795,2026-08-31T01:51:00+05:30,bc1qvlug48uvt3d0yx2lfzjppm23ww9zxsgwh3qn9a,bc1q8txwvmyk8spqdum7fltgevfkwe2nzn27m46dwy,0.001455,BTC,13750,victim_payment,0,False
6d0cd504a05a3e25a6e014162eddcdf59d6e4717a5488edef6431f83a7059b83:0,6d0cd504a05a3e25a6e014162eddcdf59d6e4717a5488edef6431f83a7059b83,RAAZ-26-1057,BTC,912029,2026-09-01T16:51:00+05:30,bc1qv33qrty2sfsc7gxhsf8ymu7dm0fsvcj5yulwzf,bc1q8txwvmyk8spqdum7fltgevfkwe2nzn27m46dwy,0.013678,BTC,129257,inbound,0,False
dc60c220fb5031bc23be9ad73ec22c95e32f3a89bc48834d4e9263101d75d8a0:0,dc60c220fb5031bc23be9ad73ec22c95e32f3a89bc48834d4e9263101d75d8a0,RAAZ-26-1057,BTC,912053,2026-09-01T20:51:00+05:30,bc1qjsvzqlzcewk2cyjzfvy9wk3gjsrj2qvx7pazr3,bc1q8txwvmyk8spqdum7fltgevfkwe2nzn27m46dwy,0.010084,BTC,95294,inbound,0,False
372e036331ff6008ed2876cad20545d94addaeee7d64d1e9e33f7a9a004cc06d:0,372e036331ff6008ed2876cad20545d94addaeee7d64d1e9e33f7a9a004cc06d,RAAZ-26-1057,BTC,912371,2026-09-04T01:51:00+05:30,bc1qvlug48uvt3d0yx2lfzjppm23ww9zxsgwh3qn9a,bc1q8txwvmyk8spqdum7fltgevfkwe2nzn27m46dwy,0.002771,BTC,26186,victim_payment,0,False
6d387cca9f89e209f7cc838845cd5bb4247912c67ecba896302638c7dd72e859:0,6d387cca9f89e209f7cc838845cd5bb4247912c67ecba896302638c7dd72e859,RAAZ-26-1057,BTC,912719,2026-09-06T11:51:00+05:30,bc1qvlug48uvt3d0yx2lfzjppm23ww9zxsgwh3qn9a,bc1q8txwvmyk8spqdum7fltgevfkwe2nzn27m46dwy,0.005302,BTC,50104,victim_payment,0,False
9a47186469dae772f70e0f8b589c30c0b2214ba17b913054111981c903bb2139:0,9a47186469dae772f70e0f8b589c30c0b2214ba17b913054111981c903bb2139,RAAZ-26-1057,BTC,912905,2026-09-07T18:51:00+05:30,bc1qvlug48uvt3d0yx2lfzjppm23ww9zxsgwh3qn9a,bc1q8txwvmyk8spqdum7fltgevfkwe2nzn27m46dwy,0.005649,BTC,53383,victim_payment,0,False
258c7d25f85e82a69e43435a13adaeaa631e3685135308cda00e3daee0c40524:0,258c7d25f85e82a69e43435a13adaeaa631e3685135308cda00e3daee0c40524,RAAZ-26-1057,BTC,912919,2026-09-07T21:16:00+05:30,bc1q8txwvmyk8spqdum7fltgevfkwe2nzn27m46dwy,bc1qdy5m4ps2yk7ctvhcm9f49y7hwf2knundd5khvw,0.011708,BTC,110641,layering,1,False
258c7d25f85e82a69e43435a13adaeaa631e3685135308cda00e3daee0c40524:1,258c7d25f85e82a69e43435a13adaeaa631e3685135308cda00e3daee0c40524,RAAZ-26-1057,BTC,912919,2026-09-07T21:16:00+05:30,bc1q8txwvmyk8spqdum7fltgevfkwe2nzn27m46dwy,bc1qzgdxj56cuv9zlq5hatyhwgnf3z5j8k0336r79y,0.010749,BTC,101578,layering,1,False
258c7d25f85e82a69e43435a13adaeaa631e3685135308cda00e3daee0c40524:2,258c7d25f85e82a69e43435a13adaeaa631e3685135308cda00e3daee0c40524,RAAZ-26-1057,BTC,912919,2026-09-07T21:16:00+05:30,bc1q8txwvmyk8spqdum7fltgevfkwe2nzn27m46dwy,bc1qkvql7eatzewp9reavd27cpvfwzywvrdu875tdk,0.015041,BTC,142137,layering,1,False
258c7d25f85e82a69e43435a13adaeaa631e3685135308cda00e3daee0c40524:3,258c7d25f85e82a69e43435a13adaeaa631e3685135308cda00e3daee0c40524,RAAZ-26-1057,BTC,912919,2026-09-07T21:16:00+05:30,bc1q8txwvmyk8spqdum7fltgevfkwe2nzn27m46dwy,bc1q49rmrfuc6ad9653p584wxyjajmal3dqcaufjuh,0.02471,BTC,233510,layering,1,False
0949db022e19191889fef858b16606625b36bb57c882d520ced66706f4904e2b:0,0949db022e19191889fef858b16606625b36bb57c882d520ced66706f4904e2b,RAAZ-26-1057,BTC,912927,2026-09-07T22:34:00+05:30,bc1qdy5m4ps2yk7ctvhcm9f49y7hwf2knundd5khvw,bc1qftkdl0c7g7g696ecu7cjwlklew7fyacujdztxg,0.011708,BTC,110641,layering,2,False
4db341116a214f9bbb4780e79f066e1c87b8c537e7c7b257f267a9802f80e976:0,4db341116a214f9bbb4780e79f066e1c87b8c537e7c7b257f267a9802f80e976,RAAZ-26-1057,BTC,912941,2026-09-08T00:54:00+05:30,bc1q49rmrfuc6ad9653p584wxyjajmal3dqcaufjuh,bc1qgd4qp0y9rvn97f24rpnt9zzplyt9styz2kwl4p,0.02471,BTC,233510,layering,2,False
5d807c2d84a07087a7fd38832752fd4b0783de1ad281b0c00ba86f869bd1a8dc:0,5d807c2d84a07087a7fd38832752fd4b0783de1ad281b0c00ba86f869bd1a8dc,RAAZ-26-1057,BTC,912956,2026-09-08T03:26:00+05:30,bc1qzgdxj56cuv9zlq5hatyhwgnf3z5j8k0336r79y,bc1qj56v83ctk0mg6dlj04kn6x4nna82udcz2lkj8d,0.000605,BTC,5717,peel,2,False
5d807c2d84a07087a7fd38832752fd4b0783de1ad281b0c00ba86f869bd1a8dc:1,5d807c2d84a07087a7fd38832752fd4b0783de1ad281b0c00ba86f869bd1a8dc,RAAZ-26-1057,BTC,912956,2026-09-08T03:26:00+05:30,bc1qzgdxj56cuv9zlq5hatyhwgnf3z5j8k0336r79y,bc1qk0hj7lqn5sxjsckc4tgzraulafftdn9wj54szc,0.010144,BTC,95861,layering,2,False
6b539e3aa33e527df6154cf2164c800c2b4e5b6f134107ffab312e4ca4e2ffda:0,6b539e3aa33e527df6154cf2164c800c2b4e5b6f134107ffab312e4ca4e2ffda,RAAZ-26-1057,BTC,912956,2026-09-08T03:27:00+05:30,bc1qftkdl0c7g7g696ecu7cjwlklew7fyacujdztxg,bc1q2nhcvmqyt54s93dv6mu6r8vmc54vrutn6sddjy,0.011708,BTC,110641,exchange_deposit,3,False
f3b3aab180874280580bacb1adfafc50f2f2468d2d444eeb08705f15e2638312:0,f3b3aab180874280580bacb1adfafc50f2f2468d2d444eeb08705f15e2638312,RAAZ-26-1057,BTC,912979,2026-09-08T07:12:00+05:30,bc1qkvql7eatzewp9reavd27cpvfwzywvrdu875tdk,bc1qy0j964v0vehrzp2vxqc9e76exrcqvt99fxyk7z,0.015041,BTC,142137,layering,2,False
58cfaf464b4d686ac99d325e5c5afe8d2c1992fb9b9b0f06d1e122d4caaa2fe3:0,58cfaf464b4d686ac99d325e5c5afe8d2c1992fb9b9b0f06d1e122d4caaa2fe3,RAAZ-26-1057,BTC,912991,2026-09-08T09:12:00+05:30,bc1qj56v83ctk0mg6dlj04kn6x4nna82udcz2lkj8d,bc1q2nhcvmqyt54s93dv6mu6r8vmc54vrutn6sddjy,0.000605,BTC,5717,exchange_deposit,3,False
99086f766fbd6e625a303cf86b1b185f2e823bd304459e8ca1cb2ecebc40db91:0,99086f766fbd6e625a303cf86b1b185f2e823bd304459e8ca1cb2ecebc40db91,RAAZ-26-1057,BTC,912993,2026-09-08T09:36:00+05:30,bc1qgd4qp0y9rvn97f24rpnt9zzplyt9styz2kwl4p,bc1q5p79v9sea5djd8cq2kdr2d3pv9dchntl788ea7,0.02471,BTC,233510,layering,3,False
063390e3f290e0563062685fd90b7040ff4aded5d005540c55feb1f01a5bdde2:0,063390e3f290e0563062685fd90b7040ff4aded5d005540c55feb1f01a5bdde2,RAAZ-26-1057,BTC,913019,2026-09-08T13:50:00+05:30,bc1qk0hj7lqn5sxjsckc4tgzraulafftdn9wj54szc,bc1qa95rphx3z4gdz5jnsmzkerajdsjz3hz0h2q9ju,0.000962,BTC,9091,peel,3,False
063390e3f290e0563062685fd90b7040ff4aded5d005540c55feb1f01a5bdde2:1,063390e3f290e0563062685fd90b7040ff4aded5d005540c55feb1f01a5bdde2,RAAZ-26-1057,BTC,913019,2026-09-08T13:50:00+05:30,bc1qk0hj7lqn5sxjsckc4tgzraulafftdn9wj54szc,bc1qaepddlcn08f7nezwqrjnajswwwxlru4udfergn,0.009181,BTC,86760,layering,3,False
ff4c38ba04293c20dad7c0deebff73808b8dbf0f2545037a0ec121820c6d8b1c:0,ff4c38ba04293c20dad7c0deebff73808b8dbf0f2545037a0ec121820c6d8b1c,RAAZ-26-1057,BTC,913041,2026-09-08T17:30:00+05:30,bc1q5p79v9sea5djd8cq2kdr2d3pv9dchntl788ea7,bc1q2nhcvmqyt54s93dv6mu6r8vmc54vrutn6sddjy,0.02471,BTC,233510,exchange_deposit,3,False
27371238bdc5c7b2e4507ed100746cdba2043bd65d2014d6060e0c9c9f015e58:0,27371238bdc5c7b2e4507ed100746cdba2043bd65d2014d6060e0c9c9f015e58,RAAZ-26-1057,BTC,913058,2026-09-08T20:29:00+05:30,bc1qy0j964v0vehrzp2vxqc9e76exrcqvt99fxyk7z,bc1qfjwgc9n5gmxnf0dy0e4yr9qpz87e4lq35f4as9,0.015041,BTC,142137,layering,3,False
9d71ce939e312cb26184a51883fa6bcdbdfb1f07dc9a871c8be85f8056f84562:0,9d71ce939e312cb26184a51883fa6bcdbdfb1f07dc9a871c8be85f8056f84562,RAAZ-26-1057,BTC,913077,2026-09-08T23:36:00+05:30,bc1qfjwgc9n5gmxnf0dy0e4yr9qpz87e4lq35f4as9,bc1qj999tcxetlsk0fadvjf3lpf8e9eqmz8rh6c438,0.015041,BTC,142137,exchange_deposit,4,False
687424b10bb50f52bd5d17ca84876d35e0b1be0559c2dcb11854dbfabbcd64b5:0,687424b10bb50f52bd5d17ca84876d35e0b1be0559c2dcb11854dbfabbcd64b5,RAAZ-26-1057,BTC,913089,2026-09-09T01:35:00+05:30,bc1qaepddlcn08f7nezwqrjnajswwwxlru4udfergn,bc1qaxh9tupnf67xgjjwzqrgyazegxh8n7y6djqzm5,0.000988,BTC,9337,peel,4,False
687424b10bb50f52bd5d17ca84876d35e0b1be0559c2dcb11854dbfabbcd64b5:1,687424b10bb50f52bd5d17ca84876d35e0b1be0559c2dcb11854dbfabbcd64b5,RAAZ-26-1057,BTC,913089,2026-09-09T01:35:00+05:30,bc1qaepddlcn08f7nezwqrjnajswwwxlru4udfergn,bc1q8eewmvkzjv55v0kgkezscd5rckk29rr6apufv5,0.008193,BTC,77424,layering,4,False
6782605073e538a804072e9d10c2df2f9df12058477e810e7ea30dde0390525d:0,6782605073e538a804072e9d10c2df2f9df12058477e810e7ea30dde0390525d,RAAZ-26-1057,BTC,913096,2026-09-09T02:45:00+05:30,bc1qa95rphx3z4gdz5jnsmzkerajdsjz3hz0h2q9ju,bc1qj999tcxetlsk0fadvjf3lpf8e9eqmz8rh6c438,0.000962,BTC,9091,exchange_deposit,4,False
2d5be172635745337f4f6509e456a430151f568e7cdf0bd51bfb565de3e0b86b:0,2d5be172635745337f4f6509e456a430151f568e7cdf0bd51bfb565de3e0b86b,RAAZ-26-1057,BTC,913100,2026-09-09T03:20:00+05:30,bc1qj999tcxetlsk0fadvjf3lpf8e9eqmz8rh6c438,bc1qmptym7z2v2au6qhdlvkerf7kpymjn9v22yxtee,0.016003,BTC,151228,exchange_sweep,5,False
4340d45007a35522006cdc932a662aeb98ae5f0819619078a8137ad1a9e8caf7:0,4340d45007a35522006cdc932a662aeb98ae5f0819619078a8137ad1a9e8caf7,RAAZ-26-1057,BTC,913113,2026-09-09T05:38:00+05:30,bc1q8eewmvkzjv55v0kgkezscd5rckk29rr6apufv5,bc1qzc2n6ap4n8k2tf3742qw3kavt2hxlkvuas9whu,0.000821,BTC,7758,peel,5,False
4340d45007a35522006cdc932a662aeb98ae5f0819619078a8137ad1a9e8caf7:1,4340d45007a35522006cdc932a662aeb98ae5f0819619078a8137ad1a9e8caf7,RAAZ-26-1057,BTC,913113,2026-09-09T05:38:00+05:30,bc1q8eewmvkzjv55v0kgkezscd5rckk29rr6apufv5,bc1q76w3mae6h9em4hgk6pehvpz888vs5fckydtrgw,0.007373,BTC,69675,layering,5,False
9eee24975726c6df0861ca44cf38e681ea69ef003418e97ea4898fba0691e92e:0,9eee24975726c6df0861ca44cf38e681ea69ef003418e97ea4898fba0691e92e,RAAZ-26-1057,BTC,913124,2026-09-09T07:29:00+05:30,bc1qaxh9tupnf67xgjjwzqrgyazegxh8n7y6djqzm5,bc1q2nhcvmqyt54s93dv6mu6r8vmc54vrutn6sddjy,0.000988,BTC,9337,exchange_deposit,3,False
210456c323e43b4fe4051b08f887913e0fcf99376985d51b8c3e7286eb28298e:0,210456c323e43b4fe4051b08f887913e0fcf99376985d51b8c3e7286eb28298e,RAAZ-26-1057,BTC,913126,2026-09-09T07:45:00+05:30,bc1q76w3mae6h9em4hgk6pehvpz888vs5fckydtrgw,bc1q2nhcvmqyt54s93dv6mu6r8vmc54vrutn6sddjy,0.007373,BTC,69675,exchange_deposit,3,False
e00cfc609d4869ca3c8b95e6d91d304eaf05343510aa050188c2910bde24fd27:0,e00cfc609d4869ca3c8b95e6d91d304eaf05343510aa050188c2910bde24fd27,RAAZ-26-1057,BTC,913160,2026-09-09T13:26:00+05:30,bc1qzc2n6ap4n8k2tf3742qw3kavt2hxlkvuas9whu,bc1q2nhcvmqyt54s93dv6mu6r8vmc54vrutn6sddjy,0.000821,BTC,7758,exchange_deposit,3,False
f428765c0aa1156f9f2cf7c7a6d7bf19749ebac5f4e62f8fe261c56f19288336:0,f428765c0aa1156f9f2cf7c7a6d7bf19749ebac5f4e62f8fe261c56f19288336,RAAZ-26-1057,BTC,913165,2026-09-09T14:16:00+05:30,bc1q2nhcvmqyt54s93dv6mu6r8vmc54vrutn6sddjy,bc1qdkwsealvcyflgptf8uw0gs5neukcz3wr6096an,0.046205,BTC,436637,exchange_sweep,4,False
fa1d3a06d49d51b1809f99482b11b859fa28e77b611fe5fc3552f8243fc56ece:0,fa1d3a06d49d51b1809f99482b11b859fa28e77b611fe5fc3552f8243fc56ece,RAAZ-26-1058,BTC,909582,2026-08-15T17:03:00+05:30,bc1qz5ygvdrxlsaqfxc3hm03t7l7suyw53se2e4gpa,bc1qkg5wldqqn9rqt4f3aa47fumzmdf4c739snpq90,0.000755,BTC,7135,victim_payment,0,False
2ecea9d7972f439d663bef3427c75649ce1c204b4522d4ab3b4c83e88f61ba0e:0,2ecea9d7972f439d663bef3427c75649ce1c204b4522d4ab3b4c83e88f61ba0e,RAAZ-26-1058,BTC,909708,2026-08-16T14:03:00+05:30,bc1qyu972rfycczqn7cfutztgr3h9um0u02ztjs09a,bc1qkg5wldqqn9rqt4f3aa47fumzmdf4c739snpq90,0.001737,BTC,16415,inbound,0,False
37df1155a4ccda8ebc847f41d35465ac5007dee896b58dae6ecd1b5cf644f328:0,37df1155a4ccda8ebc847f41d35465ac5007dee896b58dae6ecd1b5cf644f328,RAAZ-26-1058,BTC,910056,2026-08-19T00:03:00+05:30,bc1qz5ygvdrxlsaqfxc3hm03t7l7suyw53se2e4gpa,bc1qkg5wldqqn9rqt4f3aa47fumzmdf4c739snpq90,0.00192,BTC,18144,victim_payment,0,False
a8887c50eaeefd5fbf634ec08ca0b9e5280a73fa292b19c233921af6969c9e73:0,a8887c50eaeefd5fbf634ec08ca0b9e5280a73fa292b19c233921af6969c9e73,RAAZ-26-1058,BTC,910218,2026-08-20T03:03:00+05:30,bc1qz5ygvdrxlsaqfxc3hm03t7l7suyw53se2e4gpa,bc1qkg5wldqqn9rqt4f3aa47fumzmdf4c739snpq90,0.002007,BTC,18966,victim_payment,0,False
a2c7a851383392c6556a639edd5ff539b52155cfe5853c02a1f09c2c27f6f8d4:0,a2c7a851383392c6556a639edd5ff539b52155cfe5853c02a1f09c2c27f6f8d4,RAAZ-26-1058,BTC,910644,2026-08-23T02:03:00+05:30,bc1qz5ygvdrxlsaqfxc3hm03t7l7suyw53se2e4gpa,bc1qkg5wldqqn9rqt4f3aa47fumzmdf4c739snpq90,0.002069,BTC,19552,victim_payment,0,False
152f2e6f17bf582d1e19b0de1a1379c4a8bfe878dfee2aa7c83c2799457cf96e:0,152f2e6f17bf582d1e19b0de1a1379c4a8bfe878dfee2aa7c83c2799457cf96e,RAAZ-26-1058,BTC,911004,2026-08-25T14:03:00+05:30,bc1qz5ygvdrxlsaqfxc3hm03t7l7suyw53se2e4gpa,bc1qkg5wldqqn9rqt4f3aa47fumzmdf4c739snpq90,0.00271,BTC,25610,victim_payment,0,False
9c486451ba3818c4ceaea41671bca4a538efa6fbe3f02937e2bb9d08494c8fed:0,9c486451ba3818c4ceaea41671bca4a538efa6fbe3f02937e2bb9d08494c8fed,RAAZ-26-1058,BTC,911025,2026-08-25T17:36:00+05:30,bc1qkg5wldqqn9rqt4f3aa47fumzmdf4c739snpq90,bc1qe6rf7ljkhnzup3vda5vur7uyuxkkpcfd6jdyc0,0.003296,BTC,31147,layering,1,False
9c486451ba3818c4ceaea41671bca4a538efa6fbe3f02937e2bb9d08494c8fed:1,9c486451ba3818c4ceaea41671bca4a538efa6fbe3f02937e2bb9d08494c8fed,RAAZ-26-1058,BTC,911025,2026-08-25T17:36:00+05:30,bc1qkg5wldqqn9rqt4f3aa47fumzmdf4c739snpq90,bc1qgz3p0yq4x4unrdrt69ghg3tne938gemfhudaq3,0.001032,BTC,9752,layering,1,False
9c486451ba3818c4ceaea41671bca4a538efa6fbe3f02937e2bb9d08494c8fed:2,9c486451ba3818c4ceaea41671bca4a538efa6fbe3f02937e2bb9d08494c8fed,RAAZ-26-1058,BTC,911025,2026-08-25T17:36:00+05:30,bc1qkg5wldqqn9rqt4f3aa47fumzmdf4c739snpq90,bc1qe6hqse7ams2kqzpx6u9xg5mkn35598a4t4ppf9,0.002153,BTC,20346,layering,1,False
9c486451ba3818c4ceaea41671bca4a538efa6fbe3f02937e2bb9d08494c8fed:3,9c486451ba3818c4ceaea41671bca4a538efa6fbe3f02937e2bb9d08494c8fed,RAAZ-26-1058,BTC,911025,2026-08-25T17:36:00+05:30,bc1qkg5wldqqn9rqt4f3aa47fumzmdf4c739snpq90,bc1q0e9svtjwshaeyjzw8238h75ku45r55eqxzyale,0.001175,BTC,11104,layering,1,False
9c486451ba3818c4ceaea41671bca4a538efa6fbe3f02937e2bb9d08494c8fed:4,9c486451ba3818c4ceaea41671bca4a538efa6fbe3f02937e2bb9d08494c8fed,RAAZ-26-1058,BTC,911025,2026-08-25T17:36:00+05:30,bc1qkg5wldqqn9rqt4f3aa47fumzmdf4c739snpq90,bc1qvsnftw37set560zsxkyhusdj0esffx7w0hauza,0.001529,BTC,14449,layering,1,False
9c486451ba3818c4ceaea41671bca4a538efa6fbe3f02937e2bb9d08494c8fed:5,9c486451ba3818c4ceaea41671bca4a538efa6fbe3f02937e2bb9d08494c8fed,RAAZ-26-1058,BTC,911025,2026-08-25T17:36:00+05:30,bc1qkg5wldqqn9rqt4f3aa47fumzmdf4c739snpq90,bc1qw4tyegh2e6w2z4xzsylu0fhytcf4092qgqgl27,0.001735,BTC,16396,layering,1,False
c65b9f3202feba256a76b3344e21c204b294a30e45f77bbf7373921bb6d5f207:0,c65b9f3202feba256a76b3344e21c204b294a30e45f77bbf7373921bb6d5f207,RAAZ-26-1058,BTC,911039,2026-08-25T19:58:00+05:30,bc1qe6hqse7ams2kqzpx6u9xg5mkn35598a4t4ppf9,bc1q2ggq5p6xg5ntmd6dvvg2l0qvgc3f9wly2geq0k,0.002153,BTC,20346,layering,2,False
99dd4c3cd07f757b6405edbf1fee70dc90b2fc56c326c1f6323bd8d951bbb17c:0,99dd4c3cd07f757b6405edbf1fee70dc90b2fc56c326c1f6323bd8d951bbb17c,RAAZ-26-1058,BTC,911062,2026-08-25T23:41:00+05:30,bc1qw4tyegh2e6w2z4xzsylu0fhytcf4092qgqgl27,bc1qrjhkrh3lkeeedpxe2sh5te0q7gpmwdy6kalqhd,0.001735,BTC,16396,layering,2,False
ccfee934a95c974de6468bb4237532e6e6ab90e8e6c2e33f03682204ff4dc1fb:0,ccfee934a95c974de6468bb4237532e6e6ab90e8e6c2e33f03682204ff4dc1fb,RAAZ-26-1058,BTC,911075,2026-08-26T01:58:00+05:30,bc1qvsnftw37set560zsxkyhusdj0esffx7w0hauza,bc1q6csduj5mvvp76nrhumautjy5rsjmvlsl35vc30,0.001529,BTC,14449,layering,2,False
4a40d75a0ae2e755656ab4256b070753d064fee6053b19a53f45a99d23daa264:0,4a40d75a0ae2e755656ab4256b070753d064fee6053b19a53f45a99d23daa264,RAAZ-26-1058,BTC,911087,2026-08-26T03:52:00+05:30,bc1q0e9svtjwshaeyjzw8238h75ku45r55eqxzyale,bc1qq0mtvwm5m69qj2vs5zp0kr2w4hrtakn34hgxrp,0.001175,BTC,11104,layering,2,False
362384d021809697c7332344d83e15327aa9526ed0d4b9c5e9e9717f2e6f3556:0,362384d021809697c7332344d83e15327aa9526ed0d4b9c5e9e9717f2e6f3556,RAAZ-26-1058,BTC,911088,2026-08-26T04:05:00+05:30,bc1qgz3p0yq4x4unrdrt69ghg3tne938gemfhudaq3,bc1qdyxuq7pwns5cu93mqjhr7t8ak5xcql2q0tthch,0.001032,BTC,9752,layering,2,False
5cef364dcc3be7213b100cc6326c1a3871a3d714b8ca0ef2b05e350326a40b30:0,5cef364dcc3be7213b100cc6326c1a3871a3d714b8ca0ef2b05e350326a40b30,RAAZ-26-1058,BTC,911089,2026-08-26T04:16:00+05:30,bc1qrjhkrh3lkeeedpxe2sh5te0q7gpmwdy6kalqhd,bc1qtvaxumxshz7vuv9nytdza73kt5g3xuh6c9jl2v,0.001735,BTC,16396,exchange_deposit,3,False
e957f45147241da0b43938adfa7fa8b149074552718b7ef20563ec746e4d6399:0,e957f45147241da0b43938adfa7fa8b149074552718b7ef20563ec746e4d6399,RAAZ-26-1058,BTC,911093,2026-08-26T04:50:00+05:30,bc1q2ggq5p6xg5ntmd6dvvg2l0qvgc3f9wly2geq0k,bc1qtvaxumxshz7vuv9nytdza73kt5g3xuh6c9jl2v,0.002153,BTC,20346,exchange_deposit,3,False
575ff61dcefb139d1affb10ac3243391d04856c8b1c407f61634c010c140633d:0,575ff61dcefb139d1affb10ac3243391d04856c8b1c407f61634c010c140633d,RAAZ-26-1058,BTC,911097,2026-08-26T05:37:00+05:30,bc1qe6rf7ljkhnzup3vda5vur7uyuxkkpcfd6jdyc0,bc1qcysu2uzcgnvvasxlsvfukarm7ty4ur78tspjdf,0.003296,BTC,31147,layering,2,False
a034f88041c56c9010ec57a2a61d014c6a03734d6450ac73db969e6cbbd45652:0,a034f88041c56c9010ec57a2a61d014c6a03734d6450ac73db969e6cbbd45652,RAAZ-26-1058,BTC,911097,2026-08-26T05:39:00+05:30,bc1qdyxuq7pwns5cu93mqjhr7t8ak5xcql2q0tthch,bc1qtvaxumxshz7vuv9nytdza73kt5g3xuh6c9jl2v,0.001032,BTC,9752,exchange_deposit,3,False
f73ed877705f5bbb632f8aea135ebd343bd9e88dc3cc9c4281ada5011ebd3d98:0,f73ed877705f5bbb632f8aea135ebd343bd9e88dc3cc9c4281ada5011ebd3d98,RAAZ-26-1058,BTC,911126,2026-08-26T10:28:00+05:30,bc1q6csduj5mvvp76nrhumautjy5rsjmvlsl35vc30,bc1qtvaxumxshz7vuv9nytdza73kt5g3xuh6c9jl2v,0.001529,BTC,14449,exchange_deposit,3,False
e2ba8fdf6e8259afa937e7ac512318734958c6d208fc26b78bf1023bdfb9d294:0,e2ba8fdf6e8259afa937e7ac512318734958c6d208fc26b78bf1023bdfb9d294,RAAZ-26-1058,BTC,911144,2026-08-26T13:22:00+05:30,bc1qcysu2uzcgnvvasxlsvfukarm7ty4ur78tspjdf,bc1qspr8h7adhtsvt3w8kmkj94v7sx54dpfacrqmlq,0.003296,BTC,31147,layering,3,False
78f8f903620bb9f708d003a06e15a2ceeda816064abca5baf4c68a54a2f77a78:0,78f8f903620bb9f708d003a06e15a2ceeda816064abca5baf4c68a54a2f77a78,RAAZ-26-1058,BTC,911159,2026-08-26T15:52:00+05:30,bc1qq0mtvwm5m69qj2vs5zp0kr2w4hrtakn34hgxrp,bc1qtvaxumxshz7vuv9nytdza73kt5g3xuh6c9jl2v,0.001175,BTC,11104,exchange_deposit,3,False
cfec00dce328c6e67a8d996cf6c092108a7c408de019fdd1e8683bdd3a6a86aa:0,cfec00dce328c6e67a8d996cf6c092108a7c408de019fdd1e8683bdd3a6a86aa,RAAZ-26-1058,BTC,911195,2026-08-26T21:59:00+05:30,bc1qspr8h7adhtsvt3w8kmkj94v7sx54dpfacrqmlq,bc1qtvaxumxshz7vuv9nytdza73kt5g3xuh6c9jl2v,0.003296,BTC,31147,exchange_deposit,3,False
a577c072d2b3a85e19a9486f9241dc8e5107a879c3332d2ebe9f282a5f413730:0,a577c072d2b3a85e19a9486f9241dc8e5107a879c3332d2ebe9f282a5f413730,RAAZ-26-1058,BTC,911200,2026-08-26T22:46:00+05:30,bc1qtvaxumxshz7vuv9nytdza73kt5g3xuh6c9jl2v,bc1q3fd6xceu5lt02nq6uvwzpfpxsj2wn8fvk0vr0p,0.01092,BTC,103194,exchange_sweep,4,False
6bca66444995131bf3a1cb8caabac9194f36795e7379774849b0f20921159bfb,6bca66444995131bf3a1cb8caabac9194f36795e7379774849b0f20921159bfb,RAAZ-26-1059,TRON,76091380,2026-09-13T06:49:00+05:30,TEqt42jhwssvTCZ6qaYQAgEhJxjHLvw66Q,TwnrkLp61M6NRnXWJ1rKxvVkrfjmuVMqRo,2142.2,USDT,189370,inbound,0,False
8a6b6e9d038f748ded0c1fd1e5860063ced339045a25e78c13a028c58c05c2df,8a6b6e9d038f748ded0c1fd1e5860063ced339045a25e78c13a028c58c05c2df,RAAZ-26-1059,TRON,76106980,2026-09-13T19:49:00+05:30,TaWqeGPAye33sYfDM3tWrcLLmV4R1La5YX,TwnrkLp61M6NRnXWJ1rKxvVkrfjmuVMqRo,18927.6,USDT,1673200,victim_payment,0,False
9ea0cddd9039d07771d2a7ce8d858c4cb6d5cce7ec597a34df53c94f0140756c,9ea0cddd9039d07771d2a7ce8d858c4cb6d5cce7ec597a34df53c94f0140756c,RAAZ-26-1059,TRON,76112620,2026-09-14T00:31:00+05:30,TwnrkLp61M6NRnXWJ1rKxvVkrfjmuVMqRo,TdKWYhKYhUuPEmxeXUcyKMXDcdSYnSWnCh,30504.47,USDT,2696595,layering,1,False
cc4e22193f7ef772335a37ea505fe06b5acd76747446352de532d78193d384eb,cc4e22193f7ef772335a37ea505fe06b5acd76747446352de532d78193d384eb,RAAZ-26-1059,TRON,76112920,2026-09-14T00:46:00+05:30,TdKWYhKYhUuPEmxeXUcyKMXDcdSYnSWnCh,Toj8TG1qeqXzM3ntbVvi3nAX4RkyJBi2GR,30504.47,USDT,2696595,layering,2,False
2182cf5ed477f612e78d2ccab2bcbaaa441cf0984457bfca898689ecd6648d78,2182cf5ed477f612e78d2ccab2bcbaaa441cf0984457bfca898689ecd6648d78,RAAZ-26-1059,TRON,76113040,2026-09-14T00:52:00+05:30,Toj8TG1qeqXzM3ntbVvi3nAX4RkyJBi2GR,TaJXqcRHSmfSNjNFNsY7WfGZgnjoyP3vkT,30504.47,USDT,2696595,consolidation,3,False
3eab32dd9e63ee2bc570b814993b7d246e0f33a4deee151ffd4ff3248b3177d7,3eab32dd9e63ee2bc570b814993b7d246e0f33a4deee151ffd4ff3248b3177d7,RAAZ-26-1059,TRON,76113600,2026-09-14T01:20:00+05:30,TaJXqcRHSmfSNjNFNsY7WfGZgnjoyP3vkT,TFBuyGvtRTwKymKxQBDXyXw1ukT4W5UYWo,16712.55,USDT,1477389,exchange_deposit,4,False
3b889c101acd442d2d72d1d101c4da37903de7270a7006c7858d8f8d5dc3307b,3b889c101acd442d2d72d1d101c4da37903de7270a7006c7858d8f8d5dc3307b,RAAZ-26-1059,TRON,76113800,2026-09-14T01:30:00+05:30,TaJXqcRHSmfSNjNFNsY7WfGZgnjoyP3vkT,T6pKoxxbeqYgHouehfdCnG4jCpbTBHGUmF,11868.82,USDT,1049204,exchange_deposit,4,False
7c014419295ae1980654bda95c54dfba0a0b5c12ccbd5a6f485c9e21c58c1355,7c014419295ae1980654bda95c54dfba0a0b5c12ccbd5a6f485c9e21c58c1355,RAAZ-26-1059,TRON,76114140,2026-09-14T01:47:00+05:30,TFBuyGvtRTwKymKxQBDXyXw1ukT4W5UYWo,TtKex3NiVV1CfGkZX7JmPwy7XCxBmMksUs,16712.55,USDT,1477389,exchange_sweep,5,False
4f6f283eb0c4260f9eeba281a4564b0d1800ca7f5396ed115d924e6b3e3b21ff,4f6f283eb0c4260f9eeba281a4564b0d1800ca7f5396ed115d924e6b3e3b21ff,RAAZ-26-1059,TRON,76115020,2026-09-14T02:31:00+05:30,T6pKoxxbeqYgHouehfdCnG4jCpbTBHGUmF,Th4M2vYPowek6J9cbvmNjpuc3CemQ5cnv3,11868.82,USDT,1049204,exchange_sweep,5,False
fc1b60c8a2d4bfd72b9c94d5789e4e1dd433a5dc874e991af3cd3d3163cc8345,fc1b60c8a2d4bfd72b9c94d5789e4e1dd433a5dc874e991af3cd3d3163cc8345,RAAZ-26-1059,TRON,76213780,2026-09-17T12:49:00+05:30,TuHesCotqeAuEEapF72gJMKSbA8pcTYtrB,TwnrkLp61M6NRnXWJ1rKxvVkrfjmuVMqRo,9736.82,USDT,860735,inbound,0,False
0xf033993334a879e9d1ebc6817cfde28a7404501227b8e6c0d7c3811861b6b225,0xf033993334a879e9d1ebc6817cfde28a7404501227b8e6c0d7c3811861b6b225,RAAZ-26-1060,BSC,61643780,2026-09-06T20:09:00+05:30,0x68b7a9cfcc71210ec7014aecc3c91e89f2d32432,0xef6f9877f1034f442cdbc8e7e209010167c5c802,2265.2,USDT,200244,inbound,0,False
0x5d6e05f69360c2e2abf2f940f3d7349f43eb4a5114cce08ef9e80370654e9cba,0x5d6e05f69360c2e2abf2f940f3d7349f43eb4a5114cce08ef9e80370654e9cba,RAAZ-26-1060,BSC,61701380,2026-09-08T20:09:00+05:30,0xb5151a10d625513705bda1fc30906b5f9117c4e2,0xef6f9877f1034f442cdbc8e7e209010167c5c802,4374.73,USDT,386726,inbound,0,False
0xe80b0bc48fd6d63e3ffdc1528d261fe9f79e23397fe2539e6281bdff78f7a142,0xe80b0bc48fd6d63e3ffdc1528d261fe9f79e23397fe2539e6281bdff78f7a142,RAAZ-26-1060,BSC,61715780,2026-09-09T08:09:00+05:30,0x45bc858e1b5b5dd168c27972b7f3f965dbf1e04b,0xef6f9877f1034f442cdbc8e7e209010167c5c802,16458.14,USDT,1454900,victim_payment,0,False
0x55309132b731d8c9f05b3747368c6931b528ddf5fedd77e9985af178291a90dc,0x55309132b731d8c9f05b3747368c6931b528ddf5fedd77e9985af178291a90dc,RAAZ-26-1060,BSC,61716980,2026-09-09T09:09:00+05:30,0xe58f9dc07e280e2c2b6c0ed556c5b644e3451654,0xef6f9877f1034f442cdbc8e7e209010167c5c802,17382.81,USDT,1536640,inbound,0,False
0x9287300400c9c546532b53b882ec2313f60e23ace63fa82a88e3c7aa26fadd37,0x9287300400c9c546532b53b882ec2313f60e23ace63fa82a88e3c7aa26fadd37,RAAZ-26-1060,BSC,61717340,2026-09-09T09:27:00+05:30,0xef6f9877f1034f442cdbc8e7e209010167c5c802,0xd83c3a171e71b33df1b7529e1e6d60978cc0bb82,24734.16,USDT,2186500,layering,1,False
0x63279e13baeb5c772a11ab5baa5a0117bcc53dc1c6e4a28d373879d6ac4220a4,0x63279e13baeb5c772a11ab5baa5a0117bcc53dc1c6e4a28d373879d6ac4220a4,RAAZ-26-1060,BSC,61717700,2026-09-09T09:45:00+05:30,0xef6f9877f1034f442cdbc8e7e209010167c5c802,0x7f3f920ce9f1f313aeda50b3097f07fe596a4f6a,15465.46,USDT,1367147,layering,1,False
0xd2dee023918fa7fcdede4229a021bd8f374b1b661a372cd9cd2995390bf90a3a,0xd2dee023918fa7fcdede4229a021bd8f374b1b661a372cd9cd2995390bf90a3a,RAAZ-26-1060,BSC,61721020,2026-09-09T12:31:00+05:30,0xd83c3a171e71b33df1b7529e1e6d60978cc0bb82,0xe17a9cb7a7ed46b350ce940b056e366497ac462d,24734.16,USDT,2186500,layering,2,False
0xad9806c4ec5955a9ba447f2c75132809c2f02a509e811d78dcc383eb647aebbb,0xad9806c4ec5955a9ba447f2c75132809c2f02a509e811d78dcc383eb647aebbb,RAAZ-26-1060,BSC,61721840,2026-09-09T13:12:00+05:30,0x7f3f920ce9f1f313aeda50b3097f07fe596a4f6a,0xee4e056d702526e2aadd78b56415a6f581d6b182,15465.46,USDT,1367147,layering,2,False
0x81798ceede572dd964dcc95e7f833fff059da66babd967b3b6957b411aa0ea97,0x81798ceede572dd964dcc95e7f833fff059da66babd967b3b6957b411aa0ea97,RAAZ-26-1060,BSC,61731220,2026-09-09T21:01:00+05:30,0xe17a9cb7a7ed46b350ce940b056e366497ac462d,0xc91021f6b827a65b34f316a45c46914e6600f53a,24734.16,USDT,2186500,layering,3,False
0x18c4a82c4c40f277b28163c508620f943480c3279b0336c03e8f1e02d293b757,0x18c4a82c4c40f277b28163c508620f943480c3279b0336c03e8f1e02d293b757,RAAZ-26-1060,BSC,61732180,2026-09-09T21:49:00+05:30,0xee4e056d702526e2aadd78b56415a6f581d6b182,0xe4e67a80b661a849afaaf326356daaa983aa93f6,15465.46,USDT,1367147,layering,3,False
0x1f2f4ee9cb157a2e752e0c63f994d87e0490023037b82197c5ac4a7f2c1a256b,0x1f2f4ee9cb157a2e752e0c63f994d87e0490023037b82197c5ac4a7f2c1a256b,RAAZ-26-1060,BSC,61747560,2026-09-10T10:38:00+05:30,0xc91021f6b827a65b34f316a45c46914e6600f53a,0x7d97e08c1b728e877573edec907db4a7969187e9,24734.16,USDT,2186500,consolidation,4,False
0x40bc72a34b732e14cb016b44c93237aa26080815bd348b1625126a1b33d8cacc,0x40bc72a34b732e14cb016b44c93237aa26080815bd348b1625126a1b33d8cacc,RAAZ-26-1060,BSC,61748880,2026-09-10T11:44:00+05:30,0xe4e67a80b661a849afaaf326356daaa983aa93f6,0xae284979f33199b063138f2fd236bf01567a3e38,15465.46,USDT,1367147,layering,4,False
0x4bf6beb5f20aef0dba86a3081e9bd2f641404396d22d5088b0357b614a9120e3,0x4bf6beb5f20aef0dba86a3081e9bd2f641404396d22d5088b0357b614a9120e3,RAAZ-26-1060,BSC,61759240,2026-09-10T20:22:00+05:30,0xae284979f33199b063138f2fd236bf01567a3e38,0x7d97e08c1b728e877573edec907db4a7969187e9,15465.46,USDT,1367147,consolidation,4,False
0x616d43f80cdb9db257e6ea3d0700dad6909c300b21b948aa6319f69ba985ac0d,0x616d43f80cdb9db257e6ea3d0700dad6909c300b21b948aa6319f69ba985ac0d,RAAZ-26-1060,BSC,61767640,2026-09-11T03:22:00+05:30,0x7d97e08c1b728e877573edec907db4a7969187e9,0xe84830ba748f0a5bd5e45d13c4e8cfc4a233cfab,38233.47,USDT,3379839,exchange_deposit,5,False
0x54f8ad0151da55eaebf2e45b1be1f85d39c752077c63fabc22100babfa39eea6,0x54f8ad0151da55eaebf2e45b1be1f85d39c752077c63fabc22100babfa39eea6,RAAZ-26-1060,BSC,61768000,2026-09-11T03:40:00+05:30,0xe84830ba748f0a5bd5e45d13c4e8cfc4a233cfab,0xb9912ef7cb3e354553456ba1466690dff503bec0,38233.47,USDT,3379839,exchange_sweep,6,False
