address,network,role,label,entity,cluster_id,risk_score,cases,in_inr,out_inr,tx_count,balance,token,first_seen,last_seen
TaJXqcRHSmfSNjNFNsY7WfGZgnjoyP3vkT,TRON,consolidation,Consolidation wallet (Syndicate A),,CL-SYN-01,97,RAAZ-26-1007;RAAZ-26-1009;RAAZ-26-1037;RAAZ-26-1048;RAAZ-26-1059,22109890,20847427,25,96.75,USDT,2026-06-12T08:00:00+05:30,2026-09-14T01:30:00+05:30
0xec93a5a5e96bb020c36c24ddd88416e6e1d35a53,ETH,mixer,Umbra Tumbler (mixing service),Umbra Tumbler,,96,RAAZ-26-1006;RAAZ-26-1049,7303131,7120552,7,,USDC,2026-07-27T15:28:00+05:30,2026-09-09T22:46:00+05:30
0x7d97e08c1b728e877573edec907db4a7969187e9,BSC,consolidation,Consolidation wallet (Syndicate C),,CL-SYN-03,96,RAAZ-26-1017;RAAZ-26-1022;RAAZ-26-1027;RAAZ-26-1035;RAAZ-26-1040;RAAZ-26-1060,26717222,26174132,34,0.2921,BNB,2026-07-05T06:53:00+05:30,2026-09-20T01:19:00+05:30
0xfc15c19543e95a33d8db7989cb39a07f066fb153,BSC,mixer,Obscura Mixer (mixing service),Obscura Mixer,,96,RAAZ-26-1027;RAAZ-26-1035,10273970,10017122,8,,USDT,2026-08-19T04:32:00+05:30,2026-09-20T00:45:00+05:30
bc1qqk0t7p3r6q49r7heu43dyzqwr0v8cax6gjqt3f,BTC,mixer,Umbra Tumbler (mixing service),Umbra Tumbler,,96,RAAZ-26-1031,8070,7872,4,,BTC,2026-09-01T08:10:00+05:30,2026-09-02T03:30:00+05:30
0xd5393b28e9a8d0539206f8d25f32a83bfa234907,ETH,mixer,Obscura Mixer (mixing service),Obscura Mixer,,96,RAAZ-26-1047,333019,324691,4,,ETH,2026-09-04T21:55:00+05:30,2026-09-05T18:51:00+05:30
0xcfde319e94c2c7774c689e15aaea135f5a2ba12e,ETH,consolidation,Consolidation wallet,,CL-1049-C,93,RAAZ-26-1049,25716484,23528564,8,24764.26,USDC,2026-09-09T00:30:00+05:30,2026-09-09T23:32:00+05:30
0x6c89b206b1081043b119dc1ef4cbfeac8f7181d7,POLYGON,consolidation,Consolidation wallet,,CL-1049-C,93,RAAZ-26-1049,4978052,4937035,2,464.25,USDC,2026-09-09T00:56:00+05:30,2026-09-09T01:20:00+05:30
TGsRGyN1csQ19FGdv7nxvfZu53ziucywXD,TRON,suspect,Reported suspect wallet,,CL-1048-A,92,RAAZ-26-1048,208625,202125,10,73.54,USDT,2026-07-02T03:06:00+05:30,2026-07-06T23:06:00+05:30
0xc7956196acb7f18d95497a06138b83f5c4e0e7ad,BSC,suspect,Reported suspect wallet,,CL-1035-A,91,RAAZ-26-1035,21859284,21645478,9,3.4765,BNB,2026-09-13T12:41:00+05:30,2026-09-19T03:19:00+05:30
0x8597567d00d23b78fbf0a25234df03060e145624,ETH,suspect,Reported suspect wallet,,CL-1049-A,88,RAAZ-26-1049,31225086,30762689,20,5233.66,USDC,2026-08-30T00:54:00+05:30,2026-09-09T00:31:00+05:30
0xf4a556fe8ad5b7c378b8b8b8dc7a0ddcd0cf07a3,BSC,suspect,Reported suspect wallet,,CL-1027-A,87,RAAZ-26-1027,735987,723898,12,136.75,USDT,2026-08-17T16:48:00+05:30,2026-08-21T08:48:00+05:30
TkhPqxWMZPFjE7YGk1JwJkCaY3QH4hWfc3,TRON,intermediary,Layering wallet,,CL-SYN-01,87,RAAZ-26-1048,57272,57272,2,0.0,USDT,2026-07-04T19:16:00+05:30,2026-07-04T19:30:00+05:30
THrDSTMWCtqQR9qC22cAXhoLqfSu46k8pJ,TRON,intermediary,Peel-off wallet,,,87,RAAZ-26-1048,2595,0,1,29.35,USDT,2026-07-04T19:40:00+05:30,2026-07-04T19:40:00+05:30
TU4ca2rAV4P6ARsuANsCS5a4gNC3nCQJSr,TRON,intermediary,Peel-chain change wallet,,CL-1048-B,87,RAAZ-26-1048,18813,18812,3,0.01,USDT,2026-07-04T19:40:00+05:30,2026-07-04T19:58:00+05:30
0x92679b5aca4188f873b7e0029226a6b40cb15669,BSC,suspect,Reported suspect wallet,,CL-1022-A,86,RAAZ-26-1022,827476,809851,10,0.2866,BNB,2026-09-06T01:34:00+05:30,2026-09-13T12:01:00+05:30
TRpw1g96YrV9KBzkNvScVc8kjp4MxJMywV,TRON,intermediary,Layer-1 distribution wallet,,CL-1048-A,86,RAAZ-26-1048,21407,21408,3,0.0,USDT,2026-07-04T19:15:00+05:30,2026-07-04T19:40:00+05:30
TfK3BKge5qJ9vkj6CzGNmkVG7f5s6XNJjj,TRON,intermediary,Layering wallet,,,85,RAAZ-26-1048,28780,28780,2,0.0,USDT,2026-07-04T19:36:00+05:30,2026-07-04T20:01:00+05:30
TpmmUx1369SfzpK4mj4AUBRzC9WxZWgnQf,TRON,intermediary,Peel-off wallet,,CL-SYN-01,85,RAAZ-26-1048,2468,2468,2,0.0,USDT,2026-07-04T19:58:00+05:30,2026-07-04T20:10:00+05:30
TaXJKCK9ovAdBPusifBMZffqGgWqouRt8m,TRON,consolidation,Consolidation wallet (Syndicate B),,CL-SYN-02,84,RAAZ-26-1003;RAAZ-26-1005;RAAZ-26-1011;RAAZ-26-1023;RAAZ-26-1039;RAAZ-26-1050;RAAZ-26-1054;RAAZ-26-1055,20869166,19899961,43,136.49,USDT,2026-06-09T03:08:00+05:30,2026-09-22T22:19:00+05:30
TogtMNdpKKuVoqHCE9bQSdq3oh1JKJPFsb,TRON,consolidation,Consolidation wallet,,CL-1044-C,84,RAAZ-26-1044,337036,313196,7,269.68,USDT,2026-09-18T13:00:00+05:30,2026-09-18T14:26:00+05:30
0xa6a6e5f17c3c64326617af3c778e254315f64297,ETH,intermediary,Layer-1 distribution wallet,,CL-1049-A,83,RAAZ-26-1049,8214244,8214244,2,0.0,USDC,2026-09-09T00:21:00+05:30,2026-09-09T00:49:00+05:30
0x97a8933c807b6fe5970a99e4bc2b4cb63853f6d3,ETH,intermediary,Layering wallet,,CL-1049-C,83,RAAZ-26-1049,2246877,2246877,2,0.0,USDC,2026-09-09T00:25:00+05:30,2026-09-09T00:30:00+05:30
0x47014f416668bfebe647a9f7286f1bcef392d127,BSC,intermediary,Peel-off wallet,,,82,RAAZ-26-1027,14937,0,1,168.97,USDT,2026-08-18T00:22:00+05:30,2026-08-18T00:22:00+05:30
0xbbbe32f12fbfed94a6399688c77531cb528ea046,BSC,intermediary,Pre-mix staging wallet,,,82,RAAZ-26-1035,10182518,10182518,2,0.0,BNB,2026-09-19T03:35:00+05:30,2026-09-19T03:52:00+05:30
Tic7zAwHMPXNDjrzYUvqDsyGRBjWwH1q2E,TRON,intermediary,Layer-1 distribution wallet,,CL-1048-A,82,RAAZ-26-1048,60377,60377,2,0.0,USDT,2026-07-04T19:02:00+05:30,2026-07-04T19:27:00+05:30
0xc9597fa004dce7156412d6b3a75c22d20b439cf5,BSC,intermediary,Layering wallet,,,81,RAAZ-26-1027,141471,141471,2,0.0,USDT,2026-08-18T05:53:00+05:30,2026-08-18T16:47:00+05:30
bc1ql5lt226na59sja572hkactydhhujs89hlhpuar,BTC,suspect,Reported suspect wallet,,CL-1031-A,81,RAAZ-26-1031,75713,74599,7,0.000118,BTC,2026-08-30T21:50:00+05:30,2026-09-01T07:41:00+05:30
0xa77f0589adb4b409869ae36aaeea524e62723cf2,ETH,intermediary,Layer-1 distribution wallet,,CL-1049-A,81,RAAZ-26-1049,2246877,2246877,2,0.0,USDC,2026-09-09T00:01:00+05:30,2026-09-09T00:25:00+05:30
0x7c4304bc1a1eaef303939ac6a6045e4cd2cd2ea2,BSC,intermediary,Peel-chain change wallet,,CL-1022-B,80,RAAZ-26-1022,186677,186677,2,0.0,BNB,2026-09-13T12:50:00+05:30,2026-09-13T13:02:00+05:30
0x7dd7dea00b28d4ac56484dd04d2ee087abfe989b,BSC,intermediary,Layering wallet,,,80,RAAZ-26-1027,101951,101951,2,0.0,USDT,2026-08-18T08:20:00+05:30,2026-08-18T09:40:00+05:30
0x5d97348e70c5b21d7cdb5e212a832e956f822c37,BSC,intermediary,Layer-1 distribution wallet,,CL-1027-A,80,RAAZ-26-1027,123001,123001,3,0.0,USDT,2026-08-17T19:32:00+05:30,2026-08-18T00:22:00+05:30
0x020f52eb5ff706ab53c7cb8b40427b3c315557a2,BSC,intermediary,Peel-off wallet,,,80,RAAZ-26-1027,5934,0,1,67.13,USDT,2026-08-18T20:23:00+05:30,2026-08-18T20:23:00+05:30
0x8da0d56cbdaee276ba4082c214295eec4d1b0ff4,BSC,intermediary,Peel-off wallet,,,80,RAAZ-26-1027,7174,0,1,81.15,USDT,2026-08-19T06:39:00+05:30,2026-08-19T06:39:00+05:30
0x30a855a13659f87d2c8fd7253fa53bbb086d15e1,BSC,intermediary,Mixer output (probabilistic link),,CL-SYN-03,80,RAAZ-26-1035,3936959,3936959,2,0.0,BNB,2026-09-19T22:10:00+05:30,2026-09-19T22:21:00+05:30
Tttj1tXmzM5ZY9X65PJnvvTnTo5AnneTRh,TRON,intermediary,Layering wallet,,,80,RAAZ-26-1048,34289,34289,2,0.0,USDT,2026-07-04T19:35:00+05:30,2026-07-04T19:37:00+05:30
0xa1e926505d785bbc6d7a4e6533f5adbd0b73557b,ETH,intermediary,Layering wallet,,CL-1049-C,80,RAAZ-26-1049,8214244,8214244,2,0.0,USDC,2026-09-09T00:49:00+05:30,2026-09-09T00:58:00+05:30
0x513b5f9d9fe99f5dc82a1fe996d8ce34896f7df7,POLYGON,intermediary,Post-bridge layering wallet,,CL-1049-C,80,RAAZ-26-1049,4978052,4978052,2,0.0,USDC,2026-09-09T00:52:00+05:30,2026-09-09T00:56:00+05:30
0x1b3c6e6d8aaaee489b571586ec8608f65d355767,BSC,intermediary,Peel-off wallet,,,79,RAAZ-26-1022,12195,0,1,0.1983,BNB,2026-09-13T12:34:00+05:30,2026-09-13T12:34:00+05:30
0x69d881b7daf5f6e3e3f5009a22bd4c129686798b,BSC,intermediary,Layering wallet,,CL-SYN-03,79,RAAZ-26-1027,113256,113256,2,0.0,USDT,2026-08-18T16:32:00+05:30,2026-08-18T22:52:00+05:30
0x7d32a168ff2cb0c78eff183741913da40e53ce28,BSC,intermediary,Peel-chain change wallet,,CL-1027-B,79,RAAZ-26-1027,108064,108062,3,0.01,USDT,2026-08-18T00:22:00+05:30,2026-08-18T05:34:00+05:30
TAgvgqYQze9swebfT3F23BF39cLM63kTmS,TRON,suspect,Reported suspect wallet,,CL-1044-A,79,RAAZ-26-1044,355171,353788,11,15.65,USDT,2026-09-11T16:21:00+05:30,2026-09-18T12:43:00+05:30
TG4ZiVigVCR73HG1ZvcWY88ydktdtYNweQ,TRON,intermediary,Peel-chain change wallet,,CL-1048-B,79,RAAZ-26-1048,13202,13202,2,0.0,USDT,2026-07-04T20:29:00+05:30,2026-07-04T20:56:00+05:30
ThkFfShMkicBQ5szHcjh3FaTT6Kc9ijugJ,TRON,suspect,Reported suspect wallet,,CL-1050-A,79,RAAZ-26-1050,254754,250403,14,49.23,USDT,2026-08-02T13:03:00+05:30,2026-08-12T07:10:00+05:30
TyyTgFRjPPqVqpGykUZcSxYp45cr7RwVJR,TRON,suspect,Reported suspect wallet,,CL-1005-A,78,RAAZ-26-1005,1445555,1403566,9,474.98,USDT,2026-08-17T16:10:00+05:30,2026-08-22T22:13:00+05:30
0x14d171163ada542e051d1286039eadaf1140b8fd,BSC,intermediary,Layer-1 distribution wallet,,CL-1022-A,78,RAAZ-26-1022,283103,283103,3,0.0,BNB,2026-09-13T11:49:00+05:30,2026-09-13T11:59:00+05:30
0x308a68f81ab480c476875947afcf6001786b809f,BSC,intermediary,Peel-chain change wallet,,CL-1027-B,78,RAAZ-26-1027,79213,79214,3,0.0,USDT,2026-08-19T01:41:00+05:30,2026-08-19T06:39:00+05:30
0xbb523cc2c428f8da9dce940b7603745f827c6fff,BSC,intermediary,Layering wallet,,CL-SYN-03,78,RAAZ-26-1035,11462960,11462960,2,0.0,BNB,2026-09-19T03:52:00+05:30,2026-09-19T04:07:00+05:30
TCVVsfkdap3ccGctX9saxhcm4tfFzsJLaV,TRON,intermediary,Peel-off wallet,,CL-SYN-01,78,RAAZ-26-1048,1487,1487,2,0.0,USDT,2026-07-04T20:03:00+05:30,2026-07-04T20:18:00+05:30
0x73d6338a8cf01613b733b0686063a287b5128db7,BSC,intermediary,Layering wallet,,CL-SYN-03,77,RAAZ-26-1022,354554,354554,2,0.0,BNB,2026-09-13T12:56:00+05:30,2026-09-13T13:17:00+05:30
0x13450d7e0b8a7946febfdd1c5dc42db9009b1f0e,BSC,intermediary,Mixer output (probabilistic link),,CL-SYN-03,77,RAAZ-26-1027,16693,16693,2,0.0,USDT,2026-08-20T17:39:00+05:30,2026-08-21T06:34:00+05:30
0x6ac8b6a7d17841c7d8345fbdad3b1d3b3593f8a7,BSC,intermediary,Mixer output (probabilistic link),,CL-SYN-03,77,RAAZ-26-1027,31934,31934,2,0.0,USDT,2026-08-20T22:11:00+05:30,2026-08-21T05:00:00+05:30
0x76f3fe7f8f2172278998fa9508336f1ae536ddae,BSC,intermediary,Layering wallet,,,77,RAAZ-26-1035,11462960,11462960,2,0.0,BNB,2026-09-19T03:26:00+05:30,2026-09-19T03:52:00+05:30
TYzGqfcGQGvgP7KKiy6PKTcX9qvzUVfKvN,TRON,intermediary,Layer-1 distribution wallet,,CL-1048-A,77,RAAZ-26-1048,57272,57272,2,0.0,USDT,2026-07-04T19:13:00+05:30,2026-07-04T19:16:00+05:30
0x9a71ff42f3e0f6b6bbce0fc67cfd219de7c9bcea,ETH,intermediary,Layer-1 distribution wallet,,CL-1049-A,77,RAAZ-26-1049,4988028,4988028,2,0.0,USDC,2026-09-09T00:05:00+05:30,2026-09-09T00:13:00+05:30
0xe1dabfee1e60694d5a1b6b94e4754e8743674a40,ETH,intermediary,Mixer output (probabilistic link),,CL-1049-C,77,RAAZ-26-1049,1092587,1092587,2,0.0,USDC,2026-09-09T20:52:00+05:30,2026-09-09T21:16:00+05:30
0x65884131914db9fc1d49adb24ce1c53539f9ce66,ETH,intermediary,Layering wallet,,,77,RAAZ-26-1049,8758940,8758940,2,0.0,USDC,2026-09-09T00:01:00+05:30,2026-09-09T00:28:00+05:30
0xb97d9f38e88170696d3a2cb2bde51983ef0720d9,POLYGON,exchange_deposit,NovaX Exchange: deposit address (attributed),NovaX Exchange,,77,RAAZ-26-1049,4937035,4937035,2,0.0,USDC,2026-09-09T01:20:00+05:30,2026-09-09T01:58:00+05:30
0x88bab6c3bab2faff225f4bb1a67c4644728af4e3,BSC,intermediary,Layer-1 distribution wallet,,CL-1027-A,76,RAAZ-26-1027,91452,91452,2,0.0,USDT,2026-08-17T20:11:00+05:30,2026-08-18T07:02:00+05:30
0x6fc42dbbcab4b29def9b3a60af7f9f3984ca6957,BSC,intermediary,Pre-mix staging wallet,,,76,RAAZ-26-1027,91452,91452,2,0.0,USDT,2026-08-18T20:18:00+05:30,2026-08-19T04:32:00+05:30
bc1qfl2mhhm42t25kgp5e9fdm4ljy6kzgh45w5gnut,BTC,intermediary,Peel-off wallet,,,76,RAAZ-26-1031,1295,0,1,0.000137,BTC,2026-09-01T07:55:00+05:30,2026-09-01T07:55:00+05:30
bc1qmgngr4cmtg7eyns9d4djuta4v2dxlvyvp4t3mp,BTC,intermediary,Layering wallet,,,76,RAAZ-26-1031,22548,22548,2,0.0,BTC,2026-09-01T07:47:00+05:30,2026-09-01T08:11:00+05:30
bc1q6nj2sullr02f6a4rakvrlf6huk8ts3fzqde447,BTC,intermediary,Mixer output (probabilistic link),,,76,RAAZ-26-1031,1635,0,1,0.000173,BTC,2026-09-02T02:32:00+05:30,2026-09-02T02:32:00+05:30
0x35e2fb71f06c0e69e24bdff492e95d7e26faaf9f,BSC,intermediary,Layer-1 distribution wallet,,CL-1035-A,76,RAAZ-26-1035,11462960,11462960,2,0.0,BNB,2026-09-19T03:00:00+05:30,2026-09-19T03:26:00+05:30
T184ySnvGYrZ2UYxwUCi4W1kJHM32LGjw6,TRON,intermediary,Peel-off wallet,,,76,RAAZ-26-1048,1656,0,1,18.73,USDT,2026-07-04T20:29:00+05:30,2026-07-04T20:29:00+05:30
Taqk6Y9EKR3DEMf5FaktX7BufdDXqjn3BF,TRON,exchange_deposit,Quasar Exchange: deposit address (attributed),Quasar Exchange,,76,RAAZ-26-1048,186090,186090,2,0.0,USDT,2026-07-04T20:59:00+05:30,2026-07-04T21:34:00+05:30
0xd08123b04864ad44a174f6ebcb1e2b62ea19ac3a,ETH,intermediary,Layering wallet,,,76,RAAZ-26-1049,8758940,8758940,2,0.0,USDC,2026-09-09T00:28:00+05:30,2026-09-09T00:56:00+05:30
0x1fc4568305352ba6283608d58f30414f377e3157,ETH,intermediary,Layering wallet,,CL-1049-C,76,RAAZ-26-1049,8758940,8758940,2,0.0,USDC,2026-09-09T00:56:00+05:30,2026-09-09T01:00:00+05:30
0x360b1ab5515e33964a256b9e08a6ecfaa989bd30,ETH,exchange_deposit,Pinecrest P2P: deposit address (attributed),Pinecrest P2P,,76,RAAZ-26-1049,13068423,13068423,2,0.0,USDC,2026-09-09T23:32:00+05:30,2026-09-10T00:21:00+05:30
0xe023050d382e0bc897197ed43b569eb62c802c5e,BSC,intermediary,Layering wallet,,,75,RAAZ-26-1027,113256,113256,2,0.0,USDT,2026-08-18T05:08:00+05:30,2026-08-18T16:32:00+05:30
0xb9ab4995d27738cee34c77a35474f45ac80a4244,BSC,intermediary,Peel-off wallet,,CL-SYN-03,75,RAAZ-26-1027,12190,12190,2,0.0,USDT,2026-08-19T01:41:00+05:30,2026-08-19T02:58:00+05:30
bc1qvtgefsm3ayu8hzkzc2y945knec7jsxtvhsc73d,BTC,intermediary,Peel-off wallet,,,75,RAAZ-26-1031,1531,0,1,0.000162,BTC,2026-09-01T08:21:00+05:30,2026-09-01T08:21:00+05:30
bc1q859wu04ay08wthpdjxlgy4smry64mlc49dsx6l,BTC,intermediary,Peel-chain change wallet,,CL-1031-B,75,RAAZ-26-1031,12200,12209,3,0.0,BTC,2026-09-01T08:21:00+05:30,2026-09-01T08:41:00+05:30
bc1qlupcqs36pu2a6cmva9pjr07g6xysefpppyvp55,BTC,intermediary,Layer-1 distribution wallet,,CL-1031-A,75,RAAZ-26-1031,8070,8070,2,0.0,BTC,2026-09-01T07:41:00+05:30,2026-09-01T07:45:00+05:30
TcjB6BeK4xiTL3bZFEt5osESc4a7VsQPBB,TRON,intermediary,Peel-chain change wallet,,CL-1048-B,75,RAAZ-26-1048,16344,16344,3,0.0,USDT,2026-07-04T19:58:00+05:30,2026-07-04T20:03:00+05:30
0x33db6e725342794cdf89cd5ed1266539fce87f47,ETH,intermediary,Layer-1 distribution wallet,,CL-1049-A,75,RAAZ-26-1049,8758940,8758940,2,0.0,USDC,2026-09-08T23:54:00+05:30,2026-09-09T00:01:00+05:30
T4CSQaX4csN6MfjCduKP8vUNLxV4piSL3s,TRON,consolidation,Consolidation wallet,,CL-1053-C,75,RAAZ-26-1053,25359389,25044654,6,3560.35,USDT,2026-08-22T06:47:00+05:30,2026-08-22T07:38:00+05:30
0x89686d90de06a6be63ca602cdab6765c4504c519,ETH,consolidation,Consolidation wallet (Syndicate D),,CL-SYN-04,74,RAAZ-26-1010;RAAZ-26-1012;RAAZ-26-1013;RAAZ-26-1014,19914386,18220520,29,18659.44,USDT,2026-07-25T23:00:00+05:30,2026-09-24T08:48:00+05:30
0x45b4e6ac94b85e4084428b0f57d2e2057b908945,BSC,exchange_deposit,Zentra Global: deposit address (attributed),Zentra Global,,74,RAAZ-26-1022,478365,478365,2,0.0,BNB,2026-09-13T13:45:00+05:30,2026-09-13T15:11:00+05:30
0x4a3c0dd65295ecfb34378d0241a93aa72ba6d9c2,BSC,intermediary,Layering wallet,,CL-SYN-03,74,RAAZ-26-1027,141471,141471,2,0.0,USDT,2026-08-18T16:47:00+05:30,2026-08-18T22:34:00+05:30
0xfa6c73e2275185a0cea1d5761c58c5c7eacbaac3,BSC,intermediary,Peel-off wallet,,,74,RAAZ-26-1027,5195,0,1,58.77,USDT,2026-08-18T11:37:00+05:30,2026-08-18T11:37:00+05:30
0xdc52ae51f7268995bb981f1b7b3dacabedca8f1d,BSC,intermediary,Peel-chain change wallet,,CL-1027-B,74,RAAZ-26-1027,97338,97338,3,0.0,USDT,2026-08-18T11:37:00+05:30,2026-08-18T20:23:00+05:30
bc1q0j7h22h5mq2kn9nw7t7e9fmakauycmggqdu0w4,BTC,intermediary,Layer-1 distribution wallet,,CL-1031-A,74,RAAZ-26-1031,22548,22548,2,0.0,BTC,2026-09-01T07:41:00+05:30,2026-09-01T07:47:00+05:30
TMWcSde47LNAf5kD96Cc57nVur3etJEuiK,TRON,intermediary,Layering wallet,,CL-1044-C,74,RAAZ-26-1044,123359,123359,2,0.0,USDT,2026-09-18T13:36:00+05:30,2026-09-18T14:01:00+05:30
TUoDaR6DsSeWBDJ8aCH8oRt6pbzfGKBu88,TRON,intermediary,Layering wallet,,CL-1044-C,74,RAAZ-26-1044,78561,78561,2,0.0,USDT,2026-09-18T13:09:00+05:30,2026-09-18T13:16:00+05:30
TDtVpqKFSsfsD9bNURkLdCzsbdoKzM4txs,TRON,intermediary,Layering wallet,,,74,RAAZ-26-1048,34289,34289,2,0.0,USDT,2026-07-04T19:28:00+05:30,2026-07-04T19:35:00+05:30
0x6843cd7d4922ceb89a1bf47a9c41f0878ffb1d3a,POLYGON,intermediary,Bridge output wallet on Polygon,,,74,RAAZ-26-1049,4978052,4978052,2,0.0,USDC,2026-09-09T00:28:00+05:30,2026-09-09T00:35:00+05:30
0x425ed080153a33f7e9bae25611c618f203087762,ETH,exchange_deposit,Meridian OTC Desk: deposit address (attributed),Meridian OTC Desk,,74,RAAZ-26-1049,10460141,10460141,2,0.0,USDC,2026-09-09T23:05:00+05:30,2026-09-09T23:50:00+05:30
Tc5tA4fwjr7MNDj8PN66pbi85cKJTJrYoW,TRON,intermediary,Peel-chain change wallet,,CL-1050-B,74,RAAZ-26-1050,32140,32139,3,0.01,USDT,2026-08-12T14:56:00+05:30,2026-08-12T23:58:00+05:30
TVcBUotyfjaoKqbstyWCCJ1UyAtXijoPcR,TRON,intermediary,Peel-chain change wallet,,CL-1050-B,74,RAAZ-26-1050,26482,26482,2,0.0,USDT,2026-08-13T13:24:00+05:30,2026-08-13T19:34:00+05:30
TBq31a1FV943pVV4XvGcsHbwhnGEPHX2Ys,TRON,intermediary,Layer-1 distribution wallet,,CL-1050-A,74,RAAZ-26-1050,68198,68198,2,0.0,USDT,2026-08-12T06:31:00+05:30,2026-08-12T15:29:00+05:30
TW3uAiAxQsD4GmrBq4VZ2x5W8ZUX87fCdQ,TRON,suspect,Reported suspect wallet,,CL-1007-A,73,RAAZ-26-1007,130733,128239,12,28.23,USDT,2026-08-26T01:42:00+05:30,2026-09-10T05:20:00+05:30
0xdb82c125147ab9141eef707bfe601e1a5e5cdc9b,BSC,intermediary,Layering wallet,,,73,RAAZ-26-1022,354554,354554,2,0.0,BNB,2026-09-13T12:28:00+05:30,2026-09-13T12:56:00+05:30
0xa974e259dfc112e2a57a0f02f3ad914599efded1,BSC,intermediary,Peel-chain change wallet,,CL-1022-B,73,RAAZ-26-1022,216437,216431,3,0.0001,BNB,2026-09-13T12:34:00+05:30,2026-09-13T12:50:00+05:30
0xd46b8c05ae021c0ad636d0693e3f43ec1e06595b,BSC,intermediary,Layering wallet,,CL-SYN-03,73,RAAZ-26-1027,152767,152767,2,0.0,USDT,2026-08-18T00:23:00+05:30,2026-08-18T03:01:00+05:30
bc1quuf0mz2x08n42dyrt4wjcx7mgmsekmmkkcdvy4,BTC,intermediary,Layering wallet,,,73,RAAZ-26-1031,28955,28955,2,0.0,BTC,2026-09-01T07:43:00+05:30,2026-09-01T07:52:00+05:30
0x44163956173252881594af66a0d956172f6f67e9,BSC,intermediary,Layer-1 distribution wallet,,CL-1035-A,73,RAAZ-26-1035,10182518,10182518,2,0.0,BNB,2026-09-19T03:19:00+05:30,2026-09-19T03:25:00+05:30
0x7521ac95114b15bfabbd300025f8e9d796168a7f,BSC,intermediary,Mixer output (probabilistic link),,CL-SYN-03,73,RAAZ-26-1035,5990998,5990998,2,0.0,BNB,2026-09-20T00:45:00+05:30,2026-09-20T00:58:00+05:30
Twjw2pcFiLwgysemzMkg6Ka2YoomgUG7ju,TRON,intermediary,Layer-1 distribution wallet,,CL-1044-A,73,RAAZ-26-1044,123359,123359,2,0.0,USDT,2026-09-18T12:43:00+05:30,2026-09-18T13:09:00+05:30
TkFYQtxcuEFZbgbGdXTq75XJWHZF5rVMXi,TRON,intermediary,Layer-1 distribution wallet,,CL-1048-A,73,RAAZ-26-1048,28780,28780,2,0.0,USDT,2026-07-04T19:19:00+05:30,2026-07-04T19:36:00+05:30
TzkW46BLF35nhcK8oinXFJ7uP4jpHougMy,TRON,intermediary,Layering wallet,,CL-SYN-01,73,RAAZ-26-1048,34289,34289,2,0.0,USDT,2026-07-04T19:37:00+05:30,2026-07-04T19:55:00+05:30
TsVWEZcQTHv1NvBSiT465FLLn84a2wG4ji,TRON,intermediary,Peel-chain change wallet,,CL-1048-B,73,RAAZ-26-1048,14857,14858,3,0.0,USDT,2026-07-04T20:03:00+05:30,2026-07-04T20:29:00+05:30
0xc4fe43c56aa50d2bfa6445d0713c32e546ffbff0,POLYGON,intermediary,Post-bridge layering wallet,,,73,RAAZ-26-1049,4978052,4978052,2,0.0,USDC,2026-09-09T00:35:00+05:30,2026-09-09T00:52:00+05:30
0x1d705112b6ebbeaacf6cd45a57a70086f68c1a2c,ETH,intermediary,Pre-mix staging wallet,,,73,RAAZ-26-1049,2327060,2327060,2,0.0,USDC,2026-09-09T00:58:00+05:30,2026-09-09T01:07:00+05:30
0x1d4bbaf75a92ee73fa628292e9a95a817da0c2d1,ETH,intermediary,Layering wallet,,CL-1049-C,73,RAAZ-26-1049,4227540,4227540,2,0.0,USDC,2026-09-09T01:10:00+05:30,2026-09-09T01:23:00+05:30
TqDi6hv7LX7Sqhsn4kvtg4gF4buzHyu9Sk,TRON,suspect,Reported suspect wallet,,CL-1054-A,73,RAAZ-26-1054,281811,274047,12,87.82,USDT,2026-09-15T09:37:00+05:30,2026-09-21T06:50:00+05:30
TJ5GD22Z16n18VP4TPXfSucoxu1v8pRvLq,TRON,consolidation,Consolidation wallet,,CL-1004-C,72,RAAZ-26-1004,42044471,42006053,6,434.58,USDT,2026-08-04T18:09:00+05:30,2026-08-04T19:46:00+05:30
TezAdzSGdhdJ3dP9MGDRCGiWv4SJVQS2L6,TRON,intermediary,Peel-off wallet,,CL-SYN-02,72,RAAZ-26-1005,45438,45438,2,0.0,USDT,2026-08-23T07:20:00+05:30,2026-08-23T18:13:00+05:30
0xab011ddc2a06b5e72153a104aec14446a9cf2082,BSC,intermediary,Layering wallet,,CL-SYN-03,72,RAAZ-26-1022,172194,172194,2,0.0,BNB,2026-09-13T12:07:00+05:30,2026-09-13T12:33:00+05:30
0xd309e0a093a412a0d445e822e051fe42160a818b,BSC,intermediary,Peel-chain change wallet,,CL-1022-B,72,RAAZ-26-1022,260981,260981,3,0.0,BNB,2026-09-13T11:59:00+05:30,2026-09-13T12:23:00+05:30
0x02fea6c49ff0e2c214ef4ef990971301e6bda812,BSC,intermediary,Peel-chain change wallet,,CL-1022-B,72,RAAZ-26-1022,228626,228632,3,0.0,BNB,2026-09-13T12:23:00+05:30,2026-09-13T12:34:00+05:30
0x07bbc1616e4885614ed9055abf178358f1e87291,BSC,intermediary,Layer-1 distribution wallet,,CL-1027-A,72,RAAZ-26-1027,101951,101951,2,0.0,USDT,2026-08-17T19:40:00+05:30,2026-08-17T22:32:00+05:30
0xa49bcf606a7839721d5bb8b1a70b7f42863e5d71,BSC,intermediary,Mixer output (probabilistic link),,CL-SYN-03,72,RAAZ-26-1027,14246,14246,2,0.0,USDT,2026-08-20T20:39:00+05:30,2026-08-21T00:39:00+05:30
0xa5c9187061614209f13a382521c7945dd46dbaaf,BSC,intermediary,Layer-1 distribution wallet,,CL-1027-A,72,RAAZ-26-1027,113256,113256,2,0.0,USDT,2026-08-17T20:00:00+05:30,2026-08-18T05:08:00+05:30
0x71726233f5716faf7004d9d35cea9522cdab354f,BSC,intermediary,Peel-off wallet,,,72,RAAZ-26-1027,5529,0,1,62.55,USDT,2026-08-18T05:34:00+05:30,2026-08-18T05:34:00+05:30
bc1q8pd8gtxut8dvs0nvdeyp5svhh090y8ge505w03,BTC,intermediary,Layer-1 distribution wallet,,CL-1031-A,72,RAAZ-26-1031,15026,15035,3,0.0,BTC,2026-09-01T07:41:00+05:30,2026-09-01T07:55:00+05:30
bc1qdkylmzekh0dfe3j62sz97ak7lskn8je7gzm0en,BTC,intermediary,Layering wallet,,,72,RAAZ-26-1031,28955,0,1,0.003064,BTC,2026-09-01T07:52:00+05:30,2026-09-01T07:52:00+05:30
0x219cb88c6d74b3a4a248226fb831d949722c0d6a,BSC,intermediary,Pre-mix staging wallet,,,72,RAAZ-26-1035,10182518,10182518,2,0.0,BNB,2026-09-19T03:25:00+05:30,2026-09-19T03:35:00+05:30
0x6e49d4cc0b6eee6a734225eeea14add80384e771,BSC,exchange_deposit,Zentra Global: deposit address (attributed),Zentra Global,,72,RAAZ-26-1035,21117169,21117169,2,0.0,BNB,2026-09-20T01:19:00+05:30,2026-09-20T02:44:00+05:30
TDjYJg4A3rjobFEaC5GP2bk6JkMjFfww9q,TRON,intermediary,Peel-off wallet,,,72,RAAZ-26-1044,4165,0,1,47.12,USDT,2026-09-18T13:37:00+05:30,2026-09-18T13:37:00+05:30
TqWscQmkLv29yZ6Grgv5EbNBGhjVrxHCU5,TRON,intermediary,Layering wallet,,CL-SYN-01,72,RAAZ-26-1048,28780,28780,2,0.0,USDT,2026-07-04T20:01:00+05:30,2026-07-04T20:04:00+05:30
T3fZQezELxtnrC3egZJLGEFfFVd9Q7om3q,TRON,intermediary,Layer-1 distribution wallet,,CL-1048-A,72,RAAZ-26-1048,34289,34289,2,0.0,USDT,2026-07-04T19:04:00+05:30,2026-07-04T19:28:00+05:30
TAxBzPVGFnSKq1tfYyFhUsz43r34tZGV5E,TRON,intermediary,Layering wallet,,CL-SYN-01,72,RAAZ-26-1048,60377,60377,2,0.0,USDT,2026-07-04T19:27:00+05:30,2026-07-04T19:53:00+05:30
0xcb34e0934cb3485f1a68f13700551aa6606c6f56,ETH,intermediary,Mixer output (probabilistic link),,CL-1049-C,72,RAAZ-26-1049,1176296,1176296,2,0.0,USDC,2026-09-09T22:46:00+05:30,2026-09-09T22:56:00+05:30
0x01f3f16ac897b88b2552b3b76b8a8417d8ff5117,ETH,intermediary,Layering wallet,,,72,RAAZ-26-1049,4227540,4227540,2,0.0,USDC,2026-09-09T00:31:00+05:30,2026-09-09T00:48:00+05:30
T3WPitheEtDUAYQy4fqzMYJXbj4KBWSWGv,TRON,suspect,Reported suspect wallet,,CL-1003-A,71,RAAZ-26-1003,717559,701968,14,176.38,USDT,2026-06-02T13:29:00+05:30,2026-06-08T22:10:00+05:30
0x03cad605f1f044a2d01acc9c66d19b8416e64a01,BSC,intermediary,Layer-1 distribution wallet,,CL-1022-A,71,RAAZ-26-1022,172194,172194,2,0.0,BNB,2026-09-13T11:51:00+05:30,2026-09-13T12:07:00+05:30
0xef19e85b2553d9738c35e328a84e56f417b7a507,BSC,intermediary,Layering wallet,,CL-SYN-03,71,RAAZ-26-1027,101951,101951,2,0.0,USDT,2026-08-18T09:40:00+05:30,2026-08-18T19:42:00+05:30
0x5ba63357831b53cd64930b386b79e97cf25fca90,BSC,intermediary,Pre-mix staging wallet,,,71,RAAZ-26-1027,91452,91452,2,0.0,USDT,2026-08-18T07:02:00+05:30,2026-08-18T20:18:00+05:30
0x23a205563f5bb2792656d682615cad5455c8c99a,BSC,intermediary,Mixer output (probabilistic link),,CL-SYN-03,71,RAAZ-26-1027,26292,26292,2,0.0,USDT,2026-08-20T22:05:00+05:30,2026-08-21T03:00:00+05:30
TxQVsqRjnCYcA7Pptwf9c8KtLypyQf6Rxe,TRON,intermediary,Layering wallet,,CL-1044-C,71,RAAZ-26-1044,87318,87318,2,0.0,USDT,2026-09-18T12:56:00+05:30,2026-09-18T13:00:00+05:30
TNsmW96ENLGpAVAeK7T9CfdwrmGYCx1D4y,TRON,intermediary,Peel-off wallet,,CL-1044-C,71,RAAZ-26-1044,6612,6612,2,0.0,USDT,2026-09-18T13:02:00+05:30,2026-09-18T13:21:00+05:30
TDCTT55tr8CetFgXcWsQhtGSg6THqfQ6XJ,TRON,intermediary,Peel-chain change wallet,,CL-1044-B,71,RAAZ-26-1044,35148,35148,2,0.0,USDT,2026-09-18T13:58:00+05:30,2026-09-18T14:11:00+05:30
THUthPvirTfAMfXK3DspbhiYfFsEgaMYRH,TRON,intermediary,Layering wallet,,,71,RAAZ-26-1050,66826,66826,2,0.0,USDT,2026-08-12T09:16:00+05:30,2026-08-12T15:13:00+05:30
TMyQZLqUYXrrPHfz7NrX8HrMo3ws5M2GTg,TRON,suspect,Reported suspect wallet,,CL-1009-A,70,RAAZ-26-1009,8557882,8361807,9,2218.04,USDT,2026-06-10T07:32:00+05:30,2026-06-14T23:32:00+05:30
bc1qggpfqfclkvwyl8dk0nsr8eaq5maphz4pwpq0qd,BTC,suspect,Reported suspect wallet,,CL-1018-A,70,RAAZ-26-1018,358214,350982,14,0.000765,BTC,2026-09-14T13:26:00+05:30,2026-09-21T19:26:00+05:30
0x266abd45bccd521f41ea8f06a3900c7efe3d140a,BSC,intermediary,Layer-1 distribution wallet,,CL-1027-A,70,RAAZ-26-1027,152767,152767,2,0.0,USDT,2026-08-17T19:50:00+05:30,2026-08-18T00:23:00+05:30
bc1qul694p9jl08gxafmjwe5hmh7uv72h09vm99ytd,BTC,intermediary,Peel-off wallet,,,70,RAAZ-26-1031,1191,0,1,0.000126,BTC,2026-09-01T09:09:00+05:30,2026-09-01T09:09:00+05:30
T6YLtrRo5sPRxin8sUbzgfVrqjGvXgAfur,TRON,suspect,Reported suspect wallet,,CL-1037-A,70,RAAZ-26-1037,10907765,10738299,6,1917.04,USDT,2026-08-10T09:04:00+05:30,2026-08-13T06:04:00+05:30
TGaB4fLFtsgcowtApJyhVTagLaBPUKLohJ,TRON,suspect,Reported suspect wallet,,CL-1053-A,70,RAAZ-26-1053,26338518,25359389,10,11076.11,USDT,2026-08-16T19:36:00+05:30,2026-08-22T06:27:00+05:30
TuP1uQtAXNyv3XEjEVqeTpZMMTb3pxpi1T,TRON,suspect,Reported suspect wallet,,CL-1055-A,70,RAAZ-26-1055,2098639,2090219,8,95.25,USDT,2026-09-18T08:05:00+05:30,2026-09-22T00:17:00+05:30
TW3Yw9KL991VqahyMyHaumfrenmZGirRHz,TRON,intermediary,Peel-off wallet,,,69,RAAZ-26-1005,46178,0,1,522.38,USDT,2026-08-23T19:33:00+05:30,2026-08-23T19:33:00+05:30
0x6c7ffc768706c08d961a247d15efcab1e8d36dbe,ETH,suspect,Reported suspect wallet,,CL-1010-A,69,RAAZ-26-1010,18675529,18466405,8,2365.67,USDT,2026-07-25T19:01:00+05:30,2026-07-26T18:01:00+05:30
0xaa61c81492aeb4a4ab9e9b46d80e14b35d720b48,BSC,intermediary,Layering wallet,,,69,RAAZ-26-1022,354554,354554,2,0.0,BNB,2026-09-13T12:03:00+05:30,2026-09-13T12:28:00+05:30
0xc235d5776154ba53955e00c72e9311f447bc4708,BSC,intermediary,Layer-1 distribution wallet,,CL-1027-A,69,RAAZ-26-1027,141471,141471,2,0.0,USDT,2026-08-17T19:51:00+05:30,2026-08-18T05:53:00+05:30
0xb9dea612818dfe33a6498c91cc63d757f44e1f0a,ETH,intermediary,Layer-1 distribution wallet,,CL-1049-A,69,RAAZ-26-1049,4227540,4227540,2,0.0,USDC,2026-09-09T00:19:00+05:30,2026-09-09T00:31:00+05:30
TCc9QxZUJ8HjirYooJ5aMYAnouPszhxMJs,TRON,intermediary,Layering wallet,,CL-SYN-02,69,RAAZ-26-1050,68198,68198,2,0.0,USDT,2026-08-12T15:29:00+05:30,2026-08-13T03:58:00+05:30
TwnrkLp61M6NRnXWJ1rKxvVkrfjmuVMqRo,TRON,suspect,Reported suspect wallet,,CL-1059-A,69,RAAZ-26-1059,2723305,2696595,4,302.15,USDT,2026-09-13T06:49:00+05:30,2026-09-17T12:49:00+05:30
TN5FHUds9H6eST7csvdKspToiUQUmr2DNy,TRON,intermediary,Peel-chain change wallet,,CL-1005-B,68,RAAZ-26-1005,366463,366463,3,0.0,USDT,2026-08-23T19:33:00+05:30,2026-08-23T22:55:00+05:30
TKu4ppQ2owsXyiKQaFKkzazYPRNYNGkPd9,TRON,intermediary,Peel-off wallet,,CL-SYN-01,68,RAAZ-26-1007,4195,4195,2,0.0,USDT,2026-09-10T23:29:00+05:30,2026-09-11T04:06:00+05:30
T4CZbx4F16VGe7N2Xp5Ck2YB7ust4SDTWx,TRON,intermediary,Peel-off wallet,,CL-SYN-01,68,RAAZ-26-1007,3971,3971,2,0.0,USDT,2026-09-11T07:57:00+05:30,2026-09-11T16:08:00+05:30
0xb91e55d0a084cbc9178739c3139c33af5c12f865,BSC,intermediary,Peel-off wallet,,CL-SYN-03,68,RAAZ-26-1022,29754,29754,2,0.0,BNB,2026-09-13T12:50:00+05:30,2026-09-13T13:06:00+05:30
0x82f395fd4c440ecb6eb55fdf804e4e6205d30a79,BSC,intermediary,Layering wallet,,,68,RAAZ-26-1027,101951,101951,2,0.0,USDT,2026-08-17T22:32:00+05:30,2026-08-18T08:20:00+05:30
0x1f7dbf69f2ad6706cd1865a3e7f9fe22b9ef474c,BSC,intermediary,Peel-chain change wallet,,CL-1027-B,68,RAAZ-26-1027,91404,91403,3,0.0,USDT,2026-08-18T20:23:00+05:30,2026-08-19T01:41:00+05:30
bc1qtzn7sa9t3ackddla5uejdelfgeah36k26e5tsu,BTC,intermediary,Peel-off wallet,,,68,RAAZ-26-1031,1417,0,1,0.00015,BTC,2026-09-01T08:55:00+05:30,2026-09-01T08:55:00+05:30
bc1qc43xrltgusvk52jxk26trw2lkgplkya0097xxt,BTC,intermediary,Mixer output (probabilistic link),,,68,RAAZ-26-1031,2759,0,1,0.000292,BTC,2026-09-02T03:30:00+05:30,2026-09-02T03:30:00+05:30
TAiiRhFnQ1MXkU3zyEGteyDMxfCWK4uEZu,TRON,suspect,Reported suspect wallet,,CL-1039-A,68,RAAZ-26-1039,6897296,6763491,10,1513.62,USDT,2026-07-21T06:03:00+05:30,2026-07-26T08:03:00+05:30
TERQVhbsmxHPgTfpURmsm87vPimypQTShm,TRON,intermediary,Layering wallet,,,68,RAAZ-26-1044,78561,78561,2,0.0,USDT,2026-09-18T12:59:00+05:30,2026-09-18T13:09:00+05:30
TfR9tvkkiknQyzhNtk1xu9skt5rAtpzqqS,TRON,intermediary,Layer-1 distribution wallet,,CL-1044-A,68,RAAZ-26-1044,64550,64550,3,0.0,USDT,2026-09-18T12:25:00+05:30,2026-09-18T12:48:00+05:30
0x1b6eb1d7601067d90786c87c5925b337c5c02e77,ETH,intermediary,Layer-1 distribution wallet,,CL-1049-A,68,RAAZ-26-1049,2327060,2327060,2,0.0,USDC,2026-09-09T00:31:00+05:30,2026-09-09T00:58:00+05:30
0xde9100e446fe54a345ac4f94361f0a52bb46ff66,ETH,intermediary,Layering wallet,,,68,RAAZ-26-1049,4227540,4227540,2,0.0,USDC,2026-09-09T00:48:00+05:30,2026-09-09T01:10:00+05:30
T7Nf4MKA4cdEDXyJJWKZYyU8rCUYhbhg87,TRON,intermediary,Peel-off wallet,,,68,RAAZ-26-1050,4847,0,1,54.83,USDT,2026-08-12T14:56:00+05:30,2026-08-12T14:56:00+05:30
TMz1dJFGbMK2YdxLNmUoETAFg1qQRbk1ts,TRON,intermediary,Peel-off wallet,,,68,RAAZ-26-1050,2837,0,1,32.09,USDT,2026-08-12T23:58:00+05:30,2026-08-12T23:58:00+05:30
TJMpP4TaRdVmtLvfiUVi6A6DpxacJaZCph,TRON,intermediary,Layer-1 distribution wallet,,CL-1050-A,68,RAAZ-26-1050,76164,76164,2,0.0,USDT,2026-08-12T07:10:00+05:30,2026-08-12T14:59:00+05:30
T4kMJWKNxDVa5veGcPdgPxtjXUt5aV9uMM,TRON,exchange_deposit,Zentra Global: deposit address (attributed),Zentra Global,,68,RAAZ-26-1050,217421,217421,2,0.0,USDT,2026-08-14T05:45:00+05:30,2026-08-14T07:15:00+05:30
Tg9wJGCu9kpGVEbEC7S9VaQt28djcny3vb,TRON,suspect,Reported suspect wallet,,CL-1004-A,67,RAAZ-26-1004,43318782,42044471,13,14415.27,USDT,2026-07-29T18:29:00+05:30,2026-08-04T18:12:00+05:30
TY7DbyfyeZVaH8j6huDYLaGYxwZwkFCZzM,TRON,intermediary,Peel-off wallet,,CL-SYN-02,67,RAAZ-26-1005,27549,27549,2,0.0,USDT,2026-08-23T22:55:00+05:30,2026-08-24T10:11:00+05:30
TLxU6WxnHxaDi3tuh8CPPBcKi6YgJeworQ,TRON,intermediary,Layering wallet,,CL-SYN-02,67,RAAZ-26-1005,454986,454986,2,0.0,USDT,2026-08-23T18:03:00+05:30,2026-08-23T20:34:00+05:30
0x8e680b05f1de803d54ca1f736a6cf4774b7b8dce,BSC,intermediary,Layer-1 distribution wallet,,CL-1022-A,67,RAAZ-26-1022,354554,354554,2,0.0,BNB,2026-09-13T12:01:00+05:30,2026-09-13T12:03:00+05:30
0x9a8b1a9122f8ebacbbf449d7531985f84f5e625b,BSC,intermediary,Peel-off wallet,,CL-SYN-03,67,RAAZ-26-1022,32355,32355,2,0.0,BNB,2026-09-13T12:23:00+05:30,2026-09-13T12:27:00+05:30
0x7b4ebfb66d5f0ed4da621875380f95ba5244529b,BSC,intermediary,Peel-chain change wallet,,CL-1027-B,67,RAAZ-26-1027,102533,102533,3,0.0,USDT,2026-08-18T05:34:00+05:30,2026-08-18T11:37:00+05:30
0xf4021021a37309f770c7732ae0b66fcbe3a28ace,BSC,intermediary,Peel-chain change wallet,,CL-1027-B,67,RAAZ-26-1027,72040,72040,2,0.0,USDT,2026-08-19T06:39:00+05:30,2026-08-19T09:27:00+05:30
bc1qm7pp58t8xqsq2v7ehqt82phzy0s8vgze6s87mx,BTC,intermediary,Layer-1 distribution wallet,,CL-1031-A,67,RAAZ-26-1031,28955,28955,2,0.0,BTC,2026-09-01T07:41:00+05:30,2026-09-01T07:43:00+05:30
bc1qpzk8tx8v2nzt39jef4kem05fe5dg9haashy3je,BTC,intermediary,Layering wallet,,,67,RAAZ-26-1031,22548,22548,2,0.0,BTC,2026-09-01T08:11:00+05:30,2026-09-01T08:13:00+05:30
TMfWv2ZwxiKG4LkXv2Vfbes1Rg8TJMX1sC,TRON,intermediary,Layer-1 distribution wallet,,CL-1044-A,67,RAAZ-26-1044,78561,78561,2,0.0,USDT,2026-09-18T12:41:00+05:30,2026-09-18T12:59:00+05:30
TMMTRM2KxR1bfQ6Z7fWjsncXjjS4zNH7vH,TRON,intermediary,Peel-off wallet,,CL-1044-C,67,RAAZ-26-1044,6038,6038,2,0.0,USDT,2026-09-18T13:10:00+05:30,2026-09-18T13:22:00+05:30
0xdcc087befc73e7508b467a61238f524aeb1a8b58,ETH,consolidation,Consolidation wallet,,CL-1047-C,67,RAAZ-26-1047,1501266,1360900,10,0.41043,ETH,2026-09-04T14:22:00+05:30,2026-09-06T11:59:00+05:30
TUWzsUpQ9q6EpkHwLL3nq3YL4kDqrq53an,TRON,intermediary,Layering wallet,,,67,RAAZ-26-1054,122607,122607,2,0.0,USDT,2026-09-22T01:36:00+05:30,2026-09-22T11:12:00+05:30
TqMLQXggVob4UQxwhc2Vfjh4TkTxbiet9b,TRON,intermediary,Layering wallet,,CL-SYN-02,66,RAAZ-26-1003,120090,120090,2,0.0,USDT,2026-06-08T23:31:00+05:30,2026-06-09T03:08:00+05:30
TV2K9DdjePPJkkujiiNQBn2NQPVmd9MmP7,TRON,intermediary,Peel-chain change wallet,,CL-1005-B,66,RAAZ-26-1005,310736,310736,2,0.0,USDT,2026-08-24T07:06:00+05:30,2026-08-24T10:23:00+05:30
TDkwCAF9sjF86zYacazBwcBJUU9RdTStJq,TRON,exchange_deposit,Zentra Global: deposit address (attributed),Zentra Global,,66,RAAZ-26-1005,1220509,1220509,2,0.0,USDT,2026-08-24T15:53:00+05:30,2026-08-24T17:16:00+05:30
TDwLp7uRpS2ChzkyY3iHauGDhxZ1AvpCfP,TRON,intermediary,Layering wallet,,,66,RAAZ-26-1007,66616,66616,2,0.0,USDT,2026-09-10T11:40:00+05:30,2026-09-10T23:43:00+05:30
0x22f3ee999bc16a632b5a888d818c16ee75c249bd,BSC,intermediary,Peel-off wallet,,,66,RAAZ-26-1022,22122,0,1,0.3597,BNB,2026-09-13T11:59:00+05:30,2026-09-13T11:59:00+05:30
0xfbc1f9ee2e85b6a2a8f3cd4f62d474a9a2df2126,BSC,consolidation,Consolidation wallet,,CL-1025-C,66,RAAZ-26-1025,10106455,9192737,7,14.8572,BNB,2026-09-19T05:27:00+05:30,2026-09-19T06:48:00+05:30
0x4623dafd7318f19478169f2e45934856b17fe24e,POLYGON,consolidation,Consolidation wallet,,CL-1030-C,66,RAAZ-26-1030,3019309,2868453,2,1706.52,USDT,2026-09-11T23:32:00+05:30,2026-09-11T23:54:00+05:30
bc1qa5fewm2r9p46jqcpukglp6je3ugtep7hlktnsl,BTC,intermediary,Peel-chain change wallet,,CL-1031-B,66,RAAZ-26-1031,8335,0,1,0.000882,BTC,2026-09-01T09:09:00+05:30,2026-09-01T09:09:00+05:30
T8Hwqjenq8U93deXVfwg6BCa8upr2cUqLv,TRON,intermediary,Peel-chain change wallet,,CL-1044-B,66,RAAZ-26-1044,37097,37097,3,0.0,USDT,2026-09-18T13:37:00+05:30,2026-09-18T13:58:00+05:30
0x29a5799e0d80222d76b4b6647805818a469a4c63,POLYGON,consolidation,Consolidation wallet,,CL-1045-C,66,RAAZ-26-1045,8917103,8188336,3,8243.96,USDT,2026-09-11T13:54:00+05:30,2026-09-11T22:09:00+05:30
0xf86035d4e5e287020724b9f32b71ada82e85dad4,BSC,consolidation,Consolidation wallet,,CL-1045-C,66,RAAZ-26-1045,6165939,5624639,3,6123.3,USDT,2026-09-11T06:02:00+05:30,2026-09-11T10:10:00+05:30
TmeSQgMCEirdehsAgsBczhaGW6y6nMDiVR,TRON,intermediary,Layer-1 distribution wallet,,CL-1050-A,66,RAAZ-26-1050,39215,39216,3,0.0,USDT,2026-08-12T06:59:00+05:30,2026-08-12T12:22:00+05:30
TVMU4h1NnoY1RgTU5jiyJkKM8ZM237nnpo,TRON,consolidation,Consolidation wallet,,CL-1002-C,65,RAAZ-26-1002,22404697,20244962,5,24431.39,USDT,2026-08-04T12:57:00+05:30,2026-08-06T05:17:00+05:30
TvyUhZkGiWkVfPuCD6QpaucgGpSDekjkTG,TRON,intermediary,Layer-1 distribution wallet,,CL-1003-A,65,RAAZ-26-1003,163723,163723,2,0.0,USDT,2026-06-08T21:31:00+05:30,2026-06-08T22:34:00+05:30
TfUvw2nEyR8cS5Mn5NTWzUgSacvLF6v4D4,TRON,intermediary,Layer-1 distribution wallet,,CL-1005-A,65,RAAZ-26-1005,381297,381297,2,0.0,USDT,2026-08-22T22:13:00+05:30,2026-08-22T23:31:00+05:30
T8S8kwEigw2seuiWXP2scW5jM7mqJC13Xa,TRON,intermediary,Peel-chain change wallet,,CL-1005-B,65,RAAZ-26-1005,460819,460818,3,0.01,USDT,2026-08-23T07:20:00+05:30,2026-08-23T12:37:00+05:30
TZmm4SB9gJa89unpL4RfctLp5VjtaWrreF,TRON,intermediary,Peel-chain change wallet,,CL-1007-B,65,RAAZ-26-1007,40532,40532,2,0.0,USDT,2026-09-11T07:57:00+05:30,2026-09-11T21:06:00+05:30
T8uMQA3cE6BiHYGsvLA3XZgztiudPmffgG,TRON,intermediary,Layer-1 distribution wallet,,CL-1007-A,65,RAAZ-26-1007,66616,66616,2,0.0,USDT,2026-09-10T05:20:00+05:30,2026-09-10T11:40:00+05:30
bc1qn0j8g6sdryaxfpt6fmtvpz6kyxseyyd274k6ex,BTC,intermediary,Peel-chain change wallet,,CL-1018-B,65,RAAZ-26-1018,61038,0,1,0.006459,BTC,2026-09-20T21:35:00+05:30,2026-09-20T21:35:00+05:30
0x43e72815c06a39547075eb4d11a608af4d240102,BSC,exchange_deposit,NovaX Exchange: deposit address (attributed),NovaX Exchange,,65,RAAZ-26-1022,280600,280600,2,0.0,BNB,2026-09-13T13:57:00+05:30,2026-09-13T15:19:00+05:30
Txmm1yaj3NntHVawemtZAak19Fa2CNNuW4,TRON,intermediary,Layer-1 distribution wallet,,CL-1037-A,65,RAAZ-26-1037,2563387,2563387,2,0.0,USDT,2026-08-11T18:51:00+05:30,2026-08-11T18:59:00+05:30
Td24T3dqqXEEajq2Jy82do3HVfaxQBoAkA,TRON,intermediary,Layer-1 distribution wallet,,CL-1044-A,65,RAAZ-26-1044,87318,87318,2,0.0,USDT,2026-09-18T12:30:00+05:30,2026-09-18T12:41:00+05:30
TM69Wwb7jCfQFPmjF4Jzu4wqQW6a8ni3YP,TRON,intermediary,Peel-off wallet,,,65,RAAZ-26-1044,5740,0,1,64.93,USDT,2026-09-18T12:48:00+05:30,2026-09-18T12:48:00+05:30
bc1q87ud68gytrxn636qumk4k2x0qegn37a5zkhrss,BTC,consolidation,Consolidation wallet,,CL-1046-C,65,RAAZ-26-1046,155482,140493,8,0.001586,BTC,2026-09-16T13:18:00+05:30,2026-09-18T08:57:00+05:30
T6Cn1dX1cXVFVASHmH3YJvLkz17e73X7ra,TRON,intermediary,Peel-off wallet,,,65,RAAZ-26-1050,2229,0,1,25.21,USDT,2026-08-12T12:22:00+05:30,2026-08-12T12:22:00+05:30
TU26NBRu71Hbv82fEhfmvME29hBj6aRnBJ,TRON,intermediary,Peel-chain change wallet,,CL-1050-B,65,RAAZ-26-1050,36987,36987,3,0.0,USDT,2026-08-12T12:22:00+05:30,2026-08-12T14:56:00+05:30
T4nUrXvG7o1SsHHyuVxsfwdwMYxcNhzxJo,TRON,intermediary,Layer-1 distribution wallet,,CL-1053-A,65,RAAZ-26-1053,6514036,6514036,2,0.0,USDT,2026-08-22T06:27:00+05:30,2026-08-22T06:40:00+05:30
TMyV4t1RCfd5g6wZSvk9urVyjUi1MV6tsU,TRON,intermediary,Layer-1 distribution wallet,,CL-1055-A,65,RAAZ-26-1055,373104,373104,2,0.0,USDT,2026-09-22T00:17:00+05:30,2026-09-22T00:43:00+05:30
TU661U1oNP5YgtXdfjfdV15AuxR3iS23vG,TRON,intermediary,Layer-1 distribution wallet,,CL-1055-A,65,RAAZ-26-1055,454625,454625,2,0.0,USDT,2026-09-22T00:10:00+05:30,2026-09-22T00:37:00+05:30
0x680210cc03647676ca4c7ca32b8ac8bd0b26639f,POLYGON,consolidation,Consolidation wallet,,CL-1056-C,65,RAAZ-26-1056,497124,469133,5,658.62,POL,2026-08-14T14:20:00+05:30,2026-08-14T16:10:00+05:30
Ta9L7zbH39cu2DcPy7CcRruBsub739phgm,TRON,intermediary,Layering wallet,,CL-SYN-02,64,RAAZ-26-1003,196159,196159,2,0.0,USDT,2026-06-09T10:37:00+05:30,2026-06-09T14:48:00+05:30
Tg35mWZepsqcUidJBDyfGyUQzGPxeUsStx,TRON,intermediary,Layering wallet,,CL-SYN-02,64,RAAZ-26-1005,381297,381297,2,0.0,USDT,2026-08-23T00:32:00+05:30,2026-08-23T08:31:00+05:30
TxDnfZ4tTyo6xsLTNYakEZD5YRubXEWz9S,TRON,intermediary,Peel-off wallet,,,64,RAAZ-26-1007,7792,0,1,88.14,USDT,2026-09-10T06:53:00+05:30,2026-09-10T06:53:00+05:30
0x8c1a307922d3f6c178264e60c819a8d52f0da992,ETH,intermediary,Layering wallet,,CL-SYN-04,64,RAAZ-26-1010,4312460,4312460,2,0.0,USDT,2026-07-25T23:13:00+05:30,2026-07-25T23:27:00+05:30
TJk3WL8SyaFGTecs3bkg8JuRFBSB31d3zg,TRON,suspect,Reported suspect wallet,,CL-1011-A,64,RAAZ-26-1011,9335491,9047579,5,3256.94,USDT,2026-08-09T17:37:00+05:30,2026-08-15T05:37:00+05:30
0xaca94354f355772354821efbd41c2fca055f2ddd,ETH,suspect,Reported suspect wallet,,CL-1013-A,64,RAAZ-26-1013,133553,131151,14,27.16,USDT,2026-09-14T23:50:00+05:30,2026-09-23T06:50:00+05:30
bc1qf3jtdyt7ykx2tk6qu2vmvpjyxv7ek2y6kkc0su,BTC,intermediary,Peel-off wallet,,,64,RAAZ-26-1018,8647,0,1,0.000915,BTC,2026-09-20T19:58:00+05:30,2026-09-20T19:58:00+05:30
bc1qkmupwe597dygmjjffp8ggh4sk5sl0f0yj55z2f,BTC,intermediary,Peel-off wallet,,,64,RAAZ-26-1018,9403,0,1,0.000995,BTC,2026-09-20T21:35:00+05:30,2026-09-20T21:35:00+05:30
bc1qzvpfmtp6pyn6wknl00ahckcf0as86klntt0mr2,BTC,intermediary,Peel-off wallet,,,64,RAAZ-26-1031,1266,0,1,0.000134,BTC,2026-09-01T08:41:00+05:30,2026-09-01T08:41:00+05:30
TjvsWK1HPGYVbSGATKXrndffPkirjiwKHu,TRON,intermediary,Layering wallet,,,64,RAAZ-26-1037,6301332,6301332,2,0.0,USDT,2026-08-11T18:31:00+05:30,2026-08-11T18:49:00+05:30
0x41a48d1ec19bde3454291ab0c8b13641fa48d9fe,BSC,suspect,Reported suspect wallet,,CL-1040-A,64,RAAZ-26-1040,94600,92755,4,20.87,USDT,2026-08-27T22:46:00+05:30,2026-08-29T22:00:00+05:30
TFdsnTWjgBfJK8GPJx5T7Mv7nFcR66Nvwj,TRON,intermediary,Layering wallet,,CL-SYN-02,64,RAAZ-26-1050,76164,76164,2,0.0,USDT,2026-08-12T14:59:00+05:30,2026-08-13T01:06:00+05:30
T942JTcgut6eLpXugewVgxDMzgLDNMn8sV,TRON,intermediary,Layering wallet,,,64,RAAZ-26-1053,7002062,7002062,2,0.0,USDT,2026-08-22T06:22:00+05:30,2026-08-22T06:38:00+05:30
Txv29kFsNtcod2sfm4YUWUjdXAq8PrK3Bo,TRON,intermediary,Layer-1 distribution wallet,,CL-1055-A,64,RAAZ-26-1055,526647,526647,2,0.0,USDT,2026-09-21T23:52:00+05:30,2026-09-22T00:17:00+05:30
TBYWRsWgzqRac7qcYXrKwExWBMLVvmfgeR,TRON,intermediary,Layer-1 distribution wallet,,CL-1003-A,63,RAAZ-26-1003,120090,120090,2,0.0,USDT,2026-06-08T22:06:00+05:30,2026-06-08T23:31:00+05:30
Two3Zw8emNrnguRz6RHxyFAp9gV36WNPKs,TRON,intermediary,Layer-1 distribution wallet,,CL-1005-A,63,RAAZ-26-1005,567283,567283,3,0.0,USDT,2026-08-22T21:50:00+05:30,2026-08-23T05:22:00+05:30
T9P3DWJes64sjxvz3s4qjRJGtKDEm4H6wC,TRON,intermediary,Peel-off wallet,,CL-SYN-02,63,RAAZ-26-1005,48177,48177,2,0.0,USDT,2026-08-23T12:37:00+05:30,2026-08-23T18:58:00+05:30
TuxsTHxDRXCW4zF3Pu24nFnaZCZvwDEq7S,TRON,intermediary,Layer-1 distribution wallet,,CL-1005-A,63,RAAZ-26-1005,454986,454986,2,0.0,USDT,2026-08-22T22:11:00+05:30,2026-08-23T04:12:00+05:30
Tm5N5YfHJW61MS5K7jxgNHqNwwZWG518Y3,TRON,intermediary,Layering wallet,,,63,RAAZ-26-1009,1768181,1768181,2,0.0,USDT,2026-06-12T00:26:00+05:30,2026-06-12T05:37:00+05:30
bc1q79l07ufv7aq3zva7yceyvpqulzl9l4tmreq67v,BTC,intermediary,Layering wallet,,,63,RAAZ-26-1018,85891,0,1,0.009089,BTC,2026-09-20T20:25:00+05:30,2026-09-20T20:25:00+05:30
bc1q7z57u8n3knl3dyqfedl97493uzaklgknqv2eq8,BTC,intermediary,Layer-1 distribution wallet,,CL-1018-A,63,RAAZ-26-1018,101880,101881,3,0.0,BTC,2026-09-20T19:46:00+05:30,2026-09-20T19:58:00+05:30
bc1qgx6aq9uaglwrrt35xa5uczqfah35hhql6l3dw8,BTC,intermediary,Layering wallet,,,63,RAAZ-26-1018,75326,75326,2,0.0,BTC,2026-09-20T20:14:00+05:30,2026-09-20T20:40:00+05:30
T8Esv5GgMDU191GctSM4JJubr4RzWQ2Lpj,TRON,suspect,Reported suspect wallet,,CL-1023-A,63,RAAZ-26-1023,464589,457831,9,76.44,USDT,2026-08-26T23:03:00+05:30,2026-09-06T10:58:00+05:30
0x1cec3f2522d2230db7a99c87e9e5a346b438df59,BSC,exchange_deposit,NovaX Exchange: deposit address (attributed),NovaX Exchange,,63,RAAZ-26-1027,623069,623069,2,0.0,USDT,2026-08-21T15:44:00+05:30,2026-08-21T16:27:00+05:30
bc1qk9z7wh7jpqancapv8l6etvu4uxu47e7capzqg2,BTC,intermediary,Peel-chain change wallet,,CL-1031-B,63,RAAZ-26-1031,9516,9526,3,0.0,BTC,2026-09-01T08:55:00+05:30,2026-09-01T09:09:00+05:30
T2nCHVZAMAV85ZcGKf2BLdjD39CevdK7eB,TRON,intermediary,Layering wallet,,CL-SYN-02,63,RAAZ-26-1039,1669019,1669019,2,0.0,USDT,2026-07-24T19:20:00+05:30,2026-07-25T08:26:00+05:30
TgeLTAyycL3BiHFUDmhMrjfznxcGsaSB8e,TRON,intermediary,Layer-1 distribution wallet,,CL-1039-A,63,RAAZ-26-1039,1765780,1765780,2,0.0,USDT,2026-07-23T21:44:00+05:30,2026-07-24T05:26:00+05:30
TfxTStsQ7G8NMwLJXJqj9Bqmmh5kz3o6fM,TRON,intermediary,Layering wallet,,CL-SYN-02,63,RAAZ-26-1039,1765780,1765780,2,0.0,USDT,2026-07-24T18:56:00+05:30,2026-07-25T08:05:00+05:30
0xb3b9454cdb2740445389df892df254b5a0ecc021,POLYGON,suspect,Reported suspect wallet,,CL-1052-A,63,RAAZ-26-1052,57250904,56748588,14,11819.18,POL,2026-09-13T13:29:00+05:30,2026-09-20T12:26:00+05:30
TxryzQjaobT8W8MA23te7oo4VhXdhKBYYR,TRON,intermediary,Layering wallet,,CL-SYN-02,63,RAAZ-26-1055,373104,373104,2,0.0,USDT,2026-09-22T00:43:00+05:30,2026-09-22T00:49:00+05:30
TForcUL5x2QYjNKqnySCQJn8AJ1j3Yhy1R,TRON,intermediary,Layering wallet,,,63,RAAZ-26-1055,309579,309579,2,0.0,USDT,2026-09-22T00:31:00+05:30,2026-09-22T00:59:00+05:30
TznLsNTZhvYFLoAQp8duYQj9ktuF98uQGX,TRON,intermediary,Layering wallet,,CL-SYN-02,63,RAAZ-26-1055,526647,526647,2,0.0,USDT,2026-09-22T00:17:00+05:30,2026-09-22T00:34:00+05:30
TkwkGDDQJGrmq1G81pc5666T2cuzqVBihk,TRON,intermediary,Layering wallet,,CL-SYN-02,62,RAAZ-26-1003,163723,163723,2,0.0,USDT,2026-06-09T10:49:00+05:30,2026-06-09T15:14:00+05:30
THBdbC8i3bQ18xEBx9bfByQXZAegQNQEPp,TRON,intermediary,Layering wallet,,,62,RAAZ-26-1004,14907580,14907580,2,0.0,USDT,2026-08-04T18:31:00+05:30,2026-08-04T18:54:00+05:30
TUGddG2BiqCbNcRXsbGTn3jfuNnB81gZ84,TRON,intermediary,Peel-off wallet,,CL-SYN-02,62,RAAZ-26-1005,28178,28178,2,0.0,USDT,2026-08-24T07:06:00+05:30,2026-08-24T12:15:00+05:30
TFqkGB6aiEemS8FHqmDAQtBGsaEkgAwshS,TRON,intermediary,Layering wallet,,,62,RAAZ-26-1009,2726787,2726787,2,0.0,USDT,2026-06-12T05:32:00+05:30,2026-06-12T09:22:00+05:30
TEoV6oiqXnuafaCzGcZc346aNaoetRH1dE,TRON,intermediary,Layering wallet,,CL-SYN-01,62,RAAZ-26-1009,2726787,2726787,2,0.0,USDT,2026-06-12T19:21:00+05:30,2026-06-12T21:47:00+05:30
0xdad8be477789806118abf047c0ce6bca0c06e87c,ETH,suspect,Reported suspect wallet,,CL-1014-A,62,RAAZ-26-1014,227947,218969,10,0.02625,ETH,2026-08-15T04:04:00+05:30,2026-08-21T23:16:00+05:30
bc1qcs390ysr2wmgygghhagfkc7sn0c7yugk20j7zl,BTC,intermediary,Peel-off wallet,,,62,RAAZ-26-1018,7021,0,1,0.000743,BTC,2026-09-20T20:48:00+05:30,2026-09-20T20:48:00+05:30
bc1qumzq04eees7vwgp0j3xve9q03cxpdkr0s683nm,BTC,intermediary,Peel-chain change wallet,,CL-1031-B,62,RAAZ-26-1031,13740,13731,3,1e-06,BTC,2026-09-01T07:55:00+05:30,2026-09-01T08:21:00+05:30
bc1qwm303lcrj9lapahr0pv554au2mntgqs2tan836,BTC,intermediary,Peel-chain change wallet,,CL-1031-B,62,RAAZ-26-1031,10943,10933,3,1e-06,BTC,2026-09-01T08:41:00+05:30,2026-09-01T08:55:00+05:30
bc1q677prh5g6dhdxtwtsv7t6gghd6j39kae4qxcxt,BTC,intermediary,Layering wallet,,,62,RAAZ-26-1031,22548,0,1,0.002386,BTC,2026-09-01T08:13:00+05:30,2026-09-01T08:13:00+05:30
bc1qzlzpk7exjmfecn0jwmenw3ylk8gx4ldc5wgzfg,BTC,intermediary,Pre-mix staging wallet,,,62,RAAZ-26-1031,8070,8070,2,0.0,BTC,2026-09-01T07:45:00+05:30,2026-09-01T08:10:00+05:30
bc1q9ym8mjajk6wn8sprdah6uzh5x864gznjpp5aza,BTC,intermediary,Mixer output (probabilistic link),,,62,RAAZ-26-1031,3478,0,1,0.000368,BTC,2026-09-02T03:12:00+05:30,2026-09-02T03:12:00+05:30
TRtokFJhdLDQiLqrxE5MCBExPbQLwfRc2F,TRON,intermediary,Layering wallet,,CL-SYN-01,62,RAAZ-26-1037,2563387,2563387,2,0.0,USDT,2026-08-11T19:16:00+05:30,2026-08-11T19:30:00+05:30
T9GvAbdgyL1LZJkfeUeU22NNCyJUaFMwGY,TRON,consolidation,Consolidation wallet,,CL-1038-C,62,RAAZ-26-1038,115497,106158,4,105.65,USDT,2026-08-20T06:20:00+05:30,2026-08-20T07:12:00+05:30
TDY6SWPWmSgAb7cwMzPXtw6twCSuPVF65z,TRON,intermediary,Peel-chain change wallet,,CL-1044-B,62,RAAZ-26-1044,46160,46159,3,0.0,USDT,2026-09-18T13:10:00+05:30,2026-09-18T13:26:00+05:30
0x54000f712c346eecb3027209b0fa76ec2a819ee8,ETH,suspect,Reported suspect wallet,,CL-1047-A,62,RAAZ-26-1047,1590731,1569944,9,0.06078,ETH,2026-08-31T18:26:00+05:30,2026-09-04T02:11:00+05:30
TJRPeDaGLcUUUQd5rbuReDxx8ER1nR7BXS,TRON,intermediary,Peel-chain change wallet,,CL-1050-B,62,RAAZ-26-1050,29302,29302,3,0.0,USDT,2026-08-12T23:58:00+05:30,2026-08-13T13:24:00+05:30
TZcBs89MgAhLeAPzf6fegh3VUCX94ZNSEm,TRON,intermediary,Layering wallet,,CL-1053-C,62,RAAZ-26-1053,5241945,5241945,2,0.0,USDT,2026-08-22T06:51:00+05:30,2026-08-22T06:56:00+05:30
TygSEX1zysdv7nghChQGeUyUcAc3Pyugke,TRON,intermediary,Layering wallet,,CL-SYN-02,62,RAAZ-26-1055,309579,309579,2,0.0,USDT,2026-09-22T00:59:00+05:30,2026-09-22T01:08:00+05:30
TeHQ1W2rnvPjxCQgRcu5sJfwQeLMvmwUeJ,TRON,intermediary,Layering wallet,,,62,RAAZ-26-1055,454625,454625,2,0.0,USDT,2026-09-22T00:37:00+05:30,2026-09-22T00:43:00+05:30
bc1q8txwvmyk8spqdum7fltgevfkwe2nzn27m46dwy,BTC,suspect,Reported suspect wallet,,CL-1057-A,62,RAAZ-26-1057,593942,587866,14,0.000643,BTC,2026-08-26T18:51:00+05:30,2026-09-07T21:16:00+05:30
Ti1PnkGXRYVgRd2BYVuFaEEFvevasprvBz,TRON,intermediary,Peel-chain change wallet,,CL-1005-B,61,RAAZ-26-1005,412641,412641,3,0.0,USDT,2026-08-23T12:37:00+05:30,2026-08-23T19:33:00+05:30
TifN6S3B99PXEcxG2rfkP3BD8XVv5ZCDY2,TRON,intermediary,Layering wallet,,,61,RAAZ-26-1005,454986,454986,2,0.0,USDT,2026-08-23T04:12:00+05:30,2026-08-23T18:03:00+05:30
0x06368639d1c782dd1341375b40ed345ec260ef27,BSC,suspect,Reported suspect wallet,,CL-1008-A,61,RAAZ-26-1008,8459473,8134918,14,5.2773,BNB,2026-07-27T05:31:00+05:30,2026-08-06T06:06:00+05:30
TrycsM2bFNRJhTg4qJnKoxsdXUv3nrYgyY,TRON,intermediary,Layer-1 distribution wallet,,CL-1009-A,61,RAAZ-26-1009,1768181,1768181,2,0.0,USDT,2026-06-11T22:59:00+05:30,2026-06-12T00:26:00+05:30
TXNxfypfHxhWLhkqhr86mAtiejn7T7TSPw,TRON,intermediary,Layering wallet,,,61,RAAZ-26-1009,2529093,2529093,2,0.0,USDT,2026-06-12T01:51:00+05:30,2026-06-12T11:18:00+05:30
TWhsDH55YgqRWRCAt9vBHk1Bjn5an2RSCz,TRON,intermediary,Layer-1 distribution wallet,,CL-1009-A,61,RAAZ-26-1009,2726787,2726787,2,0.0,USDT,2026-06-11T22:47:00+05:30,2026-06-12T05:32:00+05:30
bc1qakxkpm24320vh06k8dv4khafq53v0xdzlyx9v7,BTC,intermediary,Peel-chain change wallet,,CL-1018-B,61,RAAZ-26-1018,76488,76488,3,0.0,BTC,2026-09-20T20:48:00+05:30,2026-09-20T21:13:00+05:30
bc1q5566n8tqlvxfrttvuwa84zrscg7wrparfme5ch,BTC,suspect,Reported suspect wallet,,CL-1019-A,61,RAAZ-26-1019,18669864,18105747,10,0.059695,BTC,2026-09-13T16:58:00+05:30,2026-09-20T00:27:00+05:30
TeHsfyBGerRCcTbeujaV9oTVkHYnqW6MwL,TRON,suspect,Reported suspect wallet,,CL-1024-A,61,RAAZ-26-1024,1105236,1063251,10,474.93,USDT,2026-09-09T07:28:00+05:30,2026-09-15T19:53:00+05:30
0x452e1c4112fdf16e84809930e71b128338a1f061,BSC,suspect,Reported suspect wallet,,CL-1025-A,61,RAAZ-26-1025,10319805,10106455,13,3.4691,BNB,2026-09-05T10:35:00+05:30,2026-09-19T05:14:00+05:30
0x0caef3bb5f535e4ec67435add2a50df964934904,POLYGON,suspect,Reported suspect wallet,,CL-1030-A,61,RAAZ-26-1030,3114141,3019309,6,1072.78,USDT,2026-09-09T01:51:00+05:30,2026-09-11T22:56:00+05:30
TXwgXDdyv5JLjEDpv7nfEYnzwHqXPMSwGJ,TRON,intermediary,Layer-1 distribution wallet,,CL-1039-A,61,RAAZ-26-1039,603663,603663,2,0.0,USDT,2026-07-23T21:35:00+05:30,2026-07-23T22:39:00+05:30
TUtxcJwoKEQe4Fx2AoKQMWJHLS8V2ffbHp,TRON,intermediary,Layering wallet,,,61,RAAZ-26-1039,967391,967391,2,0.0,USDT,2026-07-24T02:55:00+05:30,2026-07-24T07:22:00+05:30
To5snh15KDiEd1KK9QAxYC6iETrM43bA7i,TRON,intermediary,Layer-1 distribution wallet,,CL-1039-A,61,RAAZ-26-1039,1083049,1083049,2,0.0,USDT,2026-07-23T21:33:00+05:30,2026-07-24T07:34:00+05:30
ThhwKWC3FXUQfWKXBiBWcW2R2cvsqbEcnV,TRON,intermediary,Layering wallet,,,61,RAAZ-26-1044,123359,123359,2,0.0,USDT,2026-09-18T13:09:00+05:30,2026-09-18T13:36:00+05:30
TQVS7hK2iNr3DyC3MckH9irYmU2bm6BrtX,TRON,intermediary,Peel-off wallet,,,61,RAAZ-26-1044,4897,0,1,55.4,USDT,2026-09-18T13:26:00+05:30,2026-09-18T13:26:00+05:30
TjtpTtCoqGQ1t6syKdicwUUgTAbJcwkGjx,TRON,intermediary,Peel-chain change wallet,,CL-1044-B,61,RAAZ-26-1044,41262,41262,3,0.0,USDT,2026-09-18T13:26:00+05:30,2026-09-18T13:37:00+05:30
Twj4gDFm8smpBQqJDU5wJumJPUDYGvp5Jm,TRON,intermediary,Peel-off wallet,,,61,RAAZ-26-1044,1949,0,1,22.05,USDT,2026-09-18T13:58:00+05:30,2026-09-18T13:58:00+05:30
0xe3b4abfbeda5737748964df3cf0c36b1b1d9c474,POLYGON,suspect,Reported suspect wallet,,CL-1045-A,61,RAAZ-26-1045,18932295,18525283,12,4604.2,USDT,2026-09-02T16:59:00+05:30,2026-09-10T12:26:00+05:30
TZd3kBbpDDF74D3ran7X37ymUV9koxjKnn,TRON,intermediary,Peel-off wallet,,,61,RAAZ-26-1050,2820,0,1,31.9,USDT,2026-08-13T13:24:00+05:30,2026-08-13T13:24:00+05:30
T3q66foSJmvCXh8SWUzyQ6RqP6Yvj3zZoU,TRON,intermediary,Layering wallet,,CL-SYN-02,61,RAAZ-26-1050,66826,66826,2,0.0,USDT,2026-08-12T15:13:00+05:30,2026-08-13T03:04:00+05:30
Tkny5nzcMb5EcUQ9XpjjJXEyxWBU4TnjJR,TRON,intermediary,Layering wallet,,,61,RAAZ-26-1053,5241945,5241945,2,0.0,USDT,2026-08-22T06:26:00+05:30,2026-08-22T06:43:00+05:30
TMvCR3e3zkXewkLinRwJikdh3DpTbtWUcw,TRON,intermediary,Layering wallet,,,61,RAAZ-26-1053,6601346,6601346,2,0.0,USDT,2026-08-22T06:44:00+05:30,2026-08-22T06:59:00+05:30
TifSd2hP6mxjDp9zH7AVCUmCJFVignpVnV,TRON,suspect,Reported suspect wallet,,CL-1002-A,60,RAAZ-26-1002,22741275,22404697,10,3807.45,USDT,2026-07-29T02:46:00+05:30,2026-08-04T05:28:00+05:30
TGN1zV4KLdVpvhoh42QeL95fnq6wnGGAuT,TRON,intermediary,Layering wallet,,,60,RAAZ-26-1003,196159,196159,2,0.0,USDT,2026-06-09T01:08:00+05:30,2026-06-09T10:37:00+05:30
T8Ugxk2S6R6ivdPU4xLjsaDoNeDSepu21Y,TRON,exchange_deposit,Zentra Global: deposit address (attributed),Zentra Global,,60,RAAZ-26-1003,689902,689902,2,0.0,USDT,2026-06-10T00:10:00+05:30,2026-06-10T01:26:00+05:30
TbBy9uUZt4xSvgeMohSTURpzMfTdv1K1Ps,TRON,intermediary,Layering wallet,,CL-1004-C,60,RAAZ-26-1004,6309622,6309622,2,0.0,USDT,2026-08-04T18:07:00+05:30,2026-08-04T18:09:00+05:30
THGNDQB2cY4UjGenAd9nCPdU8XMtHmm5f1,TRON,intermediary,Layering wallet,,,60,RAAZ-26-1005,381297,381297,2,0.0,USDT,2026-08-22T23:31:00+05:30,2026-08-23T00:32:00+05:30
T91cfkYrXn1juFqyo84pqv3Wv9YdxKEQdW,TRON,intermediary,Peel-off wallet,,,60,RAAZ-26-1005,61025,0,1,690.33,USDT,2026-08-23T05:22:00+05:30,2026-08-23T05:22:00+05:30
TACwvdgn5bq2mZnfyVN1o7UuMSRWHFubFz,TRON,intermediary,Peel-chain change wallet,,CL-1005-B,60,RAAZ-26-1005,506258,506257,3,0.0,USDT,2026-08-23T05:22:00+05:30,2026-08-23T07:20:00+05:30
T1JaHTVNfpng2uZxaLcHJ4E34NXw7RTz73,TRON,intermediary,Peel-chain change wallet,,CL-1005-B,60,RAAZ-26-1005,338914,338914,3,0.0,USDT,2026-08-23T22:55:00+05:30,2026-08-24T07:06:00+05:30
0x40c28c9a0d7004b3fdf603555eab1204ea491fe1,ETH,suspect,Reported suspect wallet,,CL-1006-A,60,RAAZ-26-1006,8688410,8463351,16,2547.36,USDC,2026-07-12T02:54:00+05:30,2026-07-26T12:25:00+05:30
T6axeTZnVKi6XQghNrWs6punRDnqkZnYny,TRON,intermediary,Peel-chain change wallet,,CL-1007-B,60,RAAZ-26-1007,53831,53831,3,0.0,USDT,2026-09-10T06:53:00+05:30,2026-09-10T16:17:00+05:30
T2y4J6YhRnXKADUjZfFr1gxBwV7ue9N8ML,TRON,intermediary,Layering wallet,,CL-SYN-01,60,RAAZ-26-1009,1337746,1337746,2,0.0,USDT,2026-06-12T21:21:00+05:30,2026-06-13T01:55:00+05:30
0xd575e1afca8451a9136dba2c7c7def8c13657b00,ETH,intermediary,Layer-1 distribution wallet,,CL-1010-A,60,RAAZ-26-1010,3375190,3375190,2,0.0,USDT,2026-07-25T22:56:00+05:30,2026-07-25T23:04:00+05:30
bc1qace8l08m5eyh2vkwpum2ktvxa2q2nsppfvw9wg,BTC,intermediary,Peel-chain change wallet,,CL-1018-B,60,RAAZ-26-1018,93234,93243,3,0.0,BTC,2026-09-20T19:58:00+05:30,2026-09-20T20:17:00+05:30
bc1q0pgzq7884ul09hyyrs4ekrgrvzanxq0qfrp0g4,BTC,intermediary,Layer-1 distribution wallet,,CL-1018-A,60,RAAZ-26-1018,75326,75326,2,0.0,BTC,2026-09-20T19:46:00+05:30,2026-09-20T20:14:00+05:30
TzRMJBjTkpb4ueMbJq7rb4b5uLpdFL3doU,TRON,suspect,Reported suspect wallet,,CL-1034-A,60,RAAZ-26-1034,1712831,1711035,11,20.32,USDT,2026-08-25T10:18:00+05:30,2026-08-29T08:18:00+05:30
TPqsGHF76Ba3UfQhzhb5GugXBLSjfSxVT3,TRON,intermediary,Layering wallet,,,60,RAAZ-26-1044,87318,87318,2,0.0,USDT,2026-09-18T12:41:00+05:30,2026-09-18T12:56:00+05:30
TaKQBdmDtcTEyVy1p4EZeiSxptEY7foRXy,TRON,intermediary,Peel-chain change wallet,,CL-1044-B,60,RAAZ-26-1044,52198,52198,3,0.0,USDT,2026-09-18T13:02:00+05:30,2026-09-18T13:10:00+05:30
bc1q4wfqdsk39puy4cp3wm490cjnueemz77d0g5a67,BTC,suspect,Reported suspect wallet,,CL-1046-A,60,RAAZ-26-1046,170591,167493,11,0.000328,BTC,2026-09-06T04:24:00+05:30,2026-09-15T14:42:00+05:30
TGn1BAmYtW1wwaKhV6TCa4mSxzu8p6z7Vq,TRON,exchange_deposit,Halcyon Swap: deposit address (attributed),Halcyon Swap,,60,RAAZ-26-1053,18372435,18372435,2,0.0,USDT,2026-08-22T07:17:00+05:30,2026-08-22T08:26:00+05:30
TBSUkMmHi6gUDTozPzwqhttWNnebgAQo6E,TRON,intermediary,Layer-1 distribution wallet,,CL-1054-A,60,RAAZ-26-1054,105655,105655,2,0.0,USDT,2026-09-21T06:34:00+05:30,2026-09-21T09:24:00+05:30
TjxF6WccSukecPMjnj97jk5rLUmotrPjEX,TRON,intermediary,Layering wallet,,CL-SYN-02,60,RAAZ-26-1054,105655,105655,2,0.0,USDT,2026-09-21T09:24:00+05:30,2026-09-21T17:14:00+05:30
0xcf9436c9c654995b72405c860df44ad6cb4cb1ce,POLYGON,suspect,Reported suspect wallet,,CL-1056-A,60,RAAZ-26-1056,503933,497124,9,160.21,POL,2026-08-07T14:00:00+05:30,2026-08-14T14:18:00+05:30
TdKWYhKYhUuPEmxeXUcyKMXDcdSYnSWnCh,TRON,intermediary,Layer-1 distribution wallet,,CL-1059-A,60,RAAZ-26-1059,2696595,2696595,2,0.0,USDT,2026-09-14T00:31:00+05:30,2026-09-14T00:46:00+05:30
Tyf9V718X3AmX3S4YjVBRF3KzwKpzWFdT3,TRON,intermediary,Layering wallet,,CL-1004-C,59,RAAZ-26-1004,14907580,14907580,2,0.0,USDT,2026-08-04T18:54:00+05:30,2026-08-04T19:19:00+05:30
TKeFPB4Y2g5ar6bDajvK4XXearDvyiZzvD,TRON,intermediary,Layer-1 distribution wallet,,CL-1004-A,59,RAAZ-26-1004,6519448,6519448,2,0.0,USDT,2026-08-04T18:12:00+05:30,2026-08-04T18:23:00+05:30
ToFvrf6VMKhSB37S5cKpobbMZWbnxn6SR8,TRON,intermediary,Layering wallet,,,59,RAAZ-26-1009,1337746,1337746,2,0.0,USDT,2026-06-12T03:30:00+05:30,2026-06-12T10:56:00+05:30
TFSv7WN6qVXiHNTF75tjbaKRCxAJ5pGji7,TRON,intermediary,Layering wallet,,,59,RAAZ-26-1009,2529093,2529093,2,0.0,USDT,2026-06-12T11:18:00+05:30,2026-06-12T15:18:00+05:30
TGa7QThKYNnp5A3qDxFTTjQbA1CjorG2Ew,TRON,intermediary,Layering wallet,,,59,RAAZ-26-1009,2726787,2726787,2,0.0,USDT,2026-06-12T09:22:00+05:30,2026-06-12T19:21:00+05:30
0xa9a12c1824ae0357aa9b5503d196ab324e6bc109,ETH,intermediary,Layering wallet,,,59,RAAZ-26-1010,3375190,3375190,2,0.0,USDT,2026-07-25T23:08:00+05:30,2026-07-25T23:25:00+05:30
TD5dsuRfsnyGGRpaxUmgK1UcP7xDMjkKFe,TRON,consolidation,Consolidation wallet,,CL-1016-C,59,RAAZ-26-1016,177418,165727,4,132.26,USDT,2026-09-11T17:54:00+05:30,2026-09-11T18:42:00+05:30
TWssiBJJe9RD1QkDSRmp6UH76b7krJJMgY,TRON,consolidation,Consolidation wallet,,CL-1020-C,59,RAAZ-26-1020,469913,450644,4,217.97,USDT,2026-09-21T01:26:00+05:30,2026-09-21T02:08:00+05:30
T2FFPVjR9khsjZ2aCitT2zmzKZSivjgguh,TRON,consolidation,Consolidation wallet,,CL-1036-C,59,RAAZ-26-1036,1895194,1838293,2,643.68,USDT,2026-09-21T16:45:00+05:30,2026-09-21T17:10:00+05:30
Tu6kQYkgmEnmRz3B6Dsbmgwu9R5EWucLL5,TRON,intermediary,Layering wallet,,,59,RAAZ-26-1037,2563387,2563387,2,0.0,USDT,2026-08-11T18:59:00+05:30,2026-08-11T19:16:00+05:30
TA12sHKd7oiL9veJcnxUYgwUdHN85nkKBg,TRON,intermediary,Layer-1 distribution wallet,,CL-1039-A,59,RAAZ-26-1039,967391,967391,2,0.0,USDT,2026-07-23T21:19:00+05:30,2026-07-24T02:55:00+05:30
TDxPgcdtW8wjxXsSKiKkLiWfMFgyiUZYZA,TRON,intermediary,Layering wallet,,CL-SYN-02,59,RAAZ-26-1039,674589,674589,2,0.0,USDT,2026-07-24T16:59:00+05:30,2026-07-25T04:31:00+05:30
0xfedcdf78b500b8cfec85ec006dd0b3b620f3be2c,BSC,intermediary,Layering wallet,,,59,RAAZ-26-1040,41015,41015,2,0.0,USDT,2026-08-29T22:13:00+05:30,2026-08-29T22:17:00+05:30
Tm2ikPTcGkdGD3tRVBzYXsnrexNxNrWBq5,TRON,intermediary,Peel-chain change wallet,,CL-1044-B,59,RAAZ-26-1044,58810,58810,3,0.0,USDT,2026-09-18T12:48:00+05:30,2026-09-18T13:02:00+05:30
TRKA38DXTogA5NNgN4qk2X7muDRnBaVCmh,TRON,intermediary,Layer-1 distribution wallet,,CL-1050-A,59,RAAZ-26-1050,66826,66826,2,0.0,USDT,2026-08-12T06:36:00+05:30,2026-08-12T09:16:00+05:30
TZabo16aiWUegFiPH975GsVKKcGrewLpRy,TRON,intermediary,Layer-1 distribution wallet,,CL-1054-A,59,RAAZ-26-1054,122607,122607,2,0.0,USDT,2026-09-21T06:50:00+05:30,2026-09-21T14:04:00+05:30
TiUCoELmHiECdzJkLPwU12tJ6mrMZtPM7Z,TRON,intermediary,Layering wallet,,CL-SYN-02,59,RAAZ-26-1054,122607,122607,2,0.0,USDT,2026-09-22T11:12:00+05:30,2026-09-22T19:54:00+05:30
TvXFUiQSD3gBfMQW6QMByXhrCYgkFgr5gL,TRON,intermediary,Layering wallet,,CL-SYN-02,58,RAAZ-26-1003,134527,134527,2,0.0,USDT,2026-06-09T05:20:00+05:30,2026-06-09T14:42:00+05:30
TwYWvkCvC4ELhHE3aqZB3KbkscZKdZS2Hz,TRON,intermediary,Layering wallet,,CL-1004-C,58,RAAZ-26-1004,6519448,6519448,2,0.0,USDT,2026-08-04T18:23:00+05:30,2026-08-04T18:41:00+05:30
TpvE4K1geFBSPfGjgYqe1VW3vgqAWNJk49,TRON,intermediary,Peel-off wallet,,,58,RAAZ-26-1007,5133,0,1,58.07,USDT,2026-09-10T16:17:00+05:30,2026-09-10T16:17:00+05:30
0xeb52910113131a0e2f532b4af092bef3c908f7c6,ETH,intermediary,Layering wallet,,CL-SYN-04,58,RAAZ-26-1010,3178982,3178982,2,0.0,USDT,2026-07-25T23:43:00+05:30,2026-07-25T23:54:00+05:30
bc1qtkrjsxt2pwrdkzjzuea63t0l42pvu9dh5mpw3c,BTC,intermediary,Layer-1 distribution wallet,,CL-1018-A,58,RAAZ-26-1018,85891,85891,2,0.0,BTC,2026-09-20T19:46:00+05:30,2026-09-20T19:52:00+05:30
bc1qjyqqtfgvrhzh2wg04ryltz2tyqr20nr0779dap,BTC,intermediary,Peel-off wallet,,,58,RAAZ-26-1018,5226,0,1,0.000553,BTC,2026-09-20T20:17:00+05:30,2026-09-20T20:17:00+05:30
TXyNnXz8YSaf8kTgLtu8u7uCzHrzsvMMnj,TRON,intermediary,Layer-1 distribution wallet,,CL-1037-A,58,RAAZ-26-1037,6301332,6301332,2,0.0,USDT,2026-08-11T18:17:00+05:30,2026-08-11T18:31:00+05:30
T4ktHWVwJhtTH8gApNVS7jNCeNeiok36PQ,TRON,intermediary,Layering wallet,,,58,RAAZ-26-1039,1083049,1083049,2,0.0,USDT,2026-07-24T12:41:00+05:30,2026-07-24T23:43:00+05:30
Tbgwh7kt4bhsHhSoWyfkVMk8XB95x3pirP,TRON,exchange_deposit,Lotus Chain Exchange: deposit address (attributed),Lotus Chain Exchange,,58,RAAZ-26-1039,6144246,6144246,2,0.0,USDT,2026-07-25T12:33:00+05:30,2026-07-25T13:01:00+05:30
TtoA5FepmKVEik5d4HdhuJCZUKkrkVBBwV,TRON,suspect,Reported suspect wallet,,CL-1043-A,58,RAAZ-26-1043,7499567,7273608,12,2556.1,USDT,2026-08-21T18:52:00+05:30,2026-09-07T00:03:00+05:30
0x64bc3a428e3ceff0d58adbcb452dfc56f3dd3d18,POLYGON,intermediary,Layering wallet,,,58,RAAZ-26-1052,11922642,11922642,2,0.0,POL,2026-09-20T22:28:00+05:30,2026-09-21T03:53:00+05:30
0xca18f47b7cab388bf2e49765ad098ed4a141a465,POLYGON,intermediary,Layering wallet,,,58,RAAZ-26-1052,12418340,12418340,2,0.0,POL,2026-09-20T21:58:00+05:30,2026-09-21T05:27:00+05:30
0x6dae6c90e2218885d650de5c92e6ca39712a72b6,POLYGON,intermediary,Layering wallet,,,58,RAAZ-26-1052,7261615,7261615,2,0.0,POL,2026-09-20T15:20:00+05:30,2026-09-21T02:26:00+05:30
0x39bb64f691daedf58b7c1a9acf94d1092f433eff,POLYGON,intermediary,Layering wallet,,,58,RAAZ-26-1052,7261615,7261615,2,0.0,POL,2026-09-21T11:50:00+05:30,2026-09-21T19:12:00+05:30
T3QmFHAKS5y6LStj8KjEiTqiHbRvMukB5H,TRON,intermediary,Layering wallet,,,58,RAAZ-26-1053,6601346,6601346,2,0.0,USDT,2026-08-22T06:25:00+05:30,2026-08-22T06:44:00+05:30
TgHNXQ62eAzN3UGwkKAzLwx6LWgbMFBEEF,TRON,exchange_deposit,Lotus Chain Exchange: deposit address (attributed),Lotus Chain Exchange,,58,RAAZ-26-1055,2078843,2078843,2,0.0,USDT,2026-09-22T01:36:00+05:30,2026-09-22T02:25:00+05:30
THVWgfS3585pU9Y7d64cvd5e4Gki4qrmtb,TRON,intermediary,Layering wallet,,,57,RAAZ-26-1003,163723,163723,2,0.0,USDT,2026-06-08T22:34:00+05:30,2026-06-09T08:42:00+05:30
TzTKCpbseyixGfQcceZ4SaT6nFHVAKE6Yx,TRON,intermediary,Layering wallet,,,57,RAAZ-26-1003,163723,163723,2,0.0,USDT,2026-06-09T08:42:00+05:30,2026-06-09T10:49:00+05:30
TGymjkXZSw22Ev3dgMHB5z2mqLWCL4Qrag,TRON,intermediary,Layering wallet,,CL-1004-C,57,RAAZ-26-1004,7663795,7663795,2,0.0,USDT,2026-08-04T18:20:00+05:30,2026-08-04T18:23:00+05:30
TzUKhc7xBEB42JuPxM23NcUZa1PjBwujns,TRON,intermediary,Layering wallet,,,57,RAAZ-26-1004,6644026,6644026,2,0.0,USDT,2026-08-04T18:03:00+05:30,2026-08-04T18:26:00+05:30
TQ2bBK4499n4cHFnRQHYUyJqxhT6Sky6rg,TRON,intermediary,Layering wallet,,CL-SYN-01,57,RAAZ-26-1009,1768181,1768181,2,0.0,USDT,2026-06-12T05:37:00+05:30,2026-06-12T08:00:00+05:30
TWogNzqFcoPySEcXrgwPpEauQo4xYPdEAd,TRON,intermediary,Layer-1 distribution wallet,,CL-1009-A,57,RAAZ-26-1009,2529093,2529093,2,0.0,USDT,2026-06-11T23:08:00+05:30,2026-06-12T01:51:00+05:30
0x4e9d3db5fa754da5756657c413d598e5773b7184,ETH,intermediary,Layer-1 distribution wallet,,CL-1010-A,57,RAAZ-26-1010,3621065,3621065,2,0.0,USDT,2026-07-25T22:57:00+05:30,2026-07-25T23:02:00+05:30
T7mmCQsX2FHoKg5dBrJSFwM1QeXQXZGDAK,TRON,intermediary,Layer-1 distribution wallet,,CL-1011-A,57,RAAZ-26-1011,5432992,5432992,2,0.0,USDT,2026-08-12T18:28:00+05:30,2026-08-12T18:52:00+05:30
0xcb7190ffa4fcef7bb52cdb5deb8526a20e309839,ETH,intermediary,Layering wallet,,CL-SYN-04,57,RAAZ-26-1013,37924,37924,2,0.0,USDT,2026-09-22T08:10:00+05:30,2026-09-22T17:16:00+05:30
bc1qqptuvsr5tgagc36ndjrk7a972j7deltrk3l280,BTC,intermediary,Layer-1 distribution wallet,,CL-1018-A,57,RAAZ-26-1018,42194,42194,2,0.0,BTC,2026-09-20T19:46:00+05:30,2026-09-20T20:02:00+05:30
To6mQqERJXbqN3JQpMzrnWr7DQ8pM9btNc,TRON,intermediary,Layering wallet,,,57,RAAZ-26-1023,177353,177353,2,0.0,USDT,2026-09-06T13:29:00+05:30,2026-09-07T00:50:00+05:30
TWevHChswZo6DCaknQfT5haPK6dowH4zsW,TRON,intermediary,Layering wallet,,CL-SYN-01,57,RAAZ-26-1037,1873580,1873580,2,0.0,USDT,2026-08-11T19:06:00+05:30,2026-08-11T19:19:00+05:30
T5DTbLhX7viBZeYAHJ9L3EFfMUr6K65jjk,TRON,suspect,Reported suspect wallet,,CL-1038-A,57,RAAZ-26-1038,120060,115497,7,51.61,USDT,2026-08-11T08:46:00+05:30,2026-08-20T05:56:00+05:30
0x1938b33da765466e0cc9073deff328b2f75b4cd3,BSC,intermediary,Layer-1 distribution wallet,,CL-1040-A,57,RAAZ-26-1040,51740,51740,2,0.0,USDT,2026-08-29T21:31:00+05:30,2026-08-29T21:43:00+05:30
0xedb12d9ed40c795390d357120b4b751b134e173f,ETH,intermediary,Layering wallet,,,57,RAAZ-26-1047,377712,377712,2,0.0,ETH,2026-09-04T13:23:00+05:30,2026-09-05T00:28:00+05:30
TBjTg1C2U65NMm1Mz9dWM7E7tusHAdMQYT,TRON,intermediary,Layer-1 distribution wallet,,CL-1053-A,57,RAAZ-26-1053,5241945,5241945,2,0.0,USDT,2026-08-22T06:06:00+05:30,2026-08-22T06:26:00+05:30
TjM2zfDsHZR5q1UM4NLVjneBVuLu3oHhbd,TRON,intermediary,Layer-1 distribution wallet,,CL-1004-A,56,RAAZ-26-1004,14907580,14907580,2,0.0,USDT,2026-08-04T17:53:00+05:30,2026-08-04T18:17:00+05:30
Tb9rGtS6cL9NstJejw35HX5Wm3cs55KGT9,TRON,intermediary,Layering wallet,,,56,RAAZ-26-1004,14907580,14907580,2,0.0,USDT,2026-08-04T18:17:00+05:30,2026-08-04T18:31:00+05:30
TyRyYc1wLfcoCyjVucresUXis5giah7p1S,TRON,intermediary,Peel-chain change wallet,,CL-1007-B,56,RAAZ-26-1007,44503,44503,3,0.0,USDT,2026-09-10T23:29:00+05:30,2026-09-11T07:57:00+05:30
TwQWGXCoEPhZkR8vx1UZiuei1mSKZtNcAY,TRON,exchange_deposit,Quasar Exchange: deposit address (attributed),Quasar Exchange,,56,RAAZ-26-1009,8290866,8290866,2,0.0,USDT,2026-06-13T03:03:00+05:30,2026-06-13T03:25:00+05:30
0xa2e84658a4eec8b9986b41edb264883e7a5798dd,ETH,intermediary,Layering wallet,,,56,RAAZ-26-1010,3178982,3178982,2,0.0,USDT,2026-07-25T22:59:00+05:30,2026-07-25T23:19:00+05:30
ToVTfG9xNoDL4yLqUHdCddmEbywseSEFb7,TRON,intermediary,Layering wallet,,,56,RAAZ-26-1011,5432992,5432992,2,0.0,USDT,2026-08-12T18:52:00+05:30,2026-08-12T19:13:00+05:30
0x8f2ddf8338198b6e7cef6107ea398027bf322a2c,ETH,intermediary,Layer-1 distribution wallet,,CL-1013-A,56,RAAZ-26-1013,27144,27144,2,0.0,USDT,2026-09-22T05:34:00+05:30,2026-09-22T18:54:00+05:30
bc1qac3fjw4eaezlh6mjwq2sg3u7jjveytcuzlh7ag,BTC,intermediary,Layering wallet,,,56,RAAZ-26-1018,85891,85891,2,0.0,BTC,2026-09-20T20:20:00+05:30,2026-09-20T20:25:00+05:30
bc1qmu2jljks7uthh5u3ny3zhla8dfclqn9z7ahfkh,BTC,intermediary,Peel-off wallet,,,56,RAAZ-26-1018,6048,0,1,0.00064,BTC,2026-09-20T21:13:00+05:30,2026-09-20T21:13:00+05:30
bc1qvap48vfzyfczzfpu52tls3vt5qnyxm4rr6h65f,BTC,intermediary,Peel-off wallet,,,56,RAAZ-26-1019,202532,0,1,0.021432,BTC,2026-09-20T23:14:00+05:30,2026-09-20T23:14:00+05:30
0x29b35d781cf01f22c454eb0798b3a555c21145d5,BSC,suspect,Reported suspect wallet,,CL-1021-A,56,RAAZ-26-1021,1169720,1138014,14,358.67,USDT,2026-09-03T01:28:00+05:30,2026-09-16T07:43:00+05:30
TW3LewQ4JeC5Lo8zb52LfNC85UTwZXRqtT,TRON,intermediary,Layer-1 distribution wallet,,CL-1024-A,56,RAAZ-26-1024,302427,302427,2,0.0,USDT,2026-09-15T19:53:00+05:30,2026-09-15T20:06:00+05:30
TMYksFfv7CycHrTo6n3LtqkQkfhgAyutr5,TRON,intermediary,Layering wallet,,,56,RAAZ-26-1024,302427,302427,2,0.0,USDT,2026-09-15T20:06:00+05:30,2026-09-15T20:17:00+05:30
TgKK9LEUMMovi6sm9dfpnzH2M2fAM3CkCd,TRON,intermediary,Layer-1 distribution wallet,,CL-1024-A,56,RAAZ-26-1024,346127,346127,2,0.0,USDT,2026-09-15T19:33:00+05:30,2026-09-15T19:37:00+05:30
0xd6170b38d4700d789136801a5e0f12785698d13c,POLYGON,intermediary,Layering wallet,,CL-1030-C,56,RAAZ-26-1030,3019309,3019309,2,0.0,USDT,2026-09-11T23:06:00+05:30,2026-09-11T23:32:00+05:30
TYWFbeFG9uFBtYfMVcvATnVhECtycTusVY,TRON,intermediary,Layer-1 distribution wallet,,CL-1039-A,56,RAAZ-26-1039,674589,674589,2,0.0,USDT,2026-07-23T21:26:00+05:30,2026-07-24T05:37:00+05:30
TR4cHHKWVsMRSXQteKHDYUkZh1eJmTKpc3,TRON,exchange_deposit,Halcyon Swap: deposit address (attributed),Halcyon Swap,,56,RAAZ-26-1044,313196,313196,2,0.0,USDT,2026-09-18T14:26:00+05:30,2026-09-18T15:09:00+05:30
0xb6070332656f137baf748499f1ecebad534654ab,ETH,intermediary,Peel-off wallet,,,56,RAAZ-26-1047,16608,0,1,0.04856,ETH,2026-09-05T11:49:00+05:30,2026-09-05T11:49:00+05:30
0x49e38b14cbc7fdd91fa7aa6cb9e9d40d13d494e1,POLYGON,intermediary,Layer-1 distribution wallet,,CL-1052-A,56,RAAZ-26-1052,7261615,7261615,2,0.0,POL,2026-09-20T12:13:00+05:30,2026-09-20T15:20:00+05:30
TPU1vqKYG6GLaLX8jyj5U2nVk8gvdnvKJy,TRON,intermediary,Layering wallet,,,55,RAAZ-26-1002,4229309,4229309,2,0.0,USDT,2026-08-04T09:56:00+05:30,2026-08-04T13:46:00+05:30
Te5RueNhVd6Jwxbf7ReqL18R2EGTiQebiq,TRON,intermediary,Layer-1 distribution wallet,,CL-1003-A,55,RAAZ-26-1003,87469,87469,2,0.0,USDT,2026-06-08T21:50:00+05:30,2026-06-08T23:44:00+05:30
T8paNYE76XNzsWEUJgeAd2UeaHUESBPWJ6,TRON,intermediary,Layering wallet,,CL-SYN-02,55,RAAZ-26-1003,87469,87469,2,0.0,USDT,2026-06-09T03:45:00+05:30,2026-06-09T15:19:00+05:30
TKwswoeHaQGgJZgbj5RxTzvpJTDnWqzv62,TRON,intermediary,Layer-1 distribution wallet,,CL-1007-A,55,RAAZ-26-1007,61623,61623,3,0.0,USDT,2026-09-10T04:59:00+05:30,2026-09-10T06:53:00+05:30
0x8a0b5a40bde301db7179dd45e3972448a007acfe,BSC,intermediary,Layering wallet,,,55,RAAZ-26-1008,1595279,1595279,2,0.0,BNB,2026-08-06T06:15:00+05:30,2026-08-06T06:18:00+05:30
TwgJKgFL1rzE4hVioiis8bQHPvKSveBRsS,TRON,intermediary,Layer-1 distribution wallet,,CL-1009-A,55,RAAZ-26-1009,1337746,1337746,2,0.0,USDT,2026-06-11T22:41:00+05:30,2026-06-12T03:30:00+05:30
0x4c07502ab9697709e2e9c4b26280053cc21f7d5b,ETH,intermediary,Layering wallet,,,55,RAAZ-26-1010,3978708,3978708,2,0.0,USDT,2026-07-25T22:44:00+05:30,2026-07-25T22:53:00+05:30
0x046a1c016a861e1cf68485cf80f0bd4f14e92b39,ETH,intermediary,Layering wallet,,CL-SYN-04,55,RAAZ-26-1013,27144,27144,2,0.0,USDT,2026-09-22T18:54:00+05:30,2026-09-22T20:10:00+05:30
0xc3a66052838452067fd296c0be2312728a5e4f88,ETH,intermediary,Layer-1 distribution wallet,,CL-1014-A,55,RAAZ-26-1014,29809,29809,2,0.0,ETH,2026-08-21T23:16:00+05:30,2026-08-21T23:23:00+05:30
bc1qwm6nt9x73mt3tg53v5mf2xecmk5j7g5k79swt8,BTC,intermediary,Layering wallet,,,55,RAAZ-26-1018,45691,0,1,0.004835,BTC,2026-09-20T19:48:00+05:30,2026-09-20T19:48:00+05:30
bc1qvctwrnpwzqk4e7kveecp30599n3u7jxf9empaa,BTC,intermediary,Layering wallet,,,55,RAAZ-26-1018,75326,0,1,0.007971,BTC,2026-09-20T21:04:00+05:30,2026-09-20T21:04:00+05:30
bc1qft4z7hz2sl2s6huywgc8527mf2ymqxn29mwy98,BTC,intermediary,Peel-off wallet,,,55,RAAZ-26-1019,402069,402069,2,0.0,BTC,2026-09-20T11:33:00+05:30,2026-09-21T00:25:00+05:30
bc1q4ggq8v5nsahxam3dg6t8w8543562d08drz8x7a,BTC,intermediary,Peel-chain change wallet,,CL-1019-B,55,RAAZ-26-1019,2618926,2618925,3,0.0,BTC,2026-09-20T11:33:00+05:30,2026-09-20T23:14:00+05:30
TeyzY3aTcabQLGXHgJwqMZjpvFYF1G7xGs,TRON,intermediary,Layering wallet,,,55,RAAZ-26-1024,346127,346127,2,0.0,USDT,2026-09-15T19:53:00+05:30,2026-09-15T20:00:00+05:30
TKjDchPjiiR4qi2q1H2bFWR4rZA74Nbq6S,TRON,intermediary,Layering wallet,,CL-SYN-01,55,RAAZ-26-1037,6301332,6301332,2,0.0,USDT,2026-08-11T18:49:00+05:30,2026-08-11T19:09:00+05:30
T4o5YD3qmqEEYicMk3DK64rgA2sVSn8WCC,TRON,exchange_deposit,Quasar Exchange: deposit address (attributed),Quasar Exchange,,55,RAAZ-26-1037,9737116,9737116,2,0.0,USDT,2026-08-11T19:58:00+05:30,2026-08-11T20:22:00+05:30
TEuZbvesuMa7GuHaeyB1iSGAJ8nNwSp5WT,TRON,intermediary,Layering wallet,,,55,RAAZ-26-1039,967391,967391,2,0.0,USDT,2026-07-24T07:22:00+05:30,2026-07-24T20:47:00+05:30
0x8fb04d15f20d691e0278f53471710bd68d9688ad,POLYGON,intermediary,Peel-off wallet,,,55,RAAZ-26-1045,1456433,0,1,16475.49,USDT,2026-09-11T05:18:00+05:30,2026-09-11T05:18:00+05:30
bc1q93l2u0kqh7wqzyxzcdnxkr36mqefwknr0cukxy,BTC,intermediary,Peel-chain change wallet,,CL-1046-B,55,RAAZ-26-1046,19940,19940,2,0.0,BTC,2026-09-17T12:23:00+05:30,2026-09-18T00:10:00+05:30
0x8098e8c20d1be2939cbbd5e35fa50b6736cc2ce9,ETH,intermediary,Peel-off wallet,,,55,RAAZ-26-1047,14562,0,1,0.04258,ETH,2026-09-04T18:05:00+05:30,2026-09-04T18:05:00+05:30
0xcd8313c3dc4eeba09cd1b872122bf4924a0a573d,ETH,intermediary,Peel-chain change wallet,,CL-1047-B,55,RAAZ-26-1047,200108,200108,3,0.0,ETH,2026-09-05T07:36:00+05:30,2026-09-05T11:49:00+05:30
0xe1e76546b268cc77abbe4c4448c59aaf1123a16e,ETH,dust,Dusting source,,,55,RAAZ-26-1049,0,4,4,,USDC,2026-08-30T00:54:00+05:30,2026-09-02T03:54:00+05:30
TbHiLKuH6YcQ5yDxwYo9ofvxG2zFRu2URS,TRON,intermediary,Layer-1 distribution wallet,,CL-1055-A,55,RAAZ-26-1055,309579,309579,2,0.0,USDT,2026-09-22T00:08:00+05:30,2026-09-22T00:31:00+05:30
bc1qaepddlcn08f7nezwqrjnajswwwxlru4udfergn,BTC,intermediary,Peel-chain change wallet,,CL-1057-B,55,RAAZ-26-1057,86760,86761,3,0.0,BTC,2026-09-08T13:50:00+05:30,2026-09-09T01:35:00+05:30
bc1qfjwgc9n5gmxnf0dy0e4yr9qpz87e4lq35f4as9,BTC,intermediary,Layering wallet,,,55,RAAZ-26-1057,142137,142137,2,0.0,BTC,2026-09-08T20:29:00+05:30,2026-09-08T23:36:00+05:30
bc1q5p79v9sea5djd8cq2kdr2d3pv9dchntl788ea7,BTC,intermediary,Layering wallet,,,55,RAAZ-26-1057,233510,233510,2,0.0,BTC,2026-09-08T09:36:00+05:30,2026-09-08T17:30:00+05:30
TdSVuCKzV31E7tYVMnAFvwF3TqFePwKzuJ,TRON,intermediary,Layering wallet,,,54,RAAZ-26-1003,134527,134527,2,0.0,USDT,2026-06-09T01:56:00+05:30,2026-06-09T05:20:00+05:30
0xd3c636490cbff5bc821463acf3100ab15c37f6ad,BSC,intermediary,Layer-1 distribution wallet,,CL-1008-A,54,RAAZ-26-1008,549459,549459,2,0.0,BNB,2026-08-06T06:05:00+05:30,2026-08-06T06:07:00+05:30
0x49dc849fa1d54ab499c8845fa86f0d1d70acf334,BSC,intermediary,Layering wallet,,,54,RAAZ-26-1008,1520963,1520963,2,0.0,BNB,2026-08-06T05:56:00+05:30,2026-08-06T06:05:00+05:30
0x8fe56745a7e52cea4267ef4968f02de57affcaee,BSC,intermediary,Layering wallet,,,54,RAAZ-26-1008,1575464,1575464,2,0.0,BNB,2026-08-06T06:01:00+05:30,2026-08-06T06:17:00+05:30
0xe428c7ef4a63114041287a7cef5b76d5722d21cc,ETH,suspect,Reported suspect wallet,,CL-1012-A,54,RAAZ-26-1012,1125402,1098939,8,0.07738,ETH,2026-09-06T21:50:00+05:30,2026-09-09T01:53:00+05:30
TMVk6tMpAFCSnrivARfWexHQPuHzGRFPBw,TRON,suspect,Reported suspect wallet,,CL-1016-A,54,RAAZ-26-1016,180234,177418,9,31.84,USDT,2026-09-08T13:09:00+05:30,2026-09-13T14:09:00+05:30
bc1qfcgqyx87rr5e6qkjs5dp620hqpxlqtdqpm8d6m,BTC,intermediary,Layer-1 distribution wallet,,CL-1018-A,54,RAAZ-26-1018,45691,45691,2,0.0,BTC,2026-09-20T19:46:00+05:30,2026-09-20T19:48:00+05:30
bc1q0kfkn6cz73szhkzyzppwmd0dd236l3apudna37,BTC,intermediary,Peel-chain change wallet,,CL-1019-B,54,RAAZ-26-1019,2416393,2416402,3,0.0,BTC,2026-09-20T23:14:00+05:30,2026-09-21T08:15:00+05:30
TBBzYbZPCxDqvAmFZNnvDJKE5hu95VPrmd,TRON,suspect,Reported suspect wallet,,CL-1020-A,54,RAAZ-26-1020,478005,469913,14,91.54,USDT,2026-09-04T20:35:00+05:30,2026-09-21T00:38:00+05:30
T8McYuaLYXmxGpQY5pMssLmaJ8yNY2U1ag,TRON,intermediary,Layer-1 distribution wallet,,CL-1024-A,54,RAAZ-26-1024,414697,414697,2,0.0,USDT,2026-09-15T19:15:00+05:30,2026-09-15T19:34:00+05:30
0x74a12a4337699ef62124d9480ee3e81bbd59b917,BSC,intermediary,Layering wallet,,,54,RAAZ-26-1025,1057074,1057074,2,0.0,BNB,2026-09-19T05:07:00+05:30,2026-09-19T05:14:00+05:30
Ti4VE9Fx1JzfQrNdUWQU5U5X7F4MyUi42C,TRON,suspect,Reported suspect wallet,,CL-1036-A,54,RAAZ-26-1036,1912805,1895194,10,199.21,USDT,2026-09-04T06:59:00+05:30,2026-09-21T16:14:00+05:30
TyvAyNMQVLXSfMtFdaBiNcfd3mbGEXZWQ5,TRON,intermediary,Layer-1 distribution wallet,,CL-1037-A,54,RAAZ-26-1037,1873580,1873580,2,0.0,USDT,2026-08-11T18:46:00+05:30,2026-08-11T19:06:00+05:30
bc1q7am6aajnuxteqp2fgtt3h5vts8lnmm26935llu,BTC,intermediary,Layer-1 distribution wallet,,CL-1046-A,54,RAAZ-26-1046,25723,25723,2,0.0,BTC,2026-09-15T14:42:00+05:30,2026-09-16T01:51:00+05:30
bc1q4p72dh3v8w6f2wdu42t6w8swj6mc4vrvl26rn2,BTC,intermediary,Peel-off wallet,,,54,RAAZ-26-1046,3279,0,1,0.000347,BTC,2026-09-17T08:28:00+05:30,2026-09-17T08:28:00+05:30
0x9167eec35636397655b3813c1ca306feb1d7cadb,POLYGON,intermediary,Layering wallet,,,54,RAAZ-26-1052,10232040,10232040,2,0.0,POL,2026-09-20T18:27:00+05:30,2026-09-20T21:01:00+05:30
0x3fb052a2eab39dd648b10acd7b10b52296ce3b6e,POLYGON,intermediary,Layer-1 distribution wallet,,CL-1052-A,54,RAAZ-26-1052,11922642,11922642,2,0.0,POL,2026-09-20T12:26:00+05:30,2026-09-20T22:28:00+05:30
TFShwoH9WAcv4pFXFBNQSJcBo9KoDqQufX,TRON,intermediary,Layering wallet,,,54,RAAZ-26-1054,122607,122607,2,0.0,USDT,2026-09-21T14:04:00+05:30,2026-09-22T01:36:00+05:30
TQzrdXkt7drEreUXfQvb2GGBwJEQDrV2iL,TRON,intermediary,Layer-1 distribution wallet,,CL-1054-A,54,RAAZ-26-1054,45785,45785,2,0.0,USDT,2026-09-21T06:33:00+05:30,2026-09-21T17:44:00+05:30
TdZsi2m2RKAP2rkPTDJzCnorAKYmEHRZ4h,TRON,intermediary,Layering wallet,,CL-SYN-02,54,RAAZ-26-1054,45785,45785,2,0.0,USDT,2026-09-21T17:44:00+05:30,2026-09-21T18:59:00+05:30
TQ4b6SHYQfZ3H47VoyudN5HhdR1bBcgeLq,TRON,intermediary,Layer-1 distribution wallet,,CL-1003-A,53,RAAZ-26-1003,196159,196159,2,0.0,USDT,2026-06-08T22:10:00+05:30,2026-06-09T01:08:00+05:30
T1HmjTi1SMCy2kEdHAwEi7bK5DvcW1uk47,TRON,intermediary,Layer-1 distribution wallet,,CL-1004-A,53,RAAZ-26-1004,7663795,7663795,2,0.0,USDT,2026-08-04T17:51:00+05:30,2026-08-04T17:55:00+05:30
TfQYsAux6RuixVj1GjJPsoGkjKJQ8qj3Si,TRON,intermediary,Peel-chain change wallet,,CL-1007-B,53,RAAZ-26-1007,48698,48698,3,0.0,USDT,2026-09-10T16:17:00+05:30,2026-09-10T23:29:00+05:30
Te5Yc6zCwFJCHTtGCRPbKg9iHtfUYGqAtV,TRON,intermediary,Layering wallet,,CL-SYN-01,53,RAAZ-26-1007,66616,66616,2,0.0,USDT,2026-09-10T23:43:00+05:30,2026-09-11T02:38:00+05:30
TexrZzCJqXBCxedu5VTxhipnu2fsjVMi1s,TRON,exchange_deposit,Halcyon Swap: deposit address (attributed),Halcyon Swap,,53,RAAZ-26-1007,106762,106762,2,0.0,USDT,2026-09-12T04:05:00+05:30,2026-09-12T04:18:00+05:30
0x52c69e2569f47aca58ecb8519288adca643f3d27,BSC,intermediary,Layering wallet,,,53,RAAZ-26-1008,1589338,1589338,2,0.0,BNB,2026-08-06T06:19:00+05:30,2026-08-06T06:27:00+05:30
0x3cce83e7b7eca07825a0bf6862d3a69e228c93e2,ETH,intermediary,Layering wallet,,CL-SYN-04,53,RAAZ-26-1010,3978708,3978708,2,0.0,USDT,2026-07-25T22:53:00+05:30,2026-07-25T23:00:00+05:30
0x5a6e27ee1edaa7c71b274df006f6e319193e8fc1,ETH,intermediary,Peel-off wallet,,CL-SYN-04,53,RAAZ-26-1013,2941,2941,2,0.0,USDT,2026-09-22T09:00:00+05:30,2026-09-22T17:42:00+05:30
0x763e87eff4c2cb6d2dd7ee9cb2ed8001134b491a,ETH,intermediary,Peel-off wallet,,CL-SYN-04,53,RAAZ-26-1013,1719,1719,2,0.0,USDT,2026-09-23T16:30:00+05:30,2026-09-23T23:31:00+05:30
bc1qdhut4dyz5458mtfxzaanhpfaftz665as69vgn3,BTC,intermediary,Layer-1 distribution wallet,,CL-1019-A,53,RAAZ-26-1019,3806318,3806318,2,0.0,BTC,2026-09-20T00:27:00+05:30,2026-09-20T05:14:00+05:30
bc1qzg2ye45uvtgc5fj49lr80389ldn595scgwccff,BTC,intermediary,Layering wallet,,,53,RAAZ-26-1019,3806318,3806318,2,0.0,BTC,2026-09-20T19:11:00+05:30,2026-09-21T03:32:00+05:30
T7gMqk5qdM6FMUF86paWPeVBRur7v6E3HJ,TRON,suspect,Reported suspect wallet,,CL-1029-A,53,RAAZ-26-1029,226503,225438,11,12.05,USDT,2026-09-03T04:07:00+05:30,2026-09-09T05:07:00+05:30
TxwgtGEqSve4ELTUqvpDw4uxyi8HieRbFs,TRON,intermediary,Layer-1 distribution wallet,,CL-1034-A,53,RAAZ-26-1034,542605,542605,2,0.0,USDT,2026-08-28T09:37:00+05:30,2026-08-28T14:01:00+05:30
TApAZ4D8CzNAroKHzmTYQ9bAd3KCTUL6t9,TRON,intermediary,Layering wallet,,,53,RAAZ-26-1039,1083049,1083049,2,0.0,USDT,2026-07-24T07:34:00+05:30,2026-07-24T12:41:00+05:30
ThV9v9Ei2PEeUYSimXguTpGYesZ7efKdxe,TRON,intermediary,Layering wallet,,,53,RAAZ-26-1039,1765780,1765780,2,0.0,USDT,2026-07-24T05:26:00+05:30,2026-07-24T18:56:00+05:30
TNUZeDvN3ATqfbcXyj9XJDpJdD5Z5WknDR,TRON,intermediary,Layer-1 distribution wallet,,CL-1043-A,53,RAAZ-26-1043,2533535,2533535,2,0.0,USDT,2026-09-07T00:03:00+05:30,2026-09-07T11:52:00+05:30
bc1qhw468fmpw2e7shmu7x3fct9l9fexj7qqy3qkng,BTC,intermediary,Layer-1 distribution wallet,,CL-1046-A,53,RAAZ-26-1046,27386,27386,2,0.0,BTC,2026-09-15T14:42:00+05:30,2026-09-16T00:55:00+05:30
bc1q4ex7wy8pdclg3etlp4ehrjsn58dwhr7w6jq7py,BTC,intermediary,Layering wallet,,,53,RAAZ-26-1046,15659,15659,2,0.0,BTC,2026-09-15T21:13:00+05:30,2026-09-16T09:01:00+05:30
bc1qqxxw6s68k28y222aaukhtx5qqcf0a450nh4enp,BTC,intermediary,Peel-off wallet,,,53,RAAZ-26-1046,3175,0,1,0.000336,BTC,2026-09-16T04:42:00+05:30,2026-09-16T04:42:00+05:30
bc1qw08e3gmnyluyjc6m2t0dny53xd2ddlkahf7lh2,BTC,intermediary,Layering wallet,,,53,RAAZ-26-1046,26838,26838,2,0.0,BTC,2026-09-15T19:11:00+05:30,2026-09-16T06:37:00+05:30
0x6f0809cca758afa4935a93ec77ba01f617cf62f2,ETH,intermediary,Pre-mix staging wallet,,,53,RAAZ-26-1047,333019,333019,2,0.0,ETH,2026-09-04T12:07:00+05:30,2026-09-04T21:55:00+05:30
0x73f34230ba9b0ff9d4bc32436fc5f32738523f56,POLYGON,intermediary,Layering wallet,,,53,RAAZ-26-1052,7261615,7261615,2,0.0,POL,2026-09-21T02:26:00+05:30,2026-09-21T11:50:00+05:30
TqVAmjjrzSU8uHq1hA3o484sMwir1D5vKF,TRON,intermediary,Layer-1 distribution wallet,,CL-1053-A,53,RAAZ-26-1053,6601346,6601346,2,0.0,USDT,2026-08-22T06:07:00+05:30,2026-08-22T06:25:00+05:30
T6fyxbYBd5kHWPjWsfEB5x99WsUEe6uYiy,TRON,intermediary,Layering wallet,,,53,RAAZ-26-1055,426264,426264,2,0.0,USDT,2026-09-22T00:00:00+05:30,2026-09-22T00:02:00+05:30
0x271f4d4d67bd37028a5adedf6a396cac73b64a11,POLYGON,intermediary,Layering wallet,,,53,RAAZ-26-1056,181231,181231,2,0.0,POL,2026-08-14T14:33:00+05:30,2026-08-14T14:57:00+05:30
0x8613fe1a29741b1354a5960436ccf92a2f380da1,POLYGON,intermediary,Layering wallet,,CL-1056-C,53,RAAZ-26-1056,106423,106423,2,0.0,POL,2026-08-14T14:09:00+05:30,2026-08-14T14:20:00+05:30
bc1qkvql7eatzewp9reavd27cpvfwzywvrdu875tdk,BTC,intermediary,Layer-1 distribution wallet,,CL-1057-A,53,RAAZ-26-1057,142137,142137,2,0.0,BTC,2026-09-07T21:16:00+05:30,2026-09-08T07:12:00+05:30
bc1q49rmrfuc6ad9653p584wxyjajmal3dqcaufjuh,BTC,intermediary,Layer-1 distribution wallet,,CL-1057-A,53,RAAZ-26-1057,233510,233510,2,0.0,BTC,2026-09-07T21:16:00+05:30,2026-09-08T00:54:00+05:30
TFBuyGvtRTwKymKxQBDXyXw1ukT4W5UYWo,TRON,exchange_deposit,Halcyon Swap: deposit address (attributed),Halcyon Swap,,53,RAAZ-26-1059,1477389,1477389,2,0.0,USDT,2026-09-14T01:20:00+05:30,2026-09-14T01:47:00+05:30
T3AzZeTbVNH9TnThq996vLToQoa1kJC6ad,TRON,intermediary,Layer-1 distribution wallet,,CL-1004-A,52,RAAZ-26-1004,6309622,6309622,2,0.0,USDT,2026-08-04T17:59:00+05:30,2026-08-04T18:07:00+05:30
0x7babf9a36a279ccacfc883c90f4821318e16e1c6,ETH,intermediary,Mixer output (probabilistic link),,,52,RAAZ-26-1006,1872188,0,1,21190.58,USDC,2026-07-28T03:57:00+05:30,2026-07-28T03:57:00+05:30
0x45d6ebebe4a6b518d90deebd98df35db9acdba98,ETH,intermediary,Layering wallet,,,52,RAAZ-26-1010,3375190,3375190,2,0.0,USDT,2026-07-25T23:04:00+05:30,2026-07-25T23:08:00+05:30
0x7a23e9655417af815085f583e49dbc2b4c417791,ETH,intermediary,Layer-1 distribution wallet,,CL-1010-A,52,RAAZ-26-1010,3978708,3978708,2,0.0,USDT,2026-07-25T22:40:00+05:30,2026-07-25T22:44:00+05:30
TQqi545kqBTvsZa3iTvEfZzKX7XPv9Usdq,TRON,intermediary,Layer-1 distribution wallet,,CL-1011-A,52,RAAZ-26-1011,3614587,3614587,2,0.0,USDT,2026-08-12T18:58:00+05:30,2026-08-12T19:12:00+05:30
0x14e3cb5f7cb8f3fdc2138b89486eeca37fad92e1,ETH,intermediary,Layer-1 distribution wallet,,CL-1013-A,52,RAAZ-26-1013,25977,25977,2,0.0,USDT,2026-09-22T05:11:00+05:30,2026-09-22T07:40:00+05:30
0x7b1abacbad786cd06a7284baffc41f1c3ff25c69,ETH,intermediary,Peel-chain change wallet,,CL-1013-B,52,RAAZ-26-1013,16608,16608,3,0.0,USDT,2026-09-22T19:41:00+05:30,2026-09-23T07:20:00+05:30
0xfb51f57f7cc07c0233eb3f905004adecb7400271,ETH,intermediary,Peel-off wallet,,,52,RAAZ-26-1013,1076,0,1,12.17,USDT,2026-09-23T07:20:00+05:30,2026-09-23T07:20:00+05:30
0x0321f98629a00398145adb7b622cf77293005a6f,ETH,intermediary,Peel-chain change wallet,,CL-1013-B,52,RAAZ-26-1013,12029,12029,2,0.0,USDT,2026-09-23T16:30:00+05:30,2026-09-23T20:42:00+05:30
0x2c97d439615d1e1af2c17c0c07d749666e26d9e6,ETH,intermediary,Layering wallet,,,52,RAAZ-26-1014,29809,29809,2,0.0,ETH,2026-08-21T23:41:00+05:30,2026-08-21T23:47:00+05:30
T4wTs3kj2eZZGa53HzJGZuS7o3iXqa5nGz,TRON,intermediary,Layering wallet,,,52,RAAZ-26-1024,414697,414697,2,0.0,USDT,2026-09-15T19:49:00+05:30,2026-09-15T20:08:00+05:30
0x398eeb57dd315cc401aed6d045272caf323ca249,BSC,intermediary,Layer-1 distribution wallet,,CL-1025-A,52,RAAZ-26-1025,2330709,2330709,2,0.0,BNB,2026-09-19T05:14:00+05:30,2026-09-19T05:29:00+05:30
0x14f51884e4df83bdd9b306badb7d19755142afca,POLYGON,intermediary,Peel-chain change wallet,,CL-1045-B,52,RAAZ-26-1045,11228234,11228233,3,0.01,USDT,2026-09-10T20:12:00+05:30,2026-09-11T05:18:00+05:30
0x9aeae9182158f875a17b5b308ee972e9eb6f10e0,POLYGON,intermediary,Peel-off wallet,,,52,RAAZ-26-1045,854697,0,1,9668.52,USDT,2026-09-11T09:56:00+05:30,2026-09-11T09:56:00+05:30
0x64c88fbb1f25c4d76e5266831fe2ef0adbdc5400,POLYGON,intermediary,Layer-1 distribution wallet,,CL-1045-A,52,RAAZ-26-1045,6178295,6178295,2,0.0,USDT,2026-09-10T11:58:00+05:30,2026-09-10T21:24:00+05:30
0xbab8dd833c51be109dec113550040c629379df15,POLYGON,intermediary,Layering wallet,,,52,RAAZ-26-1052,10232040,10232040,2,0.0,POL,2026-09-20T23:36:00+05:30,2026-09-21T01:47:00+05:30
TuiRVjFE2UAyH5DWf4UpCTFLosN7Bqhffq,TRON,intermediary,Layering wallet,,,52,RAAZ-26-1053,5241945,5241945,2,0.0,USDT,2026-08-22T06:43:00+05:30,2026-08-22T06:51:00+05:30
TtsSauvUAWB76dQ8eGNp1mXTNq74NqDNgd,TRON,intermediary,Layering wallet,,CL-1053-C,52,RAAZ-26-1053,6601346,6601346,2,0.0,USDT,2026-08-22T06:59:00+05:30,2026-08-22T07:08:00+05:30
TUN863DjBVVAv8w6HPzyQidYKQRoWsKwJw,TRON,intermediary,Layering wallet,,,51,RAAZ-26-1003,87469,87469,2,0.0,USDT,2026-06-08T23:44:00+05:30,2026-06-09T03:45:00+05:30
TWyVkh75WTGH3LLPbF5C8dwPPMLJy31mvn,TRON,intermediary,Layer-1 distribution wallet,,CL-1003-A,51,RAAZ-26-1003,134527,134527,2,0.0,USDT,2026-06-08T22:10:00+05:30,2026-06-09T01:56:00+05:30
0x8fa99f22ddf91d4365c6c2f6b25011a350185e60,ETH,intermediary,Layering wallet,,,51,RAAZ-26-1006,3487280,0,1,39471.19,USDC,2026-07-26T21:27:00+05:30,2026-07-26T21:27:00+05:30
TzbREhCRvxU5CGT7ex3pdMqMN4iNK8DpDb,TRON,intermediary,Layering wallet,,CL-SYN-01,51,RAAZ-26-1009,2529093,2529093,2,0.0,USDT,2026-06-12T15:18:00+05:30,2026-06-12T23:56:00+05:30
0x4d4e5aff55cbe7ae02f356dca859358c087f3760,ETH,intermediary,Layering wallet,,CL-SYN-04,51,RAAZ-26-1010,3621065,3621065,2,0.0,USDT,2026-07-25T23:02:00+05:30,2026-07-25T23:27:00+05:30
0xac6ac745bd88881467851508360890b179a91827,ETH,intermediary,Layering wallet,,,51,RAAZ-26-1010,3178982,3178982,2,0.0,USDT,2026-07-25T23:19:00+05:30,2026-07-25T23:43:00+05:30
TBzQE3NAPXuRr3FmanQW25tGUXTkGvjpWM,TRON,intermediary,Layering wallet,,CL-SYN-02,51,RAAZ-26-1011,5432992,5432992,2,0.0,USDT,2026-08-12T19:18:00+05:30,2026-08-12T19:43:00+05:30
T9zeWawhUNEzQq7xDU7oes4P5N3FXoDUr2,TRON,suspect,Reported suspect wallet,,CL-1015-A,51,RAAZ-26-1015,518643,501708,12,191.59,USDT,2026-08-31T06:11:00+05:30,2026-09-10T07:11:00+05:30
bc1qtt6el77ytur4cl3lmwmlgmjkc34qyg933l60yq,BTC,intermediary,Layering wallet,,,51,RAAZ-26-1018,85891,85891,2,0.0,BTC,2026-09-20T19:52:00+05:30,2026-09-20T20:20:00+05:30
bc1qxk4gjy2d2nz3fk8sejgsvmck9p04l85llz8eex,BTC,intermediary,Peel-chain change wallet,,CL-1018-B,51,RAAZ-26-1018,88017,88008,3,1e-06,BTC,2026-09-20T20:17:00+05:30,2026-09-20T20:32:00+05:30
bc1qgw7g9d2rghw8r0g03qh7smtagvz23czx76pnue,BTC,intermediary,Peel-off wallet,,,51,RAAZ-26-1018,4498,0,1,0.000476,BTC,2026-09-20T20:32:00+05:30,2026-09-20T20:32:00+05:30
bc1q73fdnnfyveth9zhgk0txmj2tufjjr4gs0kjz0g,BTC,intermediary,Layering wallet,,,51,RAAZ-26-1018,75326,75326,2,0.0,BTC,2026-09-20T20:40:00+05:30,2026-09-20T21:04:00+05:30
0xd0f5876fde06d49ad7b2bd9a19641955ce95bc2e,BSC,intermediary,Layer-1 distribution wallet,,CL-1021-A,51,RAAZ-26-1021,410857,410857,2,0.0,USDT,2026-09-16T07:08:00+05:30,2026-09-16T07:15:00+05:30
0x09961a59a237d5a0d7005c0338e64e3782abb6c2,BSC,intermediary,Layering wallet,,,51,RAAZ-26-1021,522412,522412,2,0.0,USDT,2026-09-16T07:56:00+05:30,2026-09-16T08:05:00+05:30
0xa8d3f72ecc31e727c16c1ba6948beca5f2e92ac1,BSC,intermediary,Layering wallet,,,51,RAAZ-26-1025,1057074,1057074,2,0.0,BNB,2026-09-19T05:14:00+05:30,2026-09-19T05:35:00+05:30
0x7ef23721a7ab35390c979bbcc0724ac6a7074df4,BSC,intermediary,Layering wallet,,CL-1025-C,51,RAAZ-26-1025,1057074,1057074,2,0.0,BNB,2026-09-19T05:35:00+05:30,2026-09-19T05:46:00+05:30
0x6fd7f1432cea8b744f70c206347e4e4885989415,BSC,intermediary,Layering wallet,,CL-1025-C,51,RAAZ-26-1025,3596077,3596077,2,0.0,BNB,2026-09-19T05:00:00+05:30,2026-09-19T05:27:00+05:30
TYZmSid5sYnyzjb7a4mPAA79hxfR1WXhNV,TRON,dust,Dusting source,,,51,RAAZ-26-1028,0,5,5,,USDT,2026-07-27T12:06:00+05:30,2026-08-02T01:06:00+05:30
0x29db0b1faa2f8f09b7e316da78eacea7dde66d57,ETH,consolidation,Consolidation wallet,,CL-1033-C,51,RAAZ-26-1033,488697,441101,4,538.42,USDT,2026-09-20T10:56:00+05:30,2026-09-21T11:31:00+05:30
TfSZG4eB5ZqRLGkviueRJ3VxJ8r8niFqNo,TRON,intermediary,Layering wallet,,,51,RAAZ-26-1039,674589,674589,2,0.0,USDT,2026-07-24T05:37:00+05:30,2026-07-24T10:53:00+05:30
0x677aa1694df085914ec1d916f847e12299c1914f,BSC,intermediary,Bridge output wallet on BNB Smart Chain,,,51,RAAZ-26-1045,6165939,6165939,2,0.0,USDT,2026-09-10T21:41:00+05:30,2026-09-11T03:01:00+05:30
bc1qmfjnjtdg6rg2a2w9vsdvq32fa8g2z9c36cx79g,BTC,intermediary,Layering wallet,,,51,RAAZ-26-1046,25723,25723,2,0.0,BTC,2026-09-16T01:51:00+05:30,2026-09-16T09:50:00+05:30
bc1qej8wkzkq53ly2m8jn505uvuj0c6vfvlqk60wxn,BTC,intermediary,Layering wallet,,CL-1046-C,51,RAAZ-26-1046,26838,26838,2,0.0,BTC,2026-09-16T06:37:00+05:30,2026-09-16T16:50:00+05:30
0xd9155b74d6e41254f2d259a3788027196da46fcc,ETH,intermediary,Layer-1 distribution wallet,,CL-1047-A,51,RAAZ-26-1047,153602,153602,2,0.0,ETH,2026-09-04T02:09:00+05:30,2026-09-04T10:32:00+05:30
0x3974c0c7d06f9972284091c0d6683a17ba80ab13,ETH,intermediary,Layering wallet,,CL-1047-C,51,RAAZ-26-1047,153602,153602,2,0.0,ETH,2026-09-05T00:22:00+05:30,2026-09-05T03:51:00+05:30
0x51ddf188f7cf0bdc7fbb50db3eae8f24271e8ee4,ETH,intermediary,Layering wallet,,CL-1047-C,51,RAAZ-26-1047,377712,377712,2,0.0,ETH,2026-09-05T00:28:00+05:30,2026-09-05T05:45:00+05:30
0x7fc436209c41ded13c72f6893807f73df87e10b7,POLYGON,intermediary,Layer-1 distribution wallet,,CL-1052-A,51,RAAZ-26-1052,14913951,14913951,2,0.0,POL,2026-09-20T12:15:00+05:30,2026-09-20T15:30:00+05:30
TgjKMUwrZ7n5icYSYduBHmf5zp9UuHDzoZ,TRON,intermediary,Layer-1 distribution wallet,,CL-1053-A,51,RAAZ-26-1053,7002062,7002062,2,0.0,USDT,2026-08-22T06:09:00+05:30,2026-08-22T06:17:00+05:30
TWjykQAT2VvQckje1t9ghq7PuCg5rhuUBc,TRON,intermediary,Layering wallet,,,51,RAAZ-26-1053,7002062,7002062,2,0.0,USDT,2026-08-22T06:17:00+05:30,2026-08-22T06:22:00+05:30
T5HsGrX1gdp8SpdCsyyuZRX5hWaxTtjCyy,TRON,intermediary,Layering wallet,,CL-1053-C,51,RAAZ-26-1053,7002062,7002062,2,0.0,USDT,2026-08-22T06:38:00+05:30,2026-08-22T06:47:00+05:30
T8THEAGsUN8KoWuY29Gt5VpCK5RFyo4HDb,TRON,intermediary,Layer-1 distribution wallet,,CL-1055-A,51,RAAZ-26-1055,426264,426264,2,0.0,USDT,2026-09-21T23:42:00+05:30,2026-09-22T00:00:00+05:30
TB12i3ew4C5ZffoqzZKQEnAuBaN3C4ouMv,TRON,intermediary,Layering wallet,,,51,RAAZ-26-1055,426264,426264,2,0.0,USDT,2026-09-22T00:02:00+05:30,2026-09-22T00:25:00+05:30
TL57SG99y3YCjqnNqbcXDF9WY2zcwWDDUj,TRON,intermediary,Layering wallet,,CL-SYN-02,51,RAAZ-26-1055,426264,426264,2,0.0,USDT,2026-09-22T00:25:00+05:30,2026-09-22T00:39:00+05:30
TvK9nh5TFWjaGwhHyD8Aro1nq3bx2CHETb,TRON,intermediary,Layering wallet,,CL-SYN-02,51,RAAZ-26-1055,454625,454625,2,0.0,USDT,2026-09-22T00:43:00+05:30,2026-09-22T00:47:00+05:30
bc1qj56v83ctk0mg6dlj04kn6x4nna82udcz2lkj8d,BTC,intermediary,Peel-off wallet,,,51,RAAZ-26-1057,5717,5717,2,0.0,BTC,2026-09-08T03:26:00+05:30,2026-09-08T09:12:00+05:30
bc1qaxh9tupnf67xgjjwzqrgyazegxh8n7y6djqzm5,BTC,intermediary,Peel-off wallet,,,51,RAAZ-26-1057,9337,9337,2,0.0,BTC,2026-09-09T01:35:00+05:30,2026-09-09T07:29:00+05:30
TkrqqVPQUApekqeyyktjTQDSrKpbALNhxY,TRON,intermediary,Layer-1 distribution wallet,,CL-1002-A,50,RAAZ-26-1002,4229309,4229309,2,0.0,USDT,2026-08-04T05:05:00+05:30,2026-08-04T09:56:00+05:30
TtfmxF72LQxdUg68yknzJVjuvhtMKnxjaK,TRON,intermediary,Layering wallet,,,50,RAAZ-26-1002,4127975,4127975,2,0.0,USDT,2026-08-04T14:17:00+05:30,2026-08-05T02:24:00+05:30
TL1cmR4z4jjosqkWSLErLoJzmsvMYsL9b6,TRON,intermediary,Layering wallet,,,50,RAAZ-26-1009,1337746,1337746,2,0.0,USDT,2026-06-12T10:56:00+05:30,2026-06-12T21:21:00+05:30
0x100efdc535d99f3f1b8f5cb8ee244e1ccfe32ca2,ETH,intermediary,Layer-1 distribution wallet,,CL-1010-A,50,RAAZ-26-1010,4312460,4312460,2,0.0,USDT,2026-07-25T22:49:00+05:30,2026-07-25T23:13:00+05:30
0x8139002346e86890687082ea3ddb73d2f264a13d,ETH,intermediary,Layer-1 distribution wallet,,CL-1010-A,50,RAAZ-26-1010,3178982,3178982,2,0.0,USDT,2026-07-25T22:50:00+05:30,2026-07-25T22:59:00+05:30
Tu3uRVpWfbPpWHaEswLWvwgzMpJPiXh4K9,TRON,intermediary,Layering wallet,,,50,RAAZ-26-1011,5432992,5432992,2,0.0,USDT,2026-08-12T19:13:00+05:30,2026-08-12T19:18:00+05:30
0x294fb1274644ae3bb316af8f6be2d55f299600fd,ETH,intermediary,Layering wallet,,CL-SYN-04,50,RAAZ-26-1013,25977,25977,2,0.0,USDT,2026-09-22T10:17:00+05:30,2026-09-22T18:04:00+05:30
0x40dfaf2a3790a216dba6acaf1f641e8175e0123e,ETH,intermediary,Peel-chain change wallet,,CL-1013-B,50,RAAZ-26-1013,15532,15531,3,0.01,USDT,2026-09-23T07:20:00+05:30,2026-09-23T12:24:00+05:30
bc1qwytfgdfq0f8vwzgh3t27rfa9hul9kw4mlgdr5l,BTC,intermediary,Peel-chain change wallet,,CL-1018-B,50,RAAZ-26-1018,83510,83509,3,0.0,BTC,2026-09-20T20:32:00+05:30,2026-09-20T20:48:00+05:30
bc1qg4wc7yphj9scapfc6tmcmvwqpzznc04u8qq2qq,BTC,intermediary,Peel-chain change wallet,,CL-1018-B,50,RAAZ-26-1018,70440,70441,3,0.0,BTC,2026-09-20T21:13:00+05:30,2026-09-20T21:35:00+05:30
bc1qn0ydafqmrqa27mfvvrcuu7x2ctar38raa70esy,BTC,intermediary,Layering wallet,,,50,RAAZ-26-1018,42194,0,1,0.004465,BTC,2026-09-20T20:02:00+05:30,2026-09-20T20:02:00+05:30
bc1qdk4sf0j4q2z4zqhz7m7jxshgh309czwprqu9z8,BTC,intermediary,Layering wallet,,,50,RAAZ-26-1019,1450367,1450367,2,0.0,BTC,2026-09-20T02:21:00+05:30,2026-09-20T15:04:00+05:30
bc1qcjcmwp4ap0lztvg4m9ls0su97wppm3yzxt2s6c,BTC,intermediary,Layer-1 distribution wallet,,CL-1019-A,50,RAAZ-26-1019,1904364,1904364,2,0.0,BTC,2026-09-20T00:27:00+05:30,2026-09-20T05:57:00+05:30
bc1qyclre85emuhsfgl55ytyzfxns0m56ta5dvhasq,BTC,intermediary,Layer-1 distribution wallet,,CL-1019-A,50,RAAZ-26-1019,3020995,3020995,3,0.0,BTC,2026-09-20T00:27:00+05:30,2026-09-20T11:33:00+05:30
bc1qefs46rgjk4xxs7z67tyy6f74ccvnrfzxy9zzsk,BTC,intermediary,Peel-off wallet,,,50,RAAZ-26-1019,297136,0,1,0.031443,BTC,2026-09-21T08:15:00+05:30,2026-09-21T08:15:00+05:30
TgsDFSj5yyCVTz4Gt31LpcHkXgfYcTWHEP,TRON,intermediary,Layer-1 distribution wallet,,CL-1023-A,50,RAAZ-26-1023,177353,177353,2,0.0,USDT,2026-09-06T10:29:00+05:30,2026-09-06T13:29:00+05:30
0xa48292c848ea8b6c0f8dfc5465f711cf3500550e,POLYGON,intermediary,Layer-1 distribution wallet,,CL-1030-A,50,RAAZ-26-1030,3019309,3019309,2,0.0,USDT,2026-09-11T22:56:00+05:30,2026-09-11T23:06:00+05:30
TqgdbTSKCxzq73D9tnmWaxUyHTSnVgKuW7,TRON,intermediary,Layer-1 distribution wallet,,CL-1034-A,50,RAAZ-26-1034,432655,432655,2,0.0,USDT,2026-08-28T09:31:00+05:30,2026-08-28T22:03:00+05:30
TJQqGMQfcDTbFrTrFc6hBPbkR1dJujhAeF,TRON,exchange_deposit,Lotus Chain Exchange: deposit address (attributed),Lotus Chain Exchange,,50,RAAZ-26-1034,1711035,1711035,5,0.0,USDT,2026-08-28T19:18:00+05:30,2026-08-29T07:51:00+05:30
T1MaSvMFQBd93fThLh5gNB3iSaGcVCp1Np,TRON,intermediary,Layering wallet,,CL-SYN-02,50,RAAZ-26-1039,603663,603663,2,0.0,USDT,2026-07-23T22:39:00+05:30,2026-07-24T04:49:00+05:30
Tc7a31TzsgFW6qBB3YBS3rN7rrxA7z3h5z,TRON,intermediary,Layer-1 distribution wallet,,CL-1039-A,50,RAAZ-26-1039,1669019,1669019,2,0.0,USDT,2026-07-23T21:10:00+05:30,2026-07-24T02:54:00+05:30
TYevUGuhrfspEm3s6zgfuEoZvsMFjMXqSR,TRON,intermediary,Layering wallet,,,50,RAAZ-26-1039,1669019,1669019,2,0.0,USDT,2026-07-24T09:40:00+05:30,2026-07-24T19:20:00+05:30
TzqG3D1917RcRfUo4BGSdSJPU3ovFoLsVe,TRON,intermediary,Layering wallet,,,50,RAAZ-26-1039,674589,674589,2,0.0,USDT,2026-07-24T10:53:00+05:30,2026-07-24T16:59:00+05:30
0xcca564ac8951afceaa11ac7152cb6e7488cfa45b,BSC,intermediary,Layering wallet,,,50,RAAZ-26-1040,41015,41015,2,0.0,USDT,2026-08-29T22:17:00+05:30,2026-08-29T22:31:00+05:30
T5TvmgyZSQeepAArAGtohqZPSWgAy74qrg,TRON,intermediary,Peel-off wallet,,,50,RAAZ-26-1043,224492,0,1,2539.5,USDT,2026-09-07T12:20:00+05:30,2026-09-07T12:20:00+05:30
0x9ee08c3e4bba9bd13d1c71b32fd25bd261339074,ETH,intermediary,Layer-1 distribution wallet,,CL-1047-A,50,RAAZ-26-1047,158154,158154,2,0.0,ETH,2026-09-04T02:09:00+05:30,2026-09-04T05:47:00+05:30
0xd179a580ca7304990da330a6fc6a6a7f64cfb90e,ETH,intermediary,Layering wallet,,,50,RAAZ-26-1047,158154,158154,2,0.0,ETH,2026-09-04T05:47:00+05:30,2026-09-04T18:53:00+05:30
0x84ed72f083ed6c282fb9813be0d84ef80ccb73c2,ETH,intermediary,Layering wallet,,,50,RAAZ-26-1047,158154,158154,2,0.0,ETH,2026-09-04T18:53:00+05:30,2026-09-05T02:35:00+05:30
Tp6sda2i7ikx9eZxs2ADkHiHMh6pPFPUFz,TRON,intermediary,Layering wallet,,CL-1053-C,50,RAAZ-26-1053,6514036,6514036,2,0.0,USDT,2026-08-22T06:40:00+05:30,2026-08-22T07:02:00+05:30
bc1qftkdl0c7g7g696ecu7cjwlklew7fyacujdztxg,BTC,intermediary,Layering wallet,,,50,RAAZ-26-1057,110641,110641,2,0.0,BTC,2026-09-07T22:34:00+05:30,2026-09-08T03:27:00+05:30
bc1qa95rphx3z4gdz5jnsmzkerajdsjz3hz0h2q9ju,BTC,intermediary,Peel-off wallet,,,50,RAAZ-26-1057,9091,9091,2,0.0,BTC,2026-09-08T13:50:00+05:30,2026-09-09T02:45:00+05:30
0xef6f9877f1034f442cdbc8e7e209010167c5c802,BSC,suspect,Reported suspect wallet,,CL-1060-A,50,RAAZ-26-1060,3578510,3553647,6,281.26,USDT,2026-09-06T20:09:00+05:30,2026-09-09T09:45:00+05:30
0xa43c436cc26e51b716c182126279d81413cac1f6,BSC,dust,Dusting source,,,49,RAAZ-26-1001,0,1845,3,,BNB,2026-08-12T18:09:00+05:30,2026-08-18T21:09:00+05:30
Tn9kq3mF7gur3qJJF11og6hUd58gMLNRdL,TRON,exchange_deposit,Pinecrest P2P: deposit address (attributed),Pinecrest P2P,,49,RAAZ-26-1004,42006053,42006053,2,0.0,USDT,2026-08-04T19:46:00+05:30,2026-08-04T21:02:00+05:30
0x1cb21d3a9c1341c61df9f357f3e041a200a427dd,ETH,intermediary,Layer-1 distribution wallet,,CL-1006-A,49,RAAZ-26-1006,3487280,3487280,2,0.0,USDC,2026-07-26T12:15:00+05:30,2026-07-26T21:27:00+05:30
0x15c017382bd74bd0b7c0e0ae0b6b2edce7f8a51d,ETH,intermediary,Pre-mix staging wallet,,,49,RAAZ-26-1006,4976071,4976071,2,0.0,USDC,2026-07-26T18:35:00+05:30,2026-07-27T02:55:00+05:30
0x84273cdfeab44237eea183f095e90d21117416ee,ETH,intermediary,Layering wallet,,CL-SYN-04,49,RAAZ-26-1010,3375190,3375190,2,0.0,USDT,2026-07-25T23:25:00+05:30,2026-07-25T23:43:00+05:30
0xb07cf6190dceb622e3691b02e463d239d92cdf9b,ETH,intermediary,Layering wallet,,,49,RAAZ-26-1012,188336,188336,2,0.0,ETH,2026-09-09T14:54:00+05:30,2026-09-09T23:21:00+05:30
0x61582ef5f9feabf95c454e5eaca3dacfdd06eaa0,ETH,intermediary,Layer-1 distribution wallet,,CL-1013-A,49,RAAZ-26-1013,21189,21189,3,0.0,USDT,2026-09-22T05:13:00+05:30,2026-09-22T09:00:00+05:30
0x273444ca25d51eefff9b19991998c0c948626759,ETH,intermediary,Peel-chain change wallet,,CL-1013-B,49,RAAZ-26-1013,18248,18248,3,0.0,USDT,2026-09-22T09:00:00+05:30,2026-09-22T19:41:00+05:30
0x243ef1d5517c9b719821d7aa3be2b1c8a92e80a7,ETH,intermediary,Peel-off wallet,,CL-SYN-04,49,RAAZ-26-1013,1782,1782,2,0.0,USDT,2026-09-23T12:24:00+05:30,2026-09-23T18:35:00+05:30
0x6ee3812a2cc008c7d81be9168c16677e8c9341c1,ETH,intermediary,Layering wallet,,CL-SYN-04,49,RAAZ-26-1014,29809,29809,2,0.0,ETH,2026-08-21T23:47:00+05:30,2026-08-21T23:55:00+05:30
bc1qmu855s92z9664mlv2slrakuyq4sh292fmeyfdz,BTC,intermediary,Layering wallet,,,49,RAAZ-26-1019,3806318,3806318,2,0.0,BTC,2026-09-20T05:14:00+05:30,2026-09-20T19:11:00+05:30
bc1qhqvpgf0mthjuhnw8nlg4g8w36fegd02tcnqznx,BTC,intermediary,Layering wallet,,,49,RAAZ-26-1019,3806318,3806318,2,0.0,BTC,2026-09-21T03:32:00+05:30,2026-09-21T08:02:00+05:30
0xc32844bbe21bd74cd2a1a3ae1616ab135f6e6c3e,BSC,intermediary,Layering wallet,,,49,RAAZ-26-1021,410857,410857,2,0.0,USDT,2026-09-16T07:15:00+05:30,2026-09-16T07:30:00+05:30
0xa1affe1e252bfe801b06a23efae099e8bc53539e,BSC,intermediary,Layer-1 distribution wallet,,CL-1025-A,49,RAAZ-26-1025,1418418,1418418,2,0.0,BNB,2026-09-19T05:12:00+05:30,2026-09-19T05:34:00+05:30
0xca839ea8d8d9a5c28971a3f58aa612285c6841d0,BSC,intermediary,Layer-1 distribution wallet,,CL-1025-A,49,RAAZ-26-1025,3596077,3596077,2,0.0,BNB,2026-09-19T04:58:00+05:30,2026-09-19T05:00:00+05:30
TLBRo8NWwPiMqHqdBmKgUYEHHZXnYj3aCs,TRON,intermediary,Layering wallet,,,49,RAAZ-26-1038,36647,36647,2,0.0,USDT,2026-08-20T06:11:00+05:30,2026-08-20T06:34:00+05:30
TpAP1jB8umPQtLUb8QFG3UDC32AQaFTeNh,TRON,intermediary,Layering wallet,,CL-SYN-02,49,RAAZ-26-1039,967391,967391,2,0.0,USDT,2026-07-24T20:47:00+05:30,2026-07-25T05:00:00+05:30
bc1q2j5tn9nr39fpjck73etgdvk9n6h3tlmtj9tf86,BTC,exchange_deposit,NovaX Exchange: deposit address (attributed),NovaX Exchange,,49,RAAZ-26-1046,140493,140493,2,0.0,BTC,2026-09-18T08:57:00+05:30,2026-09-18T09:08:00+05:30
0x4e262ad481b11221221a606d09dc27b2ff4cc56b,ETH,intermediary,Layer-1 distribution wallet,,CL-1047-A,49,RAAZ-26-1047,333019,333019,2,0.0,ETH,2026-09-04T02:02:00+05:30,2026-09-04T12:07:00+05:30
0x94339a118d1deb44515bc5ba4ed789b51117a3c6,ETH,intermediary,Layering wallet,,CL-1047-C,49,RAAZ-26-1047,277875,277875,2,0.0,ETH,2026-09-04T04:59:00+05:30,2026-09-04T14:22:00+05:30
0x5dae00480dbc4dcba108dc7703a2bb2a7f04d711,ETH,intermediary,Layer-1 distribution wallet,,CL-1047-A,49,RAAZ-26-1047,377712,377712,2,0.0,ETH,2026-09-04T01:53:00+05:30,2026-09-04T13:23:00+05:30
0x0fd1ecbe010e31d65bee7a9808f24686feadf5fc,ETH,exchange_deposit,Tarang Digital Assets: deposit address (attributed),Tarang Digital Assets,,49,RAAZ-26-1047,1360900,1360900,2,0.0,ETH,2026-09-06T11:59:00+05:30,2026-09-06T13:01:00+05:30
0x6bc03660be6afd7c1ceffc7fe73e722bc5c1f337,POLYGON,consolidation,Consolidation wallet,,CL-1051-C,49,RAAZ-26-1051,88117,81613,4,73.58,USDT,2026-08-06T23:31:00+05:30,2026-08-07T20:21:00+05:30
0xd8e117a6447c89d410b1d23d3a97725445d56d96,POLYGON,intermediary,Layering wallet,,,49,RAAZ-26-1052,14913951,14913951,2,0.0,POL,2026-09-20T15:30:00+05:30,2026-09-21T00:53:00+05:30
TjLo1SzLm7B7dqwN73ahRtUzpoUafabFsF,TRON,exchange_deposit,Zentra Global: deposit address (attributed),Zentra Global,,49,RAAZ-26-1054,271752,271752,2,0.0,USDT,2026-09-22T22:19:00+05:30,2026-09-22T22:59:00+05:30
0x75ab8d6dbe95f612b5d8834cfe4de6ca4fdbe01f,POLYGON,intermediary,Layering wallet,,,49,RAAZ-26-1056,209470,209470,2,0.0,POL,2026-08-14T14:27:00+05:30,2026-08-14T14:37:00+05:30
0xfe2a636b8401290fb78e680a6da8fd1ebcf928c3,POLYGON,exchange_deposit,Kestrel Markets: deposit address (attributed),Kestrel Markets,,49,RAAZ-26-1056,174104,174104,2,0.0,POL,2026-08-14T15:45:00+05:30,2026-08-14T16:56:00+05:30
bc1qdy5m4ps2yk7ctvhcm9f49y7hwf2knundd5khvw,BTC,intermediary,Layer-1 distribution wallet,,CL-1057-A,49,RAAZ-26-1057,110641,110641,2,0.0,BTC,2026-09-07T21:16:00+05:30,2026-09-07T22:34:00+05:30
bc1qzc2n6ap4n8k2tf3742qw3kavt2hxlkvuas9whu,BTC,intermediary,Peel-off wallet,,,49,RAAZ-26-1057,7758,7758,2,0.0,BTC,2026-09-09T05:38:00+05:30,2026-09-09T13:26:00+05:30
bc1qgd4qp0y9rvn97f24rpnt9zzplyt9styz2kwl4p,BTC,intermediary,Layering wallet,,,49,RAAZ-26-1057,233510,233510,2,0.0,BTC,2026-09-08T00:54:00+05:30,2026-09-08T09:36:00+05:30
bc1q2nhcvmqyt54s93dv6mu6r8vmc54vrutn6sddjy,BTC,exchange_deposit,Meridian OTC Desk: deposit address (attributed),Meridian OTC Desk,,49,RAAZ-26-1057,436638,436637,7,0.0,BTC,2026-09-08T03:27:00+05:30,2026-09-09T14:16:00+05:30
bc1qj999tcxetlsk0fadvjf3lpf8e9eqmz8rh6c438,BTC,exchange_deposit,Zentra Global: deposit address (attributed),Zentra Global,,49,RAAZ-26-1057,151228,151228,3,0.0,BTC,2026-09-08T23:36:00+05:30,2026-09-09T03:20:00+05:30
Toj8TG1qeqXzM3ntbVvi3nAX4RkyJBi2GR,TRON,intermediary,Layering wallet,,CL-SYN-01,49,RAAZ-26-1059,2696595,2696595,2,0.0,USDT,2026-09-14T00:46:00+05:30,2026-09-14T00:52:00+05:30
TRQkTQCtEei2NsbbYVfbWeiTLe4SDDqoMr,TRON,intermediary,Layer-1 distribution wallet,,CL-1002-A,48,RAAZ-26-1002,6792984,6792984,2,0.0,USDT,2026-08-04T05:10:00+05:30,2026-08-04T07:11:00+05:30
TQkuUQc8YSarhQVRiQVZM72YmcDUKFHDDx,TRON,intermediary,Layer-1 distribution wallet,,CL-1004-A,48,RAAZ-26-1004,6644026,6644026,2,0.0,USDT,2026-08-04T17:58:00+05:30,2026-08-04T18:03:00+05:30
0xc7b6617c9d9f10b9a2bd4204b51833c231fe8859,BSC,intermediary,Layer-1 distribution wallet,,CL-1008-A,48,RAAZ-26-1008,1595279,1595279,2,0.0,BNB,2026-08-06T05:46:00+05:30,2026-08-06T06:13:00+05:30
0x4b26e02e9de73b35b4fb64a16972f856a593d050,ETH,dust,Dusting source,,,48,RAAZ-26-1013,0,5,5,,USDT,2026-09-14T23:50:00+05:30,2026-09-20T22:50:00+05:30
0xa814d5a94796351f1272f111b71a232bd8dbde21,ETH,intermediary,Layering wallet,,CL-SYN-04,48,RAAZ-26-1013,18917,18917,2,0.0,USDT,2026-09-22T07:57:00+05:30,2026-09-22T21:05:00+05:30
0x3671722790c5bea4c88506a8d0d331f78dd7f1d3,ETH,intermediary,Layer-1 distribution wallet,,CL-1014-A,48,RAAZ-26-1014,41009,41009,2,0.0,ETH,2026-08-21T23:14:00+05:30,2026-08-21T23:22:00+05:30
0xbe6f43f527f99d614a05eb3787e645c492bcb7b3,ETH,intermediary,Layering wallet,,CL-SYN-04,48,RAAZ-26-1014,59453,59453,2,0.0,ETH,2026-08-21T23:10:00+05:30,2026-08-21T23:18:00+05:30
ThnSKR2DxLbZh4DFDRWirDsExLm4mNtud3,TRON,intermediary,Layering wallet,,,48,RAAZ-26-1016,84266,84266,2,0.0,USDT,2026-09-11T17:37:00+05:30,2026-09-11T17:46:00+05:30
0x5be7808eab304c48a3f5f3d6301720702799e5ca,BSC,suspect,Reported suspect wallet,,CL-1017-A,48,RAAZ-26-1017,222396,221529,11,0.0141,BNB,2026-06-22T01:54:00+05:30,2026-07-04T09:07:00+05:30
bc1q8uwtz8j30nrww7xfsv9tgek47ecu3kjpatk6dx,BTC,intermediary,Layer-1 distribution wallet,,CL-1019-A,48,RAAZ-26-1019,1450367,1450367,2,0.0,BTC,2026-09-20T00:27:00+05:30,2026-09-20T02:21:00+05:30
0x95766df103fe37ddbcdcb38830b61001019409d3,BSC,intermediary,Layering wallet,,,48,RAAZ-26-1021,522412,522412,2,0.0,USDT,2026-09-16T07:45:00+05:30,2026-09-16T07:52:00+05:30
T2F6X8j3MEqk2q6ytJqEhsA8PMKAzttiTN,TRON,intermediary,Layering wallet,,CL-SYN-02,48,RAAZ-26-1023,280478,280478,2,0.0,USDT,2026-09-07T09:29:00+05:30,2026-09-07T21:05:00+05:30
TpE1zXB8fG3LDYQGd1VREbCtSJS85dTGyM,TRON,intermediary,Layer-1 distribution wallet,,CL-1034-A,48,RAAZ-26-1034,342048,342048,2,0.0,USDT,2026-08-28T09:43:00+05:30,2026-08-28T11:50:00+05:30
TJ5L2kRd2TPqb1CZ3mraMtSMWtCbQtfAyb,TRON,dust,Dusting source,,,48,RAAZ-26-1036,0,5,5,,USDT,2026-09-04T06:59:00+05:30,2026-09-11T10:59:00+05:30
TWAvVSwKodGYvUjaFeevi1NoccPbToRcc6,TRON,intermediary,Layer-1 distribution wallet,,CL-1036-A,48,RAAZ-26-1036,1895194,1895194,2,0.0,USDT,2026-09-21T16:14:00+05:30,2026-09-21T16:31:00+05:30
TzkLJu974Xzo5TVWwgLvpakZQguhBHjPz8,TRON,intermediary,Layer-1 distribution wallet,,CL-1038-A,48,RAAZ-26-1038,78850,78850,2,0.0,USDT,2026-08-20T05:56:00+05:30,2026-08-20T06:18:00+05:30
TDxoyuGj9U844CJScQRT4rkeEaGh8wGptB,TRON,intermediary,Layering wallet,,,48,RAAZ-26-1039,1669019,1669019,2,0.0,USDT,2026-07-24T02:54:00+05:30,2026-07-24T09:40:00+05:30
Teno93gWeEugmX9YAVHccG1JSsjMNsr5xh,TRON,intermediary,Layering wallet,,CL-SYN-02,48,RAAZ-26-1039,1083049,1083049,2,0.0,USDT,2026-07-24T23:43:00+05:30,2026-07-25T03:10:00+05:30
TEohpetLJRH2nw2brUtKbD5J5Md9fv1DBK,TRON,intermediary,Peel-chain change wallet,,CL-1043-B,48,RAAZ-26-1043,1012312,1012312,2,0.0,USDT,2026-09-08T18:39:00+05:30,2026-09-09T00:45:00+05:30
TpHGwyVV3cvzeRDq2xw7vH4nsxF9GD1ZJ4,TRON,intermediary,Layering wallet,,,48,RAAZ-26-1043,2920589,2920589,2,0.0,USDT,2026-09-07T04:26:00+05:30,2026-09-07T16:41:00+05:30
0x88bc46f7785c3c34a2b9a7ff565c12c27338ce5c,POLYGON,intermediary,Peel-off wallet,,CL-1045-C,48,RAAZ-26-1045,804959,804959,2,0.0,USDT,2026-09-11T08:28:00+05:30,2026-09-11T13:54:00+05:30
0x847d269a8e6d1c46acdf2a69fce184dca9b10865,POLYGON,intermediary,Peel-chain change wallet,,CL-1045-B,48,RAAZ-26-1045,8112144,8112144,2,0.0,USDT,2026-09-11T09:56:00+05:30,2026-09-11T20:54:00+05:30
bc1qpc2xwxp9q5ftd89pq0heycuayt8h0w96u5dnsj,BTC,intermediary,Layer-1 distribution wallet,,CL-1046-A,48,RAAZ-26-1046,35986,35986,2,0.0,BTC,2026-09-15T14:42:00+05:30,2026-09-15T17:50:00+05:30
bc1q3zvn0qw47kl7n0nczr4ju5uvkjslju5yhkqvma,BTC,intermediary,Layering wallet,,,48,RAAZ-26-1046,35986,35986,2,0.0,BTC,2026-09-16T01:26:00+05:30,2026-09-16T03:53:00+05:30
bc1q3604sws3e9tvnae0kstwvrj6dyl5ayket6d2xp,BTC,intermediary,Layering wallet,,CL-1046-C,48,RAAZ-26-1046,27386,27386,2,0.0,BTC,2026-09-16T05:25:00+05:30,2026-09-16T17:14:00+05:30
0x793a6fcdcb93cf6d8cd8f807419d58d1714e9836,ETH,intermediary,Layering wallet,,,48,RAAZ-26-1047,153602,153602,2,0.0,ETH,2026-09-04T10:32:00+05:30,2026-09-05T00:22:00+05:30
0x707806b4d1a5ce70a6e76a872ff8007dfe68814c,ETH,intermediary,Mixer output (probabilistic link),,CL-1047-C,48,RAAZ-26-1047,70168,70168,2,0.0,ETH,2026-09-05T15:09:00+05:30,2026-09-06T02:58:00+05:30
0x8a3712eed52b2783eb95c7ad39c64e2b652c7d29,ETH,intermediary,Mixer output (probabilistic link),,CL-1047-C,48,RAAZ-26-1047,127097,127097,2,0.0,ETH,2026-09-05T16:44:00+05:30,2026-09-06T00:13:00+05:30
T15DQAvbzs1fj2f4P3oeSsVAjYcQ88aygr,TRON,exchange_deposit,Meridian OTC Desk: deposit address (attributed),Meridian OTC Desk,,48,RAAZ-26-1053,6672219,6672219,2,0.0,USDT,2026-08-22T07:38:00+05:30,2026-08-22T08:25:00+05:30
bc1qy0j964v0vehrzp2vxqc9e76exrcqvt99fxyk7z,BTC,intermediary,Layering wallet,,,48,RAAZ-26-1057,142137,142137,2,0.0,BTC,2026-09-08T07:12:00+05:30,2026-09-08T20:29:00+05:30
TvBtr6Ko8woakMTocckDSy395JnyV3dUng,TRON,intermediary,Layering wallet,,CL-1002-C,47,RAAZ-26-1002,7254429,7254429,2,0.0,USDT,2026-08-04T08:19:00+05:30,2026-08-04T13:39:00+05:30
TD4GDy2pK1xYpAfBBPd1HwAyGAXj8DSUF7,TRON,intermediary,Layering wallet,,CL-1002-C,47,RAAZ-26-1002,4127975,4127975,2,0.0,USDT,2026-08-05T16:13:00+05:30,2026-08-05T23:55:00+05:30
Tria2poDX7etvSSR6u4Rh2FYP83mQqK6kX,TRON,intermediary,Layering wallet,,,47,RAAZ-26-1004,7663795,7663795,2,0.0,USDT,2026-08-04T17:55:00+05:30,2026-08-04T18:20:00+05:30
TBgzMPtAy3cAo3dUfhDYAxbekmdm5yb8Mx,TRON,intermediary,Layering wallet,,CL-1004-C,47,RAAZ-26-1004,6644026,6644026,2,0.0,USDT,2026-08-04T18:26:00+05:30,2026-08-04T18:46:00+05:30
0x37b13d5f811e2c5a5b419ec24cb4da274ae1c8e7,BSC,intermediary,Layer-1 distribution wallet,,CL-1008-A,47,RAAZ-26-1008,1304415,1304415,2,0.0,BNB,2026-08-06T06:06:00+05:30,2026-08-06T06:27:00+05:30
0xfbbd4be6f1129ff605a623cda40bc927c323492d,ETH,intermediary,Layer-1 distribution wallet,,CL-1014-A,47,RAAZ-26-1014,59453,59453,2,0.0,ETH,2026-08-21T22:59:00+05:30,2026-08-21T23:10:00+05:30
Tg4pwmBRJQ62f3c6GezTNrYtdXyEPDuYnm,TRON,intermediary,Layering wallet,,,47,RAAZ-26-1016,50766,50766,2,0.0,USDT,2026-09-11T17:56:00+05:30,2026-09-11T18:12:00+05:30
bc1q5nc6uptrp2p5ac6klef4c478j7txsltcgeed6c,BTC,intermediary,Peel-chain change wallet,,CL-1019-B,47,RAAZ-26-1019,1895764,1895764,2,0.0,BTC,2026-09-21T21:35:00+05:30,2026-09-22T04:19:00+05:30
TS7eRRxJXy9xpB7XqmKw7DjQJeHzobGNw2,TRON,dust,Dusting source,,,47,RAAZ-26-1020,0,6,6,,USDT,2026-09-04T20:35:00+05:30,2026-09-11T16:35:00+05:30
T5kvF6yhG9iu4Uxi4VmDagwH3b5Baz6GL1,TRON,intermediary,Layer-1 distribution wallet,,CL-1020-A,47,RAAZ-26-1020,235491,235491,2,0.0,USDT,2026-09-21T00:38:00+05:30,2026-09-21T00:48:00+05:30
Tjy7mA8FB9mu8nRhoqSwQRmCaZ1jzeTJXW,TRON,intermediary,Layer-1 distribution wallet,,CL-1023-A,47,RAAZ-26-1023,280478,280478,2,0.0,USDT,2026-09-06T10:58:00+05:30,2026-09-06T23:19:00+05:30
Ta17FDhAPagGdgicsShqK21Fj1X6TEfzwQ,TRON,intermediary,Layering wallet,,,47,RAAZ-26-1024,346127,346127,2,0.0,USDT,2026-09-15T19:37:00+05:30,2026-09-15T19:53:00+05:30
0x4bf34abd530d9fca5e99a19df1ce5731de0aa834,BSC,exchange_deposit,Zentra Global: deposit address (attributed),Zentra Global,,47,RAAZ-26-1025,3925164,3925164,2,0.0,BNB,2026-09-19T06:48:00+05:30,2026-09-19T07:24:00+05:30
TR9YYo8sBnjPGrF1gmTpi22QzEN2cCYF68,TRON,intermediary,Layering wallet,,,47,RAAZ-26-1034,542605,542605,2,0.0,USDT,2026-08-28T14:01:00+05:30,2026-08-29T00:08:00+05:30
Tnvr4De7h6H5q1qtrdZT9fn3LsyvbNRmN6,TRON,intermediary,Layering wallet,,,47,RAAZ-26-1034,393727,393727,2,0.0,USDT,2026-08-28T21:15:00+05:30,2026-08-29T00:35:00+05:30
0xf05134088500c385040a096a22cb682e321abd2c,BSC,intermediary,Layering wallet,,CL-SYN-03,47,RAAZ-26-1040,51740,51740,2,0.0,USDT,2026-08-29T21:50:00+05:30,2026-08-29T22:12:00+05:30
0x65791ddb2e526e7424f552b44aabe65f15dd6cc9,BSC,exchange_deposit,Zentra Global: deposit address (attributed),Zentra Global,,47,RAAZ-26-1040,91525,91525,2,0.0,USDT,2026-08-29T23:04:00+05:30,2026-08-29T23:53:00+05:30
Tnqz3PvvjUBSwwT2qT3J2RinqRvemxwUZ2,TRON,intermediary,Peel-chain change wallet,,CL-1043-B,47,RAAZ-26-1043,1617371,1617371,3,0.0,USDT,2026-09-07T06:57:00+05:30,2026-09-07T12:20:00+05:30
TRUHD9shAHgpjpCkja1Fxsj9evCJgXAQYv,TRON,intermediary,Layer-1 distribution wallet,,CL-1043-A,47,RAAZ-26-1043,2920589,2920589,2,0.0,USDT,2026-09-07T00:02:00+05:30,2026-09-07T04:26:00+05:30
bc1ql4nlapl4vqkehr9plqq4l5ssdpe2zwxddnjuyu,BTC,intermediary,Layering wallet,,CL-1046-C,47,RAAZ-26-1046,15659,15659,2,0.0,BTC,2026-09-16T09:01:00+05:30,2026-09-16T19:41:00+05:30
bc1quaufvhzcypemjtza0rjg49sparfhkreaaffn73,BTC,intermediary,Peel-off wallet,,CL-1046-C,47,RAAZ-26-1046,3950,3950,2,0.0,BTC,2026-09-17T06:53:00+05:30,2026-09-17T19:32:00+05:30
0xa1084229d831af3af4a4ff3a990efe9f48a25d5f,ETH,intermediary,Mixer output (probabilistic link),,CL-1047-C,47,RAAZ-26-1047,127426,127426,2,0.0,ETH,2026-09-05T18:51:00+05:30,2026-09-06T01:35:00+05:30
0xce1c2902f536747c1d9d719108ddf8f042928e96,ETH,intermediary,Peel-off wallet,,CL-1047-C,47,RAAZ-26-1047,25732,25732,2,0.0,ETH,2026-09-05T07:36:00+05:30,2026-09-05T15:14:00+05:30
0x27184549e01f95fc327ef6f4b5c05edefd7f67b5,POLYGON,intermediary,Layer-1 distribution wallet,,CL-1052-A,47,RAAZ-26-1052,12418340,12418340,2,0.0,POL,2026-09-20T12:25:00+05:30,2026-09-20T21:58:00+05:30
T6pKoxxbeqYgHouehfdCnG4jCpbTBHGUmF,TRON,exchange_deposit,Quasar Exchange: deposit address (attributed),Quasar Exchange,,47,RAAZ-26-1059,1049204,1049204,2,0.0,USDT,2026-09-14T01:30:00+05:30,2026-09-14T02:31:00+05:30
TBY1SMi61gUwrsQPUVaLeUGfNWjvyqTWJ7,TRON,intermediary,Layering wallet,,,46,RAAZ-26-1002,4127975,4127975,2,0.0,USDT,2026-08-05T02:24:00+05:30,2026-08-05T16:13:00+05:30
TDevDA33GFhrSMzmG1zXdNqJoYfheAZmqA,TRON,intermediary,Layering wallet,,CL-1002-C,46,RAAZ-26-1002,6792984,6792984,2,0.0,USDT,2026-08-04T07:11:00+05:30,2026-08-04T12:57:00+05:30
0xa303bf0ded39b7fbd3d24b641c1df08cd858f1bd,BSC,intermediary,Layering wallet,,,46,RAAZ-26-1008,549459,549459,2,0.0,BNB,2026-08-06T06:07:00+05:30,2026-08-06T06:31:00+05:30
0x08178a30e02b81949b6af0f2ee490059a3bf2424,ETH,intermediary,Layer-1 distribution wallet,,CL-1013-A,46,RAAZ-26-1013,18917,18917,2,0.0,USDT,2026-09-22T05:23:00+05:30,2026-09-22T07:57:00+05:30
0xd8ba284b7f5fb97953245e680f7fc775bae1b774,ETH,intermediary,Layer-1 distribution wallet,,CL-1014-A,46,RAAZ-26-1014,88698,88698,2,0.0,ETH,2026-08-21T22:43:00+05:30,2026-08-21T22:49:00+05:30
THpCedhTEBnqPRBP2Mu4E3eRnnufChfkWq,TRON,intermediary,Layer-1 distribution wallet,,CL-1016-A,46,RAAZ-26-1016,50766,50766,2,0.0,USDT,2026-09-11T17:15:00+05:30,2026-09-11T17:30:00+05:30
0x569858c29b75324e259c42ebb9a81e1ee87c9f7a,BSC,intermediary,Layering wallet,,,46,RAAZ-26-1021,204745,204745,2,0.0,USDT,2026-09-16T07:29:00+05:30,2026-09-16T07:44:00+05:30
0x0072138671b730b6889cbab727282c629705d2f9,BSC,intermediary,Layer-1 distribution wallet,,CL-1021-A,46,RAAZ-26-1021,522412,522412,2,0.0,USDT,2026-09-16T07:43:00+05:30,2026-09-16T07:45:00+05:30
0x69685492189cee04363a9165f5ae5ec44535d48a,BSC,intermediary,Layer-1 distribution wallet,,CL-1025-A,46,RAAZ-26-1025,1704177,1704177,2,0.0,BNB,2026-09-19T05:10:00+05:30,2026-09-19T05:18:00+05:30
0x16997b6497b50d0b5db0db6dba07e471a7a22873,BSC,intermediary,Layer-1 distribution wallet,,CL-1025-A,46,RAAZ-26-1025,1057074,1057074,2,0.0,BNB,2026-09-19T05:01:00+05:30,2026-09-19T05:07:00+05:30
0x24c492df86ee4c196643ff662349bd4bfdc7ebbd,ETH,suspect,Reported suspect wallet,,CL-1033-A,46,RAAZ-26-1033,507008,488697,8,207.15,USDT,2026-09-18T08:51:00+05:30,2026-09-23T04:51:00+05:30
0xe9b0d9152b56f05467cd3df13d9f28b61646c43e,BSC,intermediary,Layering wallet,,,46,RAAZ-26-1040,51740,51740,2,0.0,USDT,2026-08-29T21:43:00+05:30,2026-08-29T21:50:00+05:30
Tgy2vTyf9jhBdN383r3UEs9mG8x6AJG8hm,TRON,intermediary,Peel-chain change wallet,,CL-1043-B,46,RAAZ-26-1043,1719018,1719019,3,0.0,USDT,2026-09-07T03:18:00+05:30,2026-09-07T06:57:00+05:30
T91kuDyJhk6eEHYWUgwD8whpULmr5ij2da,TRON,exchange_deposit,Suryodaya Crypto: deposit address (attributed),Suryodaya Crypto,,46,RAAZ-26-1043,6466436,6466436,4,0.0,USDT,2026-09-07T23:46:00+05:30,2026-09-09T00:53:00+05:30
bc1qpqw5z2uqkt0zctjlrkm7tf32s6qfluqg9cszwg,BTC,intermediary,Layering wallet,,CL-1046-C,46,RAAZ-26-1046,35986,35986,2,0.0,BTC,2026-09-16T03:53:00+05:30,2026-09-16T13:18:00+05:30
bc1qm7q2wtyp9vxg6k0ywk96v7hsp7a75dqn5ztg80,BTC,intermediary,Layer-1 distribution wallet,,CL-1046-A,46,RAAZ-26-1046,15659,15659,2,0.0,BTC,2026-09-15T14:42:00+05:30,2026-09-15T16:34:00+05:30
bc1quk66qq0glxq6gpadr72t00vcajerdncxtyrmgz,BTC,intermediary,Layer-1 distribution wallet,,CL-1046-A,46,RAAZ-26-1046,35901,35900,3,0.0,BTC,2026-09-15T14:42:00+05:30,2026-09-16T04:42:00+05:30
bc1qzkg9svenrjefgrrwgwmfxjj2wd5gkj6n77d0c0,BTC,intermediary,Layer-1 distribution wallet,,CL-1046-A,46,RAAZ-26-1046,26838,26838,2,0.0,BTC,2026-09-15T14:42:00+05:30,2026-09-15T19:11:00+05:30
0x18234e62974d4629640e3e96b641041f7fcc767f,ETH,intermediary,Layering wallet,,CL-1047-C,46,RAAZ-26-1047,158154,158154,2,0.0,ETH,2026-09-05T02:35:00+05:30,2026-09-05T06:07:00+05:30
0x9494eea1497ba324ab976f7f4a9e78751e18422a,ETH,intermediary,Peel-off wallet,,,46,RAAZ-26-1047,29179,0,1,0.08532,ETH,2026-09-04T08:11:00+05:30,2026-09-04T08:11:00+05:30
0x392e7e0ce6fa5acf0cd28d4f7fead1ca6824c8fe,ETH,intermediary,Peel-chain change wallet,,CL-1047-B,46,RAAZ-26-1047,183500,183500,2,0.0,ETH,2026-09-05T11:49:00+05:30,2026-09-05T14:46:00+05:30
0x2fbb7074a72393be1dc25f4fb78fdf3603e310b7,POLYGON,intermediary,Layering wallet,,,46,RAAZ-26-1052,10232040,10232040,2,0.0,POL,2026-09-20T21:01:00+05:30,2026-09-20T23:36:00+05:30
0x65d29c427b396cdecd63dcc2cbe2c11b86a0ee82,POLYGON,intermediary,Layering wallet,,,46,RAAZ-26-1052,11922642,11922642,2,0.0,POL,2026-09-21T10:11:00+05:30,2026-09-21T20:23:00+05:30
0x9b03b8c4e877015163ffda681fe184060a26b7bc,POLYGON,intermediary,Layering wallet,,,46,RAAZ-26-1056,209470,209470,2,0.0,POL,2026-08-14T14:17:00+05:30,2026-08-14T14:27:00+05:30
bc1qk0hj7lqn5sxjsckc4tgzraulafftdn9wj54szc,BTC,intermediary,Peel-chain change wallet,,CL-1057-B,46,RAAZ-26-1057,95861,95851,3,1e-06,BTC,2026-09-08T03:26:00+05:30,2026-09-08T13:50:00+05:30
bc1q8eewmvkzjv55v0kgkezscd5rckk29rr6apufv5,BTC,intermediary,Peel-chain change wallet,,CL-1057-B,46,RAAZ-26-1057,77424,77433,3,0.0,BTC,2026-09-09T01:35:00+05:30,2026-09-09T05:38:00+05:30
TR75ULEkMXiRwTB9zdVishS9UBMh2QsSPr,TRON,intermediary,Layering wallet,,CL-1002-C,45,RAAZ-26-1002,4229309,4229309,2,0.0,USDT,2026-08-04T13:46:00+05:30,2026-08-05T00:00:00+05:30
TTPxtV499JX1VziwRvVEDTmQBs5M4zcowa,TRON,intermediary,Layer-1 distribution wallet,,CL-1002-A,45,RAAZ-26-1002,4127975,4127975,2,0.0,USDT,2026-08-04T05:28:00+05:30,2026-08-04T14:17:00+05:30
TE8m6UWZvTXrTqD4s8Vm3VWc4E4fYxi66S,TRON,inbound,Unattributed inbound (possible other victim),,,45,RAAZ-26-1005,0,349525,1,,USDT,2026-08-20T15:10:00+05:30,2026-08-20T15:10:00+05:30
0x6f66eba30138884204028c8ab8b9bea3a814a31f,BSC,intermediary,Layer-1 distribution wallet,,CL-1008-A,45,RAAZ-26-1008,1520963,1520963,2,0.0,BNB,2026-08-06T05:43:00+05:30,2026-08-06T05:56:00+05:30
0x5de5d768ebd63bdf8ce14ca6d5cda86ff295702a,ETH,intermediary,Layer-1 distribution wallet,,CL-1012-A,45,RAAZ-26-1012,81324,81324,2,0.0,ETH,2026-09-09T01:42:00+05:30,2026-09-09T07:10:00+05:30
0x95021a478a7658db491e77cf4d7006b99374f2fb,ETH,intermediary,Peel-off wallet,,CL-SYN-04,45,RAAZ-26-1013,1640,1640,2,0.0,USDT,2026-09-22T19:41:00+05:30,2026-09-23T01:59:00+05:30
0xc5e7bd308b71cf3c589b7f61ff962796b4369386,ETH,intermediary,Peel-chain change wallet,,CL-1013-B,45,RAAZ-26-1013,13749,13748,3,0.0,USDT,2026-09-23T12:24:00+05:30,2026-09-23T16:30:00+05:30
0x12d7b9cf9412f544477bd48e7b536d6399712027,ETH,intermediary,Layering wallet,,CL-SYN-04,45,RAAZ-26-1014,88698,88698,2,0.0,ETH,2026-08-21T22:49:00+05:30,2026-08-21T22:53:00+05:30
TaKNGDahg51uNeni2SbXGeg6L1EcDV1Xts,TRON,inbound,Unattributed inbound (possible other victim),,,45,RAAZ-26-1015,0,99447,1,,USDT,2026-09-04T02:11:00+05:30,2026-09-04T02:11:00+05:30
T1RqnaLhSckBTgGCT4BXaEMnoNDPyYecZ5,TRON,intermediary,Layering wallet,,,45,RAAZ-26-1015,267806,0,1,3029.48,USDT,2026-09-09T14:39:00+05:30,2026-09-09T14:39:00+05:30
TM4peDgH4NTHoP8pkCBVZPrpR56CDpTcxg,TRON,intermediary,Layer-1 distribution wallet,,CL-1016-A,45,RAAZ-26-1016,84266,84266,2,0.0,USDT,2026-09-11T16:57:00+05:30,2026-09-11T17:13:00+05:30
bc1q3uet0znal8gm079kh07lvcg44klxrsre28fkns,BTC,intermediary,Layering wallet,,,45,RAAZ-26-1019,4088902,4088902,2,0.0,BTC,2026-09-20T15:40:00+05:30,2026-09-21T04:18:00+05:30
bc1qyd60m8pknrd5n6x8hl28s4yhacj9z07nd50jew,BTC,exchange_deposit,Kestrel Markets: deposit address (attributed),Kestrel Markets,,45,RAAZ-26-1019,17382585,17382585,8,0.0,BTC,2026-09-20T06:08:00+05:30,2026-09-22T05:38:00+05:30
TZ6P3stYKLZcdMy7hj1kExWC5KVtpzXaAX,TRON,intermediary,Layering wallet,,CL-SYN-02,45,RAAZ-26-1023,177353,177353,2,0.0,USDT,2026-09-07T00:50:00+05:30,2026-09-07T08:58:00+05:30
Tx3cN6KQbAb7eRWUZUMdsDxwcqdrp4ryHs,TRON,exchange_deposit,Lotus Chain Exchange: deposit address (attributed),Lotus Chain Exchange,,45,RAAZ-26-1023,254929,254929,2,0.0,USDT,2026-09-08T05:39:00+05:30,2026-09-08T06:52:00+05:30
TaqvnVPg2JrLPrn1K2wcueqkBXhkhM93o2,TRON,intermediary,Layering wallet,,,45,RAAZ-26-1024,346127,346127,2,0.0,USDT,2026-09-15T20:00:00+05:30,2026-09-15T20:23:00+05:30
0xe2e79dda8d424d6a537faf555efc2b6b5a0e5bf5,BSC,intermediary,Layering wallet,,,45,RAAZ-26-1025,1704177,1704177,2,0.0,BNB,2026-09-19T05:41:00+05:30,2026-09-19T05:50:00+05:30
TLEgdV3h9fEph2V4VV9Ebhi5pbzRDjYqPp,TRON,intermediary,Layering wallet,,,45,RAAZ-26-1029,44009,0,1,497.84,USDT,2026-09-08T19:02:00+05:30,2026-09-08T19:02:00+05:30
TrbNnL1PVufaGzdA5osvC2dbSN8DnjPBTZ,TRON,intermediary,Layer-1 distribution wallet,,CL-1029-A,45,RAAZ-26-1029,47140,47140,2,0.0,USDT,2026-09-07T22:29:00+05:30,2026-09-08T11:38:00+05:30
Tw4b51PbY14W5bkJRtiHfP9UkkvFEGo3nm,TRON,intermediary,Layering wallet,,CL-1036-C,45,RAAZ-26-1036,1895194,1895194,2,0.0,USDT,2026-09-21T16:34:00+05:30,2026-09-21T16:45:00+05:30
Taop41XLa3fKPiANmcpaAf4irJqyTeeN14,TRON,inbound,Unattributed inbound (possible other victim),,,45,RAAZ-26-1038,0,50397,1,,USDT,2026-08-11T08:46:00+05:30,2026-08-11T08:46:00+05:30
0xa37fa35b6c008208d11f3ea6f30612fb6aa365de,BSC,intermediary,Layer-1 distribution wallet,,CL-1040-A,45,RAAZ-26-1040,41015,41015,2,0.0,USDT,2026-08-29T22:00:00+05:30,2026-08-29T22:13:00+05:30
TMkFtfgVQACciACyKgrub93s4o6G1JzxTV,TRON,suspect,Reported suspect wallet,,CL-1041-A,45,RAAZ-26-1041,1462920,1420019,11,485.31,USDT,2026-08-14T23:23:00+05:30,2026-08-21T18:16:00+05:30
T3o4qNGa6WJenZWDufaNA3FUBrc9a9JjUT,TRON,intermediary,Peel-off wallet,,,45,RAAZ-26-1043,137374,0,1,1554.0,USDT,2026-09-07T23:22:00+05:30,2026-09-07T23:22:00+05:30
0x35fe706717b6d30bfb8d85e70f7727429a0898f7,POLYGON,exchange_deposit,Zentra Global: deposit address (attributed),Zentra Global,,45,RAAZ-26-1045,8188336,8188336,2,0.0,USDT,2026-09-11T22:09:00+05:30,2026-09-11T23:35:00+05:30
bc1q4l3w35d567xzfmn7z0yczzrhe8yzdh0jv53y97,BTC,intermediary,Peel-chain change wallet,,CL-1046-B,45,RAAZ-26-1046,21225,21235,3,0.0,BTC,2026-09-17T08:28:00+05:30,2026-09-17T12:23:00+05:30
0x9da5c4aacbd8d99215e706861519574a0d0a7abf,POLYGON,intermediary,Layer-1 distribution wallet,,CL-1056-A,45,RAAZ-26-1056,181231,181231,2,0.0,POL,2026-08-14T14:18:00+05:30,2026-08-14T14:33:00+05:30
0x7ab1945234d231622b06d1e4ae361ff9209b11c6,POLYGON,intermediary,Layering wallet,,,45,RAAZ-26-1056,106423,106423,2,0.0,POL,2026-08-14T14:03:00+05:30,2026-08-14T14:09:00+05:30
0xdefd4f2151360e9e57c3761fd10baa631d881b83,POLYGON,exchange_deposit,Orbitra Pro: deposit address (attributed),Orbitra Pro,,45,RAAZ-26-1056,295029,295029,2,0.0,POL,2026-08-14T16:10:00+05:30,2026-08-14T17:35:00+05:30
bc1qzgdxj56cuv9zlq5hatyhwgnf3z5j8k0336r79y,BTC,intermediary,Layer-1 distribution wallet,,CL-1057-A,45,RAAZ-26-1057,101578,101578,3,0.0,BTC,2026-09-07T21:16:00+05:30,2026-09-08T03:26:00+05:30
0xff246f9db5babe918b67d3462fc2084f96492788,BSC,suspect,Reported suspect wallet,,CL-1001-A,44,RAAZ-26-1001,103634,101340,14,0.0373,BNB,2026-08-12T18:09:00+05:30,2026-09-03T12:51:00+05:30
TUK7Bod7fgZGpa3Rr9ZTkMkhFou7WHDcvN,TRON,intermediary,Layer-1 distribution wallet,,CL-1002-A,44,RAAZ-26-1002,7254429,7254429,2,0.0,USDT,2026-08-04T05:23:00+05:30,2026-08-04T08:19:00+05:30
0xaf9c939f01fde5ec28b7117e8eac72bfa82cb34d,ETH,intermediary,Pre-mix staging wallet,,,44,RAAZ-26-1006,4976071,4976071,2,0.0,USDC,2026-07-27T02:55:00+05:30,2026-07-27T15:28:00+05:30
0xb9523c6d51419ac616623c07e2168746777df9a5,BSC,intermediary,Layering wallet,,,44,RAAZ-26-1008,1304415,1304415,2,0.0,BNB,2026-08-06T06:27:00+05:30,2026-08-06T06:48:00+05:30
0xcdcbf24fefca6dd763676fc88b41faadf47e4c0a,BSC,intermediary,Layer-1 distribution wallet,,CL-1008-A,44,RAAZ-26-1008,1575464,1575464,2,0.0,BNB,2026-08-06T05:40:00+05:30,2026-08-06T05:45:00+05:30
0x67a99a67e33daf2a00bcdd9f5855e8da89cbea62,BSC,intermediary,Layer-1 distribution wallet,,CL-1008-A,44,RAAZ-26-1008,1589338,1589338,2,0.0,BNB,2026-08-06T05:50:00+05:30,2026-08-06T06:03:00+05:30
0x85a025b25540fd258d0b9d57a2b4fa23aa675aab,BSC,intermediary,Layering wallet,,,44,RAAZ-26-1008,1589338,1589338,2,0.0,BNB,2026-08-06T06:03:00+05:30,2026-08-06T06:19:00+05:30
TkcRy5dBqwmAvYL8qK9bG7rZHhvfEEmmEU,TRON,inbound,Unattributed inbound (possible other victim),,,44,RAAZ-26-1009,0,2813841,1,,USDT,2026-06-12T08:32:00+05:30,2026-06-12T08:32:00+05:30
0x200d21b73284815e989ddcf60494f77703a2adb4,ETH,exchange_deposit,Tarang Digital Assets: deposit address (attributed),Tarang Digital Assets,,44,RAAZ-26-1010,16816909,16816909,2,0.0,USDT,2026-07-25T23:56:00+05:30,2026-07-26T00:40:00+05:30
TBgmx7RLVHbgzVMsrQV6cVVeqHQG1NvSPC,TRON,intermediary,Layering wallet,,CL-SYN-02,44,RAAZ-26-1011,3614587,3614587,2,0.0,USDT,2026-08-12T19:12:00+05:30,2026-08-12T19:40:00+05:30
T2CDUeQG2SC3dqDnhdSxRidKjeRQVvy22T,TRON,exchange_deposit,Lotus Chain Exchange: deposit address (attributed),Lotus Chain Exchange,,44,RAAZ-26-1011,8823185,8823185,2,0.0,USDT,2026-08-12T20:10:00+05:30,2026-08-12T21:25:00+05:30
0x5fdb17f036e90bbaa653c7154b87811450b01f6b,ETH,intermediary,Layer-1 distribution wallet,,CL-1012-A,44,RAAZ-26-1012,274893,274893,2,0.0,ETH,2026-09-09T01:46:00+05:30,2026-09-09T14:24:00+05:30
0xa40d0053240a9b9b32e11948ec706de5ced36fd5,ETH,intermediary,Layering wallet,,,44,RAAZ-26-1013,25977,25977,2,0.0,USDT,2026-09-22T07:40:00+05:30,2026-09-22T10:17:00+05:30
0xb54a021ed529953397a6a050fd33e171fb04de28,ETH,intermediary,Layer-1 distribution wallet,,CL-1013-A,44,RAAZ-26-1013,37924,37924,2,0.0,USDT,2026-09-22T05:26:00+05:30,2026-09-22T08:10:00+05:30
0xa04786913330618ba7c70b9894e48c21e9263aef,ETH,exchange_deposit,Orbitra Pro: deposit address (attributed),Orbitra Pro,,44,RAAZ-26-1013,124391,124391,2,0.0,USDT,2026-09-24T08:48:00+05:30,2026-09-24T09:20:00+05:30
0x19290a1d8ec50cfbc048dd22c40d17816620b7ad,ETH,intermediary,Layering wallet,,CL-SYN-04,44,RAAZ-26-1014,41009,41009,2,0.0,ETH,2026-08-21T23:22:00+05:30,2026-08-21T23:26:00+05:30
Ttc3STDE3MqbqMkxRfEFpaYag4FnQiQUgR,TRON,intermediary,Layering wallet,,,44,RAAZ-26-1016,42386,42386,2,0.0,USDT,2026-09-11T17:44:00+05:30,2026-09-11T17:49:00+05:30
THuzaZcVycZCHaq1tkRX27pimMqD5QnfLD,TRON,intermediary,Layering wallet,,CL-1016-C,44,RAAZ-26-1016,84266,84266,2,0.0,USDT,2026-09-11T17:46:00+05:30,2026-09-11T18:13:00+05:30
bc1q08nenuyy7q96ptu50fwnwpeck3gr250l6u9z0g,BTC,intermediary,Layer-1 distribution wallet,,CL-1019-A,44,RAAZ-26-1019,4088902,4088902,2,0.0,BTC,2026-09-20T00:27:00+05:30,2026-09-20T07:14:00+05:30
bc1qc5dxd2qk97zuenmfkfvcc50h4lk5nm0knc4pm8,BTC,intermediary,Layering wallet,,,44,RAAZ-26-1019,3834801,3834801,2,0.0,BTC,2026-09-20T04:57:00+05:30,2026-09-20T06:08:00+05:30
TsgZSZoPpLiveTtRAj6gMNPn4X9QMzDPKi,TRON,exchange_deposit,Lotus Chain Exchange: deposit address (attributed),Lotus Chain Exchange,,44,RAAZ-26-1020,183633,183633,2,0.0,USDT,2026-09-21T01:40:00+05:30,2026-09-21T02:31:00+05:30
0x6370263042f5c210950aae969462a3a255fdadd7,BSC,intermediary,Layering wallet,,,44,RAAZ-26-1021,204745,204745,2,0.0,USDT,2026-09-16T07:44:00+05:30,2026-09-16T08:11:00+05:30
0x23febfbd2eaf611f60831bad5a921c7bafdc85d0,BSC,exchange_deposit,Tarang Digital Assets: deposit address (attributed),Tarang Digital Assets,,44,RAAZ-26-1021,522412,522412,2,0.0,USDT,2026-09-16T08:05:00+05:30,2026-09-16T08:50:00+05:30
T6bihnVT8V8rQFPNekekcszdzZ1wtsZgPy,TRON,intermediary,Layering wallet,,,44,RAAZ-26-1024,414697,414697,2,0.0,USDT,2026-09-15T19:34:00+05:30,2026-09-15T19:49:00+05:30
T48Pxq4ex5QKojStiL6kfd67KTuQrXPiqQ,TRON,intermediary,Layering wallet,,,44,RAAZ-26-1024,302427,302427,2,0.0,USDT,2026-09-15T20:17:00+05:30,2026-09-15T20:27:00+05:30
0x0a2f535c30ecd93ad4cfa76afc979b13865ebf90,BSC,intermediary,Layering wallet,,,44,RAAZ-26-1025,1704177,1704177,2,0.0,BNB,2026-09-19T05:18:00+05:30,2026-09-19T05:41:00+05:30
0x4fc0c16caa668ef27a4eb1b1e395d1e6d3f14ed8,BSC,intermediary,Layering wallet,,CL-1025-C,44,RAAZ-26-1025,1704177,1704177,2,0.0,BNB,2026-09-19T05:50:00+05:30,2026-09-19T06:15:00+05:30
TmBan2CMgmjQssypRtRFzMWYCqyMPLiMMD,TRON,intermediary,Layer-1 distribution wallet,,CL-1034-A,44,RAAZ-26-1034,393727,393727,2,0.0,USDT,2026-08-28T09:59:00+05:30,2026-08-28T21:15:00+05:30
TKkW375ykL9CiJj4MrqatneSq6vki2zedK,TRON,intermediary,Layering wallet,,,44,RAAZ-26-1036,1895194,1895194,2,0.0,USDT,2026-09-21T16:31:00+05:30,2026-09-21T16:34:00+05:30
0xfc4d6a606ec97dc0780c4b278c7ca7083b233859,BSC,intermediary,Layering wallet,,CL-SYN-03,44,RAAZ-26-1040,41015,41015,2,0.0,USDT,2026-08-29T22:31:00+05:30,2026-08-29T22:47:00+05:30
Tii6KwwbShvgMrW1poo9H6423ahaVLuaWD,TRON,inbound,Unattributed inbound (possible other victim),,,44,RAAZ-26-1041,0,128171,1,,USDT,2026-08-19T00:23:00+05:30,2026-08-19T00:23:00+05:30
0x373473f89fbb423fa5cc3c1d9d5c39ca5cb1f863,ETH,suspect,Reported suspect wallet,,CL-1042-A,44,RAAZ-26-1042,372500,367654,6,54.8,USDT,2026-08-19T23:43:00+05:30,2026-08-20T22:17:00+05:30
TaTKtjUho6s68vp7zcwkPCLdoQ7TMx3g5S,TRON,dust,Dusting source,,,44,RAAZ-26-1043,0,3,3,,USDT,2026-08-21T18:52:00+05:30,2026-08-24T06:52:00+05:30
TL1cp4YgRjHutdmtvAz7z9rN5HKTdDrvg2,TRON,intermediary,Peel-off wallet,,,44,RAAZ-26-1043,100466,0,1,1136.49,USDT,2026-09-07T03:18:00+05:30,2026-09-07T03:18:00+05:30
TSR6XazbJj2864SDtEeji668gjn6qS985v,TRON,intermediary,Peel-chain change wallet,,CL-1043-B,44,RAAZ-26-1043,1255505,1255506,3,0.0,USDT,2026-09-07T23:22:00+05:30,2026-09-08T06:10:00+05:30
TdN4Q89xECZ9ov1v4HH2yHf7qi3AEZVVQ7,TRON,intermediary,Layering wallet,,,44,RAAZ-26-1043,2533535,2533535,2,0.0,USDT,2026-09-07T16:12:00+05:30,2026-09-07T18:40:00+05:30
0xd045047cf5c553ec16c26a4148a06ebc279a1312,POLYGON,intermediary,Peel-off wallet,,,44,RAAZ-26-1045,1118754,0,1,12655.59,USDT,2026-09-10T20:12:00+05:30,2026-09-10T20:12:00+05:30
bc1qqfm2qqf9uj59u5unk80x3vnx6mq89fxzrut8r7,BTC,intermediary,Layering wallet,,CL-1046-C,44,RAAZ-26-1046,25723,25723,2,0.0,BTC,2026-09-16T09:50:00+05:30,2026-09-16T15:14:00+05:30
bc1qeeh7h7qdavl8h6qymmusvuc2fawq7nxyf2nc43,BTC,intermediary,Layering wallet,,,44,RAAZ-26-1046,27386,27386,2,0.0,BTC,2026-09-16T00:55:00+05:30,2026-09-16T05:25:00+05:30
bc1q7txunzh0h6kg5hcwv224vgav807255gyteytxf,BTC,intermediary,Layering wallet,,,44,RAAZ-26-1046,15659,15659,2,0.0,BTC,2026-09-15T16:34:00+05:30,2026-09-15T21:13:00+05:30
0xdcbbe7d029c546dd70ec73013e249daac6374835,ETH,intermediary,Layer-1 distribution wallet,,CL-1047-A,44,RAAZ-26-1047,277875,277875,2,0.0,ETH,2026-09-04T01:54:00+05:30,2026-09-04T04:59:00+05:30
0x60d66f7602b03891eb64ac85782901600eb32a08,ETH,intermediary,Peel-chain change wallet,,CL-1047-B,44,RAAZ-26-1047,225840,225840,3,0.0,ETH,2026-09-04T18:05:00+05:30,2026-09-05T07:36:00+05:30
0x7634d5303d8dcb0f60359215c1748f8dfe88d747,POLYGON,suspect,Reported suspect wallet,,CL-1051-A,44,RAAZ-26-1051,89101,88117,9,11.13,USDT,2026-07-31T14:27:00+05:30,2026-08-06T15:30:00+05:30
0xad74ba228e84d466b4b29dabe9c6a4c90d1e3d04,POLYGON,intermediary,Layering wallet,,,44,RAAZ-26-1052,11922642,11922642,2,0.0,POL,2026-09-21T03:53:00+05:30,2026-09-21T10:11:00+05:30
TfM6UWDPmjGmVjG1sFgJYHfULynaq9ZbfX,TRON,inbound,Unattributed inbound (possible other victim),,,44,RAAZ-26-1053,0,8157823,1,,USDT,2026-08-18T02:36:00+05:30,2026-08-18T02:36:00+05:30
T5qBkmet3KXk7eEuGwjBJqDKTNsNN3VHDG,TRON,inbound,Unattributed inbound (possible other victim),,,44,RAAZ-26-1054,0,61005,1,,USDT,2026-09-17T17:37:00+05:30,2026-09-17T17:37:00+05:30
0x8a5ba7eaf7c1cb2e4469ffd7b045174780323347,POLYGON,intermediary,Layering wallet,,CL-1056-C,44,RAAZ-26-1056,181231,181231,2,0.0,POL,2026-08-14T14:57:00+05:30,2026-08-14T15:21:00+05:30
0x59f1b1b81f57faf7f18ad1cae4d7e8df6fb6662c,POLYGON,intermediary,Layering wallet,,CL-1056-C,44,RAAZ-26-1056,209470,209470,2,0.0,POL,2026-08-14T14:37:00+05:30,2026-08-14T14:55:00+05:30
0xae284979f33199b063138f2fd236bf01567a3e38,BSC,intermediary,Layering wallet,,CL-SYN-03,44,RAAZ-26-1060,1367147,1367147,2,0.0,USDT,2026-09-10T11:44:00+05:30,2026-09-10T20:22:00+05:30
0x77304d6320360e4c3cb123cf53096f1f52d46685,ETH,inbound,Unattributed inbound (possible other victim),,,43,RAAZ-26-1006,0,1043238,1,,USDC,2026-07-19T13:54:00+05:30,2026-07-19T13:54:00+05:30
0x12e76999848954bc2a2ffd69f0388d7862c636e8,BSC,dust,Dusting source,,,43,RAAZ-26-1008,0,3075,5,,BNB,2026-07-27T05:31:00+05:30,2026-08-01T23:31:00+05:30
0x14d090ecdac210cbb06941055824032e6a9f25b7,BSC,intermediary,Layering wallet,,,43,RAAZ-26-1008,549459,549459,2,0.0,BNB,2026-08-06T06:31:00+05:30,2026-08-06T06:37:00+05:30
0x1fee5a5d38ee1b7bb4479cd16e18ef7138599d5c,BSC,intermediary,Layering wallet,,,43,RAAZ-26-1008,1575464,1575464,2,0.0,BNB,2026-08-06T06:17:00+05:30,2026-08-06T06:25:00+05:30
0xf70945ecf3c7cb25486ec2daee229900be60eb83,BSC,exchange_deposit,Zentra Global: deposit address (attributed),Zentra Global,,43,RAAZ-26-1008,4475158,4475158,4,0.0,BNB,2026-08-06T06:18:00+05:30,2026-08-06T06:59:00+05:30
0x8bc63bfd2e6b89b97f8fc012f788e4f914f7ef25,ETH,intermediary,Layering wallet,,,43,RAAZ-26-1012,274893,274893,2,0.0,ETH,2026-09-10T02:53:00+05:30,2026-09-10T13:14:00+05:30
0xe24a6c4f36182dca54b7321fbb148cd9e78bd557,ETH,intermediary,Layering wallet,,,43,RAAZ-26-1012,188336,188336,2,0.0,ETH,2026-09-09T23:21:00+05:30,2026-09-10T06:37:00+05:30
0x78a062821ef4e3f83df145a84d87fd9295d571f0,ETH,intermediary,Layering wallet,,CL-SYN-04,43,RAAZ-26-1012,81324,81324,2,0.0,ETH,2026-09-09T17:02:00+05:30,2026-09-09T19:34:00+05:30
0xbe26e84fcac5279ac2f2675c6c290960b983c2b9,ETH,intermediary,Layering wallet,,,43,RAAZ-26-1014,29809,29809,2,0.0,ETH,2026-08-21T23:23:00+05:30,2026-08-21T23:41:00+05:30
0x9ac316eeec7230b953ba64bda52481ca758de38b,ETH,exchange_deposit,Tarang Digital Assets: deposit address (attributed),Tarang Digital Assets,,43,RAAZ-26-1014,214448,214448,2,0.0,ETH,2026-08-22T00:04:00+05:30,2026-08-22T01:04:00+05:30
Ti3nURRBTm3zdzFL5tAMwSDAiZwtGR4ioV,TRON,intermediary,Layering wallet,,,43,RAAZ-26-1016,42386,42386,2,0.0,USDT,2026-09-11T17:20:00+05:30,2026-09-11T17:44:00+05:30
0x3fce7b550ee3f163a3a3a2d248aadb52f8ca9be7,BSC,intermediary,Layering wallet,,,43,RAAZ-26-1017,30812,30812,2,0.0,BNB,2026-07-04T20:42:00+05:30,2026-07-05T01:44:00+05:30
0x6b8f71831f08c9898a9818c6be2dbd307f6dbfe0,BSC,intermediary,Layering wallet,,,43,RAAZ-26-1017,53954,53954,2,0.0,BNB,2026-07-04T15:27:00+05:30,2026-07-04T16:28:00+05:30
0x793073e550b8ea5405ddb09a6218e9d8139fa2b4,BSC,intermediary,Layering wallet,,,43,RAAZ-26-1017,53954,53954,2,0.0,BNB,2026-07-04T16:28:00+05:30,2026-07-05T00:20:00+05:30
bc1qj0vdwtdcwl6apprp5jg5dlah7yctpaz4yvpf9c,BTC,inbound,Unattributed inbound (possible other victim),,,43,RAAZ-26-1018,0,110660,1,,BTC,2026-09-15T04:26:00+05:30,2026-09-15T04:26:00+05:30
bc1q7yzhphasvp6lu8d7jf0pgkqq7c0rz2dldsjr75,BTC,dust,Dusting source,,,43,RAAZ-26-1018,0,380,4,,BTC,2026-09-14T13:26:00+05:30,2026-09-16T03:26:00+05:30
bc1qqjmayl7hlx478rszp0vfn8s8tjmsv0x4fcx0e2,BTC,intermediary,Layering wallet,,,43,RAAZ-26-1019,1904364,1904364,2,0.0,BTC,2026-09-20T05:57:00+05:30,2026-09-20T10:37:00+05:30
bc1qsv2v4xnlz8zy7h0pkfany0c89whkjc4l7lqjca,BTC,intermediary,Peel-off wallet,,,43,RAAZ-26-1019,223502,0,1,0.023651,BTC,2026-09-21T21:35:00+05:30,2026-09-21T21:35:00+05:30
0x5e5e2523da7bf4f8fdecf1274534e99010c6eda6,BSC,inbound,Unattributed inbound (possible other victim),,,43,RAAZ-26-1021,0,62105,1,,USDT,2026-09-09T11:28:00+05:30,2026-09-09T11:28:00+05:30
0x54aa97cb96fb8a1b0e0ee6466874366a981fe81a,BSC,exchange_deposit,Orbitra Pro: deposit address (attributed),Orbitra Pro,,43,RAAZ-26-1021,615602,615602,3,0.0,USDT,2026-09-16T07:36:00+05:30,2026-09-16T08:31:00+05:30
Tvr415s3zSNSZUu3Sw9ugQzeg96YzZKs6Q,TRON,intermediary,Layering wallet,,,43,RAAZ-26-1023,280478,280478,2,0.0,USDT,2026-09-06T23:19:00+05:30,2026-09-07T03:58:00+05:30
T5Jp2QUuXdPtn9DXaiDyLvGhFTaRjcsiqE,TRON,intermediary,Layering wallet,,,43,RAAZ-26-1023,280478,280478,2,0.0,USDT,2026-09-07T03:58:00+05:30,2026-09-07T09:29:00+05:30
TQyeR5kdeaHZvK616Kw7U7qyTN7dmXY1zP,TRON,exchange_deposit,Kestrel Markets: deposit address (attributed),Kestrel Markets,,43,RAAZ-26-1024,1063251,1063250,4,0.0,USDT,2026-09-15T20:08:00+05:30,2026-09-15T21:56:00+05:30
0xa57df6b6a0c7b7e54c2f58aa865f291f9959b967,BSC,inbound,Unattributed inbound (possible other victim),,,43,RAAZ-26-1027,0,17605,1,,USDT,2026-08-18T04:48:00+05:30,2026-08-18T04:48:00+05:30
0xc8738f8f012fca7d6792bc9434d96cd28a18f1fb,BSC,inbound,Unattributed inbound (possible other victim),,,43,RAAZ-26-1027,0,143134,1,,USDT,2026-08-18T07:48:00+05:30,2026-08-18T07:48:00+05:30
TeXY9z3tm5qWJMx7vfLp16dPZZK1eXX6vz,TRON,suspect,Reported suspect wallet,,CL-1028-A,43,RAAZ-26-1028,16241761,15759939,17,5450.46,USDT,2026-07-27T12:06:00+05:30,2026-08-18T12:19:00+05:30
TweNUk7FiJT114aGNN7tEYiTk2qCgAH7YN,TRON,intermediary,Layer-1 distribution wallet,,CL-1029-A,43,RAAZ-26-1029,44009,44009,2,0.0,USDT,2026-09-07T22:43:00+05:30,2026-09-08T10:32:00+05:30
TwRMYF1TNaMAeogNX1ZnDjeosNJy2NqLXX,TRON,intermediary,Layer-1 distribution wallet,,CL-1029-A,43,RAAZ-26-1029,31355,31355,2,0.0,USDT,2026-09-07T22:25:00+05:30,2026-09-08T09:33:00+05:30
TsQaxQSTHSB8keMA6nALruXBQ6UJr3fVzp,TRON,intermediary,Layering wallet,,,43,RAAZ-26-1029,19861,0,1,224.67,USDT,2026-09-08T23:03:00+05:30,2026-09-08T23:03:00+05:30
0x26e527a7f819738d2464bf8ca393da207927f355,POLYGON,inbound,Unattributed inbound (possible other victim),,,43,RAAZ-26-1030,0,177574,1,,USDT,2026-09-09T01:51:00+05:30,2026-09-09T01:51:00+05:30
Tbzuju5KsSqJktZew5Z1qiD2efzDeF6bXU,TRON,intermediary,Layering wallet,,,43,RAAZ-26-1034,393727,393727,2,0.0,USDT,2026-08-29T00:35:00+05:30,2026-08-29T06:57:00+05:30
Tmhim7cK8w1YRSxWZzqsjS3hgS6vTYZm1Y,TRON,inbound,Unattributed inbound (possible other victim),,,43,RAAZ-26-1041,0,394705,1,,USDT,2026-08-14T23:23:00+05:30,2026-08-14T23:23:00+05:30
TPy211XADoYfRTRoEbtAvHMahSNarURgbg,TRON,inbound,Unattributed inbound (possible other victim),,,43,RAAZ-26-1043,0,2854960,1,,USDT,2026-08-28T03:52:00+05:30,2026-08-28T03:52:00+05:30
TBVjH6aJtb5i4xrx7AuB7mT2aLkUTYqrMg,TRON,intermediary,Peel-off wallet,,,43,RAAZ-26-1043,101648,0,1,1149.86,USDT,2026-09-07T06:57:00+05:30,2026-09-07T06:57:00+05:30
TwoVJCYoMVNkB5zfi7BHC6UAY8eReQK8Q7,TRON,intermediary,Peel-off wallet,,,43,RAAZ-26-1043,172367,0,1,1949.85,USDT,2026-09-08T06:10:00+05:30,2026-09-08T06:10:00+05:30
T4jPV7BNmdNLRmHkgsxuNxPDKEcY5wCxy2,TRON,intermediary,Layering wallet,,,43,RAAZ-26-1043,2533535,2533535,2,0.0,USDT,2026-09-07T18:40:00+05:30,2026-09-08T01:52:00+05:30
0xd418c7359e56f114199ac73fb55deb169f842d17,POLYGON,inbound,Unattributed inbound (possible other victim),,,43,RAAZ-26-1045,0,2423641,1,,USDT,2026-09-03T23:59:00+05:30,2026-09-03T23:59:00+05:30
0x51f862e0f6427dded37dc80e3a9922a6146c7bed,POLYGON,intermediary,Layer-1 distribution wallet,,CL-1045-A,43,RAAZ-26-1045,12346988,12346988,3,0.0,USDT,2026-09-10T12:26:00+05:30,2026-09-10T20:12:00+05:30
0x69a3ccf5821f046654c6d4e63a1792ba60404dd5,POLYGON,intermediary,Peel-chain change wallet,,CL-1045-B,43,RAAZ-26-1045,8966841,8966841,3,0.0,USDT,2026-09-11T08:28:00+05:30,2026-09-11T09:56:00+05:30
0x3a48ec6158a596f361b0b472866685085d1e4f8f,BSC,intermediary,Post-bridge layering wallet,,CL-1045-C,43,RAAZ-26-1045,6165939,6165939,2,0.0,USDT,2026-09-11T03:01:00+05:30,2026-09-11T06:02:00+05:30
bc1qnjv8llfs3p8ep92yt3kudupurh24996wcxpr6a,BTC,intermediary,Peel-off wallet,,,43,RAAZ-26-1046,4271,0,1,0.000452,BTC,2026-09-16T16:53:00+05:30,2026-09-16T16:53:00+05:30
0x397bd33d5b1b2be70e035b3a999b6bc5e7bd0417,ETH,intermediary,Layer-1 distribution wallet,,CL-1047-A,43,RAAZ-26-1047,269582,269581,3,0.0,ETH,2026-09-04T02:11:00+05:30,2026-09-04T08:11:00+05:30
0xd68bd4ed164fbfabe9615684b61e2daf629be746,ETH,inbound,Unattributed inbound (possible other victim),,,43,RAAZ-26-1049,0,10432802,1,,USDC,2026-09-05T09:54:00+05:30,2026-09-05T09:54:00+05:30
0xebcb693042172644bb393db9b877b96d064a8759,POLYGON,intermediary,Layer-1 distribution wallet,,CL-1052-A,43,RAAZ-26-1052,10232040,10232040,2,0.0,POL,2026-09-20T11:59:00+05:30,2026-09-20T18:27:00+05:30
bc1q602vtvvhclm7c4d03yt3kxgvf02ywh0ejyps5k,BTC,inbound,Unattributed inbound (possible other victim),,,43,RAAZ-26-1057,0,127792,1,,BTC,2026-08-26T18:51:00+05:30,2026-08-26T18:51:00+05:30
0xc91021f6b827a65b34f316a45c46914e6600f53a,BSC,intermediary,Layering wallet,,CL-SYN-03,43,RAAZ-26-1060,2186500,2186500,2,0.0,USDT,2026-09-09T21:01:00+05:30,2026-09-10T10:38:00+05:30
TK21nmAfxxFQTemdnDVWq9jmkUYUxwvZ87,TRON,inbound,Unattributed inbound (possible other victim),,,42,RAAZ-26-1004,0,7697015,1,,USDT,2026-07-29T18:29:00+05:30,2026-07-29T18:29:00+05:30
0x8605d265c1d3c1d087a68fc0e78f6b809a968c40,ETH,inbound,Unattributed inbound (possible other victim),,,42,RAAZ-26-1006,0,860006,1,,USDC,2026-07-22T02:54:00+05:30,2026-07-22T02:54:00+05:30
0x7ba29231deb083be41ca93c39943223179e2d4e6,ETH,dust,Dusting source,,,42,RAAZ-26-1006,0,5,5,,USDC,2026-07-12T02:54:00+05:30,2026-07-19T01:54:00+05:30
0x53815ca9ff4fbe8eea2dc68cba037b55184bed25,ETH,intermediary,Mixer output (probabilistic link),,,42,RAAZ-26-1006,2060734,0,1,23324.66,USDC,2026-07-28T02:22:00+05:30,2026-07-28T02:22:00+05:30
0xe2d76a59be60989f97d8f14fd07442be0e0d2e89,BSC,exchange_deposit,Pinecrest P2P: deposit address (attributed),Pinecrest P2P,,42,RAAZ-26-1008,3659760,3659760,4,0.0,BNB,2026-08-06T06:05:00+05:30,2026-08-06T06:45:00+05:30
0xc3c26bb059c8012e0a0a67beec6c3d453c3cb8ad,ETH,intermediary,Layering wallet,,CL-SYN-04,42,RAAZ-26-1012,188336,188336,2,0.0,ETH,2026-09-10T06:37:00+05:30,2026-09-10T15:49:00+05:30
0x6f5390c5dd0ea4c3f9b0dcae9644d75b9e3c8db0,ETH,intermediary,Layering wallet,,,42,RAAZ-26-1012,81324,81324,2,0.0,ETH,2026-09-09T07:10:00+05:30,2026-09-09T17:02:00+05:30
0x0c68e5090cfabb0e52752d1217216c80c5fa31e6,ETH,intermediary,Layer-1 distribution wallet,,CL-1012-A,42,RAAZ-26-1012,203275,203275,2,0.0,ETH,2026-09-09T01:51:00+05:30,2026-09-09T13:31:00+05:30
0xd067877a33232d512a9531c572477cb306bbea8d,ETH,intermediary,Layer-1 distribution wallet,,CL-1012-A,42,RAAZ-26-1012,256049,256049,2,0.0,ETH,2026-09-09T01:53:00+05:30,2026-09-09T05:36:00+05:30
0x8c8df70c838085e71778d8b89e6aae4b2c545453,BSC,intermediary,Layering wallet,,CL-SYN-03,42,RAAZ-26-1017,41426,41426,2,0.0,BNB,2026-07-05T02:43:00+05:30,2026-07-05T08:17:00+05:30
bc1q8u8r899f4vcsnuams2rfn5vkd2lqjx6rckdaca,BTC,intermediary,Layering wallet,,,42,RAAZ-26-1019,4088902,4088902,2,0.0,BTC,2026-09-20T07:14:00+05:30,2026-09-20T15:40:00+05:30
bc1q3pf9q27qmnx04lyr0620scnwwemw5ngj4z88zm,BTC,intermediary,Layering wallet,,,42,RAAZ-26-1019,4088902,4088902,2,0.0,BTC,2026-09-21T04:18:00+05:30,2026-09-21T05:47:00+05:30
bc1qwhfvd5xufug4sft8dfl5teln4sn4xgq4lhja2m,BTC,intermediary,Layer-1 distribution wallet,,CL-1019-A,42,RAAZ-26-1019,3834801,3834801,2,0.0,BTC,2026-09-20T00:27:00+05:30,2026-09-20T04:57:00+05:30
bc1qst8mpgnyz582mfh2873yl89pfqmlj0sar0f7cw,BTC,intermediary,Peel-chain change wallet,,CL-1019-B,42,RAAZ-26-1019,2119266,2119266,3,0.0,BTC,2026-09-21T08:15:00+05:30,2026-09-21T21:35:00+05:30
TTThbBt6CmQhXBXYdS7osrTWrYApAyL6ti,TRON,intermediary,Layering wallet,,,42,RAAZ-26-1020,235491,235491,2,0.0,USDT,2026-09-21T00:48:00+05:30,2026-09-21T01:13:00+05:30
0xd66d928c249988b7900712d41959cfaa3e90293e,BSC,intermediary,Layering wallet,,,42,RAAZ-26-1021,410857,410857,2,0.0,USDT,2026-09-16T07:30:00+05:30,2026-09-16T07:36:00+05:30
TiUfDMHCbqcCLpiwDPjXG7SiHJgtK9MBzt,TRON,exchange_deposit,Zentra Global: deposit address (attributed),Zentra Global,,42,RAAZ-26-1023,199174,199174,2,0.0,USDT,2026-09-08T14:42:00+05:30,2026-09-08T15:17:00+05:30
0x684d3f1b25cc0becd31833e2e310096a378c7bd3,BSC,intermediary,Layering wallet,,,42,RAAZ-26-1025,1418418,1418418,2,0.0,BNB,2026-09-19T05:34:00+05:30,2026-09-19T05:47:00+05:30
0x3597b199a898bb5b40a19306b27fc6d0492c2b11,BSC,intermediary,Layering wallet,,CL-1025-C,42,RAAZ-26-1025,1418418,1418418,2,0.0,BNB,2026-09-19T05:47:00+05:30,2026-09-19T05:53:00+05:30
0x52c6d84d4d5928d60424f2dd6d41f95ba7c54c7c,BSC,intermediary,Layering wallet,,,42,RAAZ-26-1025,2330709,2330709,2,0.0,BNB,2026-09-19T05:29:00+05:30,2026-09-19T05:48:00+05:30
0x2842dfb10c9bce048ec465c00e35433f1ec1fc81,BSC,intermediary,Layering wallet,,CL-1025-C,42,RAAZ-26-1025,2330709,2330709,2,0.0,BNB,2026-09-19T05:48:00+05:30,2026-09-19T06:06:00+05:30
0x732595ae2118b6fca26a2894c8d6eeca3ffebfdb,BSC,consolidation,Consolidation wallet,,CL-1026-C,42,RAAZ-26-1026,2504585,2397714,4,1208.95,USDT,2026-09-21T06:56:00+05:30,2026-09-22T21:08:00+05:30
TCzE24ZcfmVtL2fBZqtkyqVsPqJgLGtfB1,TRON,intermediary,Layering wallet,,,42,RAAZ-26-1034,342048,342048,2,0.0,USDT,2026-08-28T11:50:00+05:30,2026-08-28T19:18:00+05:30
Tw1ovtQXP7gyeUpoLeMnyxTHyLBXVxUmBb,TRON,inbound,Unattributed inbound (possible other victim),,,42,RAAZ-26-1041,0,208448,1,,USDT,2026-08-19T08:23:00+05:30,2026-08-19T08:23:00+05:30
TY9U7jzJsgWMUMRBqR5RXjxez4VEvjfSXi,TRON,intermediary,Peel-chain change wallet,,CL-1043-B,42,RAAZ-26-1043,1392879,1392879,3,0.0,USDT,2026-09-07T12:20:00+05:30,2026-09-07T23:22:00+05:30
TJ5nn4Mz4bEgrdpJPSAZEuiWNs3Qdtb97T,TRON,intermediary,Layering wallet,,,42,RAAZ-26-1043,2533535,2533535,2,0.0,USDT,2026-09-07T11:52:00+05:30,2026-09-07T16:12:00+05:30
0x0799fca1df223aea3b6f027b0967cc141ff47b3d,POLYGON,inbound,Unattributed inbound (possible other victim),,,42,RAAZ-26-1045,0,2465554,1,,USDT,2026-09-08T06:59:00+05:30,2026-09-08T06:59:00+05:30
0xbacd5fb405234b8814441f24a07584a9063ee735,POLYGON,intermediary,Peel-chain change wallet,,CL-1045-B,42,RAAZ-26-1045,9771800,9771800,3,0.0,USDT,2026-09-11T05:18:00+05:30,2026-09-11T08:28:00+05:30
bc1qsftvuel6p90rmpjhtykvfn0ln99x8kkctt4yrg,BTC,intermediary,Layering wallet,,,42,RAAZ-26-1046,35986,35986,2,0.0,BTC,2026-09-15T17:50:00+05:30,2026-09-16T01:26:00+05:30
bc1qvthljqxrjn8tctff9n5dxya3lcefp4h6f5evz3,BTC,intermediary,Peel-chain change wallet,,CL-1046-B,42,RAAZ-26-1046,32725,32725,3,0.0,BTC,2026-09-16T04:42:00+05:30,2026-09-16T16:53:00+05:30
bc1qjjum92s6hhwrzktw3a6mwkx8amg5qaa20xk4qt,BTC,intermediary,Peel-chain change wallet,,CL-1046-B,42,RAAZ-26-1046,24504,24504,3,0.0,BTC,2026-09-17T06:53:00+05:30,2026-09-17T08:28:00+05:30
bc1qyth5t2u3t6ej35wv3vv3ueeyc2fv68308xnnuq,BTC,intermediary,Peel-off wallet,,,42,RAAZ-26-1046,1295,0,1,0.000137,BTC,2026-09-17T12:23:00+05:30,2026-09-17T12:23:00+05:30
0x9674ed9068d30a9bdd6bc4db0d1c103fd90bd1f5,ETH,intermediary,Peel-chain change wallet,,CL-1047-B,42,RAAZ-26-1047,240402,240402,3,0.0,ETH,2026-09-04T08:11:00+05:30,2026-09-04T18:05:00+05:30
T9XoArS3sFbqRXZ3Tv7khDT3D9DYLv39Ma,TRON,inbound,Unattributed inbound (possible other victim),,,42,RAAZ-26-1048,0,32965,1,,USDT,2026-07-02T15:06:00+05:30,2026-07-02T15:06:00+05:30
0x20db6b3f6591f760c668b7e353f9206cb82cd8a6,POLYGON,exchange_deposit,Halcyon Swap: deposit address (attributed),Halcyon Swap,,42,RAAZ-26-1052,37068633,37068633,4,0.0,POL,2026-09-21T00:53:00+05:30,2026-09-21T20:50:00+05:30
0x85350b4ecd6c493f3fa22dacaf1d74903e21422e,POLYGON,exchange_deposit,NovaX Exchange: deposit address (attributed),NovaX Exchange,,42,RAAZ-26-1052,19679955,19679955,3,0.0,POL,2026-09-21T05:27:00+05:30,2026-09-21T20:39:00+05:30
TfNusnGPs6KwE8B2LnKTY6JpmEsGtvWCv9,TRON,inbound,Unattributed inbound (possible other victim),,,42,RAAZ-26-1054,0,23693,1,,USDT,2026-09-17T12:37:00+05:30,2026-09-17T12:37:00+05:30
0x044cae6d6a3eb9d8ee2de327464019202b7452e0,POLYGON,intermediary,Layer-1 distribution wallet,,CL-1056-A,42,RAAZ-26-1056,209470,209470,2,0.0,POL,2026-08-14T14:05:00+05:30,2026-08-14T14:17:00+05:30
bc1q76w3mae6h9em4hgk6pehvpz888vs5fckydtrgw,BTC,intermediary,Peel-chain change wallet,,CL-1057-B,42,RAAZ-26-1057,69675,69675,2,0.0,BTC,2026-09-09T05:38:00+05:30,2026-09-09T07:45:00+05:30
0x740835c8312270eafaa2218348971fce85107af9,ETH,intermediary,Mixer output (probabilistic link),,,41,RAAZ-26-1006,918747,0,1,10398.95,USDC,2026-07-28T01:23:00+05:30,2026-07-28T01:23:00+05:30
0x34001ede053ebe222659d1402ad9c97074a681a6,BSC,intermediary,Layering wallet,,,41,RAAZ-26-1008,1575464,1575464,2,0.0,BNB,2026-08-06T05:45:00+05:30,2026-08-06T06:01:00+05:30
0xe2c8e2f5494dc21609fa5218bcad8bcfcd8b05f9,BSC,intermediary,Layering wallet,,,41,RAAZ-26-1008,1595279,1595279,2,0.0,BNB,2026-08-06T06:13:00+05:30,2026-08-06T06:15:00+05:30
0x160107d3350bdfd241640d548f5ff089f218d6c4,ETH,intermediary,Layer-1 distribution wallet,,CL-1012-A,41,RAAZ-26-1012,188336,188336,2,0.0,ETH,2026-09-09T01:27:00+05:30,2026-09-09T14:54:00+05:30
0x43b30420ca453ccdac7e63d309d12d8264302787,ETH,intermediary,Layering wallet,,CL-SYN-04,41,RAAZ-26-1012,256049,256049,2,0.0,ETH,2026-09-09T05:36:00+05:30,2026-09-09T11:57:00+05:30
TwwdNyBD4aq171TqA59ErwTiTvGUSvBAJ9,TRON,inbound,Unattributed inbound (possible other victim),,,41,RAAZ-26-1016,0,8523,1,,USDT,2026-09-11T18:09:00+05:30,2026-09-11T18:09:00+05:30
TGuy27UAXc2gSNyne3b4HSaYibp2Y8MEtr,TRON,intermediary,Layer-1 distribution wallet,,CL-1016-A,41,RAAZ-26-1016,42386,42386,2,0.0,USDT,2026-09-11T17:06:00+05:30,2026-09-11T17:20:00+05:30
TcbBMd7Y4Xy6EGCCPFgvUAYGPzUXmVNfbN,TRON,intermediary,Layering wallet,,CL-1016-C,41,RAAZ-26-1016,42386,42386,2,0.0,USDT,2026-09-11T17:49:00+05:30,2026-09-11T17:54:00+05:30
0x3c37e5632980568de7913b2a41bbb8c9a296fabc,BSC,intermediary,Layering wallet,,,41,RAAZ-26-1017,34083,34083,2,0.0,BNB,2026-07-04T20:02:00+05:30,2026-07-04T23:57:00+05:30
0xc436a39d608d4fe1822e56741f6611974aec3c70,BSC,intermediary,Layering wallet,,CL-SYN-03,41,RAAZ-26-1017,34083,34083,2,0.0,BNB,2026-07-04T23:57:00+05:30,2026-07-05T11:30:00+05:30
0x937f70227424c70ca2d8c66851fd7521c6ef091d,BSC,intermediary,Layering wallet,,,41,RAAZ-26-1017,61254,61254,2,0.0,BNB,2026-07-04T12:08:00+05:30,2026-07-04T18:51:00+05:30
0x968fcaaa9b5620fa3875e8294afafd81bef5b65d,BSC,inbound,Unattributed inbound (possible other victim),,,41,RAAZ-26-1026,0,1123332,1,,USDT,2026-09-08T16:43:00+05:30,2026-09-08T16:43:00+05:30
TbUxGTJmjD3tP5D444RN9P7rBLGGwHmZkG,TRON,intermediary,Layering wallet,,,41,RAAZ-26-1029,19861,19861,2,0.0,USDT,2026-09-08T06:57:00+05:30,2026-09-08T10:36:00+05:30
0x0942c8413ed2b89ccf05073911d8cef3ae3dbeab,POLYGON,intermediary,Bridge output wallet on Polygon,,,41,RAAZ-26-1029,58175,0,1,658.09,USDT,2026-09-08T07:14:00+05:30,2026-09-08T07:14:00+05:30
TgF1jhLdc4QXKPHJReckh94wm8ocQ5wN3L,TRON,suspect,Reported suspect wallet,,CL-1032-A,41,RAAZ-26-1032,999700,983709,7,180.88,USDT,2026-06-08T03:44:00+05:30,2026-06-14T09:39:00+05:30
0x0e5472d8a2e6c94180ef95501e379a050fc04dcc,ETH,intermediary,Layering wallet,,CL-1033-C,41,RAAZ-26-1033,121155,121155,2,0.0,USDT,2026-09-20T06:56:00+05:30,2026-09-20T10:56:00+05:30
T6U3geEdiB9hwSAB3Kz2oFqvVtCd5vxFKK,TRON,intermediary,Peel-off wallet,,,41,RAAZ-26-1043,70827,0,1,801.21,USDT,2026-09-08T18:39:00+05:30,2026-09-08T18:39:00+05:30
0x1c9b322d76d62cd87abf70990c7a2faa983077c4,BSC,exchange_deposit,NovaX Exchange: deposit address (attributed),NovaX Exchange,,41,RAAZ-26-1045,3020807,3020807,2,0.0,USDT,2026-09-11T08:02:00+05:30,2026-09-11T08:39:00+05:30
0x89a240c8915189538b950a95f0366ca43ce10503,POLYGON,inbound,Unattributed inbound (possible other victim),,,41,RAAZ-26-1052,0,2426487,1,,POL,2026-09-18T07:29:00+05:30,2026-09-18T07:29:00+05:30
T8vfU2S8ywbrjB4nhRLan5NveEymk1sUsT,TRON,inbound,Unattributed inbound (possible other victim),,,41,RAAZ-26-1053,0,5978278,1,,USDT,2026-08-16T19:36:00+05:30,2026-08-16T19:36:00+05:30
0xb355dc0bb0c6475f612bf2dd78015f750aa59c3a,POLYGON,intermediary,Layer-1 distribution wallet,,CL-1056-A,41,RAAZ-26-1056,106423,106423,2,0.0,POL,2026-08-14T13:55:00+05:30,2026-08-14T14:03:00+05:30
0x68b7a9cfcc71210ec7014aecc3c91e89f2d32432,BSC,inbound,Unattributed inbound (possible other victim),,,41,RAAZ-26-1060,0,200244,1,,USDT,2026-09-06T20:09:00+05:30,2026-09-06T20:09:00+05:30
TLJstrMPBZyfVGphofpNA3Lwm4XjyoiAYu,TRON,inbound,Unattributed inbound (possible other victim),,,40,RAAZ-26-1002,0,1546345,1,,USDT,2026-07-30T17:46:00+05:30,2026-07-30T17:46:00+05:30
0xa191d6bf428ac58498fb789139c3d75d561cb2f7,ETH,intermediary,Layer-1 distribution wallet,,CL-1006-A,40,RAAZ-26-1006,4976071,4976071,2,0.0,USDC,2026-07-26T12:25:00+05:30,2026-07-26T18:35:00+05:30
0x40ae9eaf91b1a37ef20a662b0b5a1b7558939c50,ETH,intermediary,Layering wallet,,CL-SYN-04,40,RAAZ-26-1012,95062,95062,2,0.0,ETH,2026-09-09T08:00:00+05:30,2026-09-09T10:04:00+05:30
0x85ae1a991b7e1e85333982ff2882207fb05b9a0a,ETH,inbound,Unattributed inbound (possible other victim),,,40,RAAZ-26-1013,0,13402,1,,USDT,2026-09-23T06:50:00+05:30,2026-09-23T06:50:00+05:30
TduxxQHfTorpVtC8JNRUUWSbqSCneUZPHs,TRON,intermediary,Layering wallet,,,40,RAAZ-26-1016,50766,50766,2,0.0,USDT,2026-09-11T17:30:00+05:30,2026-09-11T17:56:00+05:30
0x741af0a87a0583ba1d064ffedfbc19a25c1b8013,BSC,intermediary,Layer-1 distribution wallet,,CL-1017-A,40,RAAZ-26-1017,41426,41426,2,0.0,BNB,2026-07-04T08:53:00+05:30,2026-07-04T22:42:00+05:30
ToiE68sDjLnmpr7Lr74UHY4DLJ4z7oxXS7,TRON,intermediary,Layering wallet,,,40,RAAZ-26-1020,234422,234422,2,0.0,USDT,2026-09-21T00:40:00+05:30,2026-09-21T01:07:00+05:30
TToFdRELSt6EAnCGheK97uVydfe2S5T99X,TRON,exchange_deposit,Kestrel Markets: deposit address (attributed),Kestrel Markets,,40,RAAZ-26-1020,267011,267011,2,0.0,USDT,2026-09-21T02:08:00+05:30,2026-09-21T02:13:00+05:30
0x275192cc35c79866d578c50c91c49287c1e7f77b,BSC,intermediary,Layer-1 distribution wallet,,CL-1021-A,40,RAAZ-26-1021,204745,204745,2,0.0,USDT,2026-09-16T07:26:00+05:30,2026-09-16T07:29:00+05:30
0x1770325dcd5d934847b27e54618a72172691c20c,BSC,inbound,Unattributed inbound (possible other victim),,,40,RAAZ-26-1022,0,222587,1,,BNB,2026-09-08T09:34:00+05:30,2026-09-08T09:34:00+05:30
TmyLy6gLg5yLuh4LaXv8KmVZXQxUVZWakj,TRON,inbound,Unattributed inbound (possible other victim),,,40,RAAZ-26-1028,0,3813211,1,,USDT,2026-08-06T03:06:00+05:30,2026-08-06T03:06:00+05:30
TSJgiJFLPKg1EnMUCSee4HwSPieDbTAzAD,TRON,inbound,Unattributed inbound (possible other victim),,,40,RAAZ-26-1034,0,292611,1,,USDT,2026-08-26T05:18:00+05:30,2026-08-26T05:18:00+05:30
TUXW7bAo51cfd16FBp4NbHWf1WuCfQJWSy,TRON,intermediary,Layering wallet,,,40,RAAZ-26-1034,542605,542605,2,0.0,USDT,2026-08-29T00:08:00+05:30,2026-08-29T06:18:00+05:30
T6qw3KHweNxD4FS9DnbZWNeaNEwTbrvL22,TRON,intermediary,Layering wallet,,,40,RAAZ-26-1034,432655,432655,2,0.0,USDT,2026-08-28T22:03:00+05:30,2026-08-28T23:55:00+05:30
TKNBKvXjT569cMipTobpYJUVLXJCJYoVdA,TRON,intermediary,Layer-1 distribution wallet,,CL-1038-A,40,RAAZ-26-1038,36647,36647,2,0.0,USDT,2026-08-20T05:43:00+05:30,2026-08-20T06:11:00+05:30
T2mvQb5qWpghx6HShs3Kokkado9Vaca7xy,TRON,intermediary,Layering wallet,,CL-1038-C,40,RAAZ-26-1038,36647,36647,2,0.0,USDT,2026-08-20T06:34:00+05:30,2026-08-20T06:38:00+05:30
bc1qvc76ewp8f5f206zurwgsaum2md3yzd3wzh9pk2,BTC,intermediary,Peel-chain change wallet,,CL-1046-B,40,RAAZ-26-1046,28454,28454,3,0.0,BTC,2026-09-16T16:53:00+05:30,2026-09-17T06:53:00+05:30
0x46363956a74fb57d7ba608f4b659faa55cadaed5,POLYGON,inbound,Unattributed inbound (possible other victim),,,40,RAAZ-26-1052,0,15363127,1,,POL,2026-09-19T18:29:00+05:30,2026-09-19T18:29:00+05:30
0xdf9284eaff073061d1e31a2147df0e111c8f6aa1,BSC,intermediary,Peel-off wallet,,,39,RAAZ-26-1001,1747,0,1,0.0284,BNB,2026-09-04T22:13:00+05:30,2026-09-04T22:13:00+05:30
0x8bbf50892958e1e81293a78806dc8d6ffa56f170,BSC,intermediary,Peel-chain change wallet,,CL-1001-B,39,RAAZ-26-1001,18229,18229,3,0.0,BNB,2026-09-04T22:13:00+05:30,2026-09-05T08:25:00+05:30
0xb769d891ec9914f56f0ce2befd962ba4cd6f92ab,BSC,intermediary,Layering wallet,,,39,RAAZ-26-1001,29391,29391,2,0.0,BNB,2026-09-04T02:20:00+05:30,2026-09-04T08:35:00+05:30
0x0001404809622b7eadbcde7f87fa1a51f795225e,ETH,inbound,Unattributed inbound (possible other victim),,,39,RAAZ-26-1010,0,7102815,1,,USDT,2026-07-26T18:01:00+05:30,2026-07-26T18:01:00+05:30
0xc214a675c97c205b2d42a0445527783bb6691615,ETH,inbound,Unattributed inbound (possible other victim),,,39,RAAZ-26-1010,0,3562614,1,,USDT,2026-07-26T03:01:00+05:30,2026-07-26T03:01:00+05:30
0x9854dbc8851913e8dca109e475e177f29db76def,ETH,intermediary,Layering wallet,,,39,RAAZ-26-1012,274893,274893,2,0.0,ETH,2026-09-09T14:24:00+05:30,2026-09-10T02:53:00+05:30
0xe5977ab62c42b1bd01437125ec03f8eb242ff3e6,ETH,intermediary,Layering wallet,,CL-SYN-04,39,RAAZ-26-1012,274893,274893,2,0.0,ETH,2026-09-10T13:14:00+05:30,2026-09-10T14:53:00+05:30
ThNABGrGQr3s6tCxHTfnS2CMqtxTfHF6Te,TRON,intermediary,Layering wallet,,CL-1016-C,39,RAAZ-26-1016,50766,50766,2,0.0,USDT,2026-09-11T18:12:00+05:30,2026-09-11T18:16:00+05:30
0x99a728e516019a995dd60dbdb7b2cdd92198873f,BSC,inbound,Unattributed inbound (possible other victim),,,39,RAAZ-26-1025,0,3500113,1,,BNB,2026-09-05T10:35:00+05:30,2026-09-05T10:35:00+05:30
TjgQoHmgCWujhmk5RDg8PjT7iTFyLkX14s,TRON,intermediary,Layering wallet,,,39,RAAZ-26-1029,19861,19861,2,0.0,USDT,2026-09-08T10:36:00+05:30,2026-09-08T23:03:00+05:30
0xfff9b803f821f2d72182db2b4febaa48edbeddd6,POLYGON,inbound,Unattributed inbound (possible other victim),,,39,RAAZ-26-1030,0,709787,1,,USDT,2026-09-11T12:51:00+05:30,2026-09-11T12:51:00+05:30
0xa7305abefe32e7311f2273ddc9c61538a2438145,POLYGON,exchange_deposit,Halcyon Swap: deposit address (attributed),Halcyon Swap,,39,RAAZ-26-1030,2868453,2868453,2,0.0,USDT,2026-09-11T23:54:00+05:30,2026-09-12T00:59:00+05:30
TEM4NqvGeGL3N2eQEP7ecgXZ5GU4UTNSGN,TRON,inbound,Unattributed inbound (possible other victim),,,39,RAAZ-26-1037,0,5686166,1,,USDT,2026-08-13T06:04:00+05:30,2026-08-13T06:04:00+05:30
T6HXddmadLR3dwFqVe9RZeRS4qf2Zm8AqG,TRON,intermediary,Layering wallet,,CL-1038-C,39,RAAZ-26-1038,78850,78850,2,0.0,USDT,2026-08-20T06:18:00+05:30,2026-08-20T06:20:00+05:30
TtE98p79T48V1JLzNPkQNDycqkzkPD4xGH,TRON,intermediary,Layering wallet,,,39,RAAZ-26-1041,260572,0,1,2947.65,USDT,2026-08-22T07:31:00+05:30,2026-08-22T07:31:00+05:30
Tu84xubvV8amJ2xc6XLYSRtQ4MqLUbdDV9,TRON,intermediary,Layer-1 distribution wallet,,CL-1043-A,39,RAAZ-26-1043,1819484,1819484,3,0.0,USDT,2026-09-06T23:58:00+05:30,2026-09-07T03:18:00+05:30
TeQNR2PbJJzVTYAZwEjPSMhNZGMmNGjsVh,TRON,intermediary,Peel-chain change wallet,,CL-1043-B,39,RAAZ-26-1043,1083139,1083139,3,0.0,USDT,2026-09-08T06:10:00+05:30,2026-09-08T18:39:00+05:30
TsXMRXti2ZVmNvc88tv7t9dbFVXr82G9jx,TRON,inbound,Unattributed inbound (possible other victim),,,39,RAAZ-26-1050,0,64461,1,,USDT,2026-08-06T10:03:00+05:30,2026-08-06T10:03:00+05:30
0xbde9f0204ca4147e06135e0d9a6ea9c98949e878,POLYGON,intermediary,Layer-1 distribution wallet,,CL-1051-A,39,RAAZ-26-1051,38808,38808,2,0.0,USDT,2026-08-06T15:30:00+05:30,2026-08-06T19:33:00+05:30
0xce31b5cb8a55fd192e5650a3de3fff62e537a4f6,POLYGON,intermediary,Layering wallet,,,39,RAAZ-26-1051,38808,38808,2,0.0,USDT,2026-08-06T19:33:00+05:30,2026-08-06T22:36:00+05:30
0xee4e056d702526e2aadd78b56415a6f581d6b182,BSC,intermediary,Layering wallet,,,39,RAAZ-26-1060,1367147,1367147,2,0.0,USDT,2026-09-09T13:12:00+05:30,2026-09-09T21:49:00+05:30
0xbc55b145e11b3126ed59bf8ef51ada4336110974,BSC,intermediary,Layering wallet,,,38,RAAZ-26-1001,15461,0,1,0.2514,BNB,2026-09-03T19:44:00+05:30,2026-09-03T19:44:00+05:30
TGxVmBXPzULahUEhdDNod1ksE2xrg1Z2rE,TRON,inbound,Unattributed inbound (possible other victim),,,38,RAAZ-26-1002,0,2136685,1,,USDT,2026-08-01T11:46:00+05:30,2026-08-01T11:46:00+05:30
TcD3gZ7T1eDCJma8b4Fybjs5SXPAmMPySU,TRON,inbound,Unattributed inbound (possible other victim),,,38,RAAZ-26-1005,0,67953,1,,USDT,2026-08-19T09:10:00+05:30,2026-08-19T09:10:00+05:30
TpWkaSFWFujyhd8aNzBpNcApM4abkACtXd,TRON,inbound,Unattributed inbound (possible other victim),,,38,RAAZ-26-1007,0,12175,1,,USDT,2026-08-26T01:42:00+05:30,2026-08-26T01:42:00+05:30
TMqwyp4TY93GGPQyNt7Zup9pc6CyF4VLzV,TRON,inbound,Unattributed inbound (possible other victim),,,38,RAAZ-26-1007,0,27202,1,,USDT,2026-08-27T16:42:00+05:30,2026-08-27T16:42:00+05:30
TsDBhnSgLPZhFeahuAujGzonq9KWHEBz4T,TRON,inbound,Unattributed inbound (possible other victim),,,38,RAAZ-26-1011,0,1550420,1,,USDT,2026-08-15T05:37:00+05:30,2026-08-15T05:37:00+05:30
T7j5tg2Wcc5pNbJNmP2hTKyMkZSxCt32gz,TRON,intermediary,Layer-1 distribution wallet,,CL-1015-A,38,RAAZ-26-1015,233902,233902,2,0.0,USDT,2026-09-09T14:42:00+05:30,2026-09-09T15:06:00+05:30
TiVj9GMrTvhqvttZVu8S9JfLvYtMt6Hwhy,TRON,intermediary,Layering wallet,,,38,RAAZ-26-1016,84266,84266,2,0.0,USDT,2026-09-11T17:13:00+05:30,2026-09-11T17:37:00+05:30
TLqjRP2FS59EZ3H8HqGpHkGLyQftXCzXEw,TRON,intermediary,Layering wallet,,CL-1020-C,38,RAAZ-26-1020,234422,234422,2,0.0,USDT,2026-09-21T01:07:00+05:30,2026-09-21T01:26:00+05:30
TwdabuAxL2fYatitHBafuGTFE4D6VL4oAj,TRON,intermediary,Layering wallet,,,38,RAAZ-26-1020,235491,235491,2,0.0,USDT,2026-09-21T01:13:00+05:30,2026-09-21T01:19:00+05:30
0x6fb4aeb677b312cbbdf2a80cdfee2f1f20201899,BSC,dust,Dusting source,,,38,RAAZ-26-1021,0,3,3,,USDT,2026-09-03T01:28:00+05:30,2026-09-09T06:28:00+05:30
TXqDYBECEsKDG9BPLmLesrS3MviDn161uV,TRON,inbound,Unattributed inbound (possible other victim),,,38,RAAZ-26-1024,0,242304,1,,USDT,2026-09-13T19:28:00+05:30,2026-09-13T19:28:00+05:30
T2eCdRdrvrmbymYT5TYEkEAnRMwqnhmTkz,TRON,intermediary,Layering wallet,,,38,RAAZ-26-1029,44009,44009,2,0.0,USDT,2026-09-08T10:32:00+05:30,2026-09-08T19:02:00+05:30
T7GfXhCzEgLCFirFoi9chxpwwcMEbHn9Ji,TRON,intermediary,Layering wallet,,,38,RAAZ-26-1029,24781,0,1,280.33,USDT,2026-09-08T10:20:00+05:30,2026-09-08T10:20:00+05:30
TgTLW8r12LDjJJDnvLznRmxT95Wvb25XTi,TRON,bridge,ArcBridge (cross-chain bridge),ArcBridge,,38,RAAZ-26-1029,58292,58175,2,,USDT,2026-09-08T06:58:00+05:30,2026-09-08T07:14:00+05:30
0x2bb96ba403f9ee817fee57bf57318c282f092050,POLYGON,inbound,Unattributed inbound (possible other victim),,,38,RAAZ-26-1030,0,159764,1,,USDT,2026-09-10T14:51:00+05:30,2026-09-10T14:51:00+05:30
0xc55d8c109444e9418ec498b2e4d7d4af3f75c1a9,ETH,inbound,Unattributed inbound (possible other victim),,,38,RAAZ-26-1033,0,69150,1,,USDT,2026-09-18T08:51:00+05:30,2026-09-18T08:51:00+05:30
0x5150bd286dabaea945098cf5420cd270a20d5c7b,BSC,inbound,Unattributed inbound (possible other victim),,,38,RAAZ-26-1035,0,6666551,1,,BNB,2026-09-13T12:41:00+05:30,2026-09-13T12:41:00+05:30
TJW7VUw1jQScn83vj8bvx5EVG5Z2mC3Baq,TRON,intermediary,Layering wallet,,,38,RAAZ-26-1041,260572,260572,2,0.0,USDT,2026-08-22T00:44:00+05:30,2026-08-22T07:31:00+05:30
0xec798bb8e37916ccd2813f8abc36f83907fb9216,ETH,bridge,HopLink Bridge (cross-chain bridge),HopLink Bridge,,38,RAAZ-26-1042,87551,87376,2,,USDT,2026-08-21T04:46:00+05:30,2026-08-21T05:04:00+05:30
TVQkMCWhm8nnLQw3tQBa72qeGS9mGZCQpH,TRON,intermediary,Layering wallet,,,38,RAAZ-26-1043,2920589,2920589,2,0.0,USDT,2026-09-07T16:41:00+05:30,2026-09-07T23:46:00+05:30
T8J7UnbEgLrdFFZVbAiM3SrJT2W7AGhXmS,TRON,inbound,Unattributed inbound (possible other victim),,,38,RAAZ-26-1044,0,99229,1,,USDT,2026-09-13T23:21:00+05:30,2026-09-13T23:21:00+05:30
0x88ff3924cb99a3866c4767a1c3034521ee3bea38,POLYGON,bridge,ArcBridge (cross-chain bridge),ArcBridge,,38,RAAZ-26-1045,6178295,6165939,2,,USDT,2026-09-10T21:24:00+05:30,2026-09-10T21:41:00+05:30
0x886a79744d4ca5471955bf69ab021187f4cce0dc,ETH,bridge,ArcBridge (cross-chain bridge),ArcBridge,,38,RAAZ-26-1049,4988028,4978052,2,,USDC,2026-09-09T00:13:00+05:30,2026-09-09T00:28:00+05:30
TuHesCotqeAuEEapF72gJMKSbA8pcTYtrB,TRON,inbound,Unattributed inbound (possible other victim),,,38,RAAZ-26-1059,0,860735,1,,USDT,2026-09-17T12:49:00+05:30,2026-09-17T12:49:00+05:30
0x8f249eddd14a292a50e00eda6c633f3765adee29,BSC,intermediary,Peel-off wallet,,,37,RAAZ-26-1001,1027,0,1,0.0167,BNB,2026-09-05T08:25:00+05:30,2026-09-05T08:25:00+05:30
0x93ad7f5a1e27d81ca8d5a952e92673367e63bfb1,BSC,intermediary,Layering wallet,,,37,RAAZ-26-1001,24416,0,1,0.397,BNB,2026-09-03T20:04:00+05:30,2026-09-03T20:04:00+05:30
0x7022c8593736b3a3e370966266fc17ef7680eece,BSC,intermediary,Layering wallet,,,37,RAAZ-26-1001,29391,29391,2,0.0,BNB,2026-09-04T08:35:00+05:30,2026-09-04T17:27:00+05:30
TPm5oy4HV3VJEDM6AKJWXUhMEv3cS9zEaZ,TRON,inbound,Unattributed inbound (possible other victim),,,37,RAAZ-26-1002,0,6003919,1,,USDT,2026-07-31T10:46:00+05:30,2026-07-31T10:46:00+05:30
T8mi7BDVZapp6iNZm7nt6VgBTYwXTdVyA4,TRON,exchange_deposit,Pinecrest P2P: deposit address (attributed),Pinecrest P2P,,37,RAAZ-26-1002,20244962,20244962,2,0.0,USDT,2026-08-06T05:17:00+05:30,2026-08-06T05:56:00+05:30
0x8dcacb1c44648eb5aa90f4848b51342bd58b78ba,ETH,intermediary,Layer-1 distribution wallet,,CL-1012-A,37,RAAZ-26-1012,95062,95062,2,0.0,ETH,2026-09-09T01:29:00+05:30,2026-09-09T08:00:00+05:30
0xd479c2922bf6d9f6ed05bdc31c3e3df4434ca577,ETH,exchange_deposit,Tarang Digital Assets: deposit address (attributed),Tarang Digital Assets,,37,RAAZ-26-1012,529296,529296,2,0.0,ETH,2026-09-11T13:14:00+05:30,2026-09-11T13:42:00+05:30
0x95c8bc0145339e67887313fdb33c609d3017ead1,ETH,inbound,Unattributed inbound (possible other victim),,,37,RAAZ-26-1013,0,51230,1,,USDT,2026-09-20T05:50:00+05:30,2026-09-20T05:50:00+05:30
ThQ7YvfCcPkKmMDT1tFKCGnHuAgjEunJJ7,TRON,inbound,Unattributed inbound (possible other victim),,,37,RAAZ-26-1015,0,116677,1,,USDT,2026-09-09T04:11:00+05:30,2026-09-09T04:11:00+05:30
0x82183ccb904e3856002ee3f03ad3afe39b3ce85a,BSC,intermediary,Layering wallet,,,37,RAAZ-26-1017,41426,41426,2,0.0,BNB,2026-07-04T22:42:00+05:30,2026-07-05T02:43:00+05:30
0xe7f16bbbd0357699693b50547ba8962e90812fe5,BSC,intermediary,Layer-1 distribution wallet,,CL-1017-A,37,RAAZ-26-1017,30812,30812,2,0.0,BNB,2026-07-04T09:07:00+05:30,2026-07-04T20:42:00+05:30
TG7BbxNcqx7kUTjVbUnnSi5v8bDL88JWfP,TRON,intermediary,Layering wallet,,CL-1020-C,37,RAAZ-26-1020,235491,235491,2,0.0,USDT,2026-09-21T01:19:00+05:30,2026-09-21T01:27:00+05:30
0x9d94f9bf40be247c1b6fc2fb08671763b9bec406,BSC,inbound,Unattributed inbound (possible other victim),,,37,RAAZ-26-1021,0,167683,1,,USDT,2026-09-10T11:28:00+05:30,2026-09-10T11:28:00+05:30
0x6a9349885b1c0d0fc379b75d7ca40a18ee958c56,BSC,inbound,Unattributed inbound (possible other victim),,,37,RAAZ-26-1022,0,200736,1,,BNB,2026-09-06T02:34:00+05:30,2026-09-06T02:34:00+05:30
0xbfaddd74108d39e2f2a151bf98a04445aec4c76d,BSC,exchange_deposit,NovaX Exchange: deposit address (attributed),NovaX Exchange,,37,RAAZ-26-1025,5267573,5267573,2,0.0,BNB,2026-09-19T06:28:00+05:30,2026-09-19T07:00:00+05:30
0x3c2347ab862823bb3c509ac82ee7f6756986feea,BSC,suspect,Reported suspect wallet,,CL-1026-A,37,RAAZ-26-1026,2583232,2504585,10,889.66,USDT,2026-09-05T10:43:00+05:30,2026-09-20T09:31:00+05:30
Tm4RxjSY9XnvkBPtXcdwGDQDsNtLriwmw8,TRON,inbound,Unattributed inbound (possible other victim),,,37,RAAZ-26-1028,0,6223944,1,,USDT,2026-08-04T19:06:00+05:30,2026-08-04T19:06:00+05:30
Td5HhcAFcmJJDoxZpcmd2RiKeZAwpw6fvT,TRON,intermediary,Layer-1 distribution wallet,,CL-1028-A,37,RAAZ-26-1028,4928239,4928239,2,0.0,USDT,2026-08-18T12:17:00+05:30,2026-08-18T22:36:00+05:30
Tg1s2ihESqbMqHeN2iEiXtf244xcteggHS,TRON,intermediary,Layering wallet,,,37,RAAZ-26-1041,414260,414260,2,0.0,USDT,2026-08-22T06:26:00+05:30,2026-08-22T20:07:00+05:30
0xe3cc77dcd61626c012f2a0260a9044d8efd5bee2,POLYGON,inbound,Unattributed inbound (possible other victim),,,37,RAAZ-26-1045,0,1294760,1,,USDT,2026-09-06T04:59:00+05:30,2026-09-06T04:59:00+05:30
0x7519440d90324ca16bd501b77c0982be265212e2,BSC,exchange_deposit,Zentra Global: deposit address (attributed),Zentra Global,,37,RAAZ-26-1045,2603832,2603832,2,0.0,USDT,2026-09-11T10:10:00+05:30,2026-09-11T11:20:00+05:30
bc1qkg5wldqqn9rqt4f3aa47fumzmdf4c739snpq90,BTC,suspect,Reported suspect wallet,,CL-1058-A,37,RAAZ-26-1058,105822,103194,12,0.000278,BTC,2026-08-15T17:03:00+05:30,2026-08-25T17:36:00+05:30
0xe17a9cb7a7ed46b350ce940b056e366497ac462d,BSC,intermediary,Layering wallet,,,37,RAAZ-26-1060,2186500,2186500,2,0.0,USDT,2026-09-09T12:31:00+05:30,2026-09-09T21:01:00+05:30
0xcf85387e2c7f011d9e0c35469995531adfeffe45,BSC,intermediary,Peel-chain change wallet,,CL-1001-B,36,RAAZ-26-1001,29028,29028,3,0.0,BNB,2026-09-03T19:21:00+05:30,2026-09-04T04:42:00+05:30
T1iLWHL6DkdFdLL27dQAoFuNAkVzYvy9rU,TRON,inbound,Unattributed inbound (possible other victim),,,36,RAAZ-26-1003,0,139579,1,,USDT,2026-06-03T13:29:00+05:30,2026-06-03T13:29:00+05:30
TLAK5iYGhaNS6UayBakJYs5Ryny59GQjpY,TRON,inbound,Unattributed inbound (possible other victim),,,36,RAAZ-26-1005,0,398473,1,,USDT,2026-08-20T15:10:00+05:30,2026-08-20T15:10:00+05:30
0x837707f126e50147da318aa764297ec444a14dd0,ETH,inbound,Unattributed inbound (possible other victim),,,36,RAAZ-26-1006,0,311668,1,,USDC,2026-07-21T09:54:00+05:30,2026-07-21T09:54:00+05:30
Tb5ue51RedZeRKrquSn8G14a6TKbHhyjLn,TRON,inbound,Unattributed inbound (possible other victim),,,36,RAAZ-26-1007,0,8702,1,,USDT,2026-08-31T19:42:00+05:30,2026-08-31T19:42:00+05:30
TBVBHaaiJTyoedt895CZn1wyrvV9JtaWSH,TRON,intermediary,Layering wallet,,,36,RAAZ-26-1020,234422,234422,2,0.0,USDT,2026-09-21T00:29:00+05:30,2026-09-21T00:40:00+05:30
0xa0637e7e0514a7e5f8c1493b1d81373461712950,BSC,intermediary,Layering wallet,,,36,RAAZ-26-1021,522412,522412,2,0.0,USDT,2026-09-16T07:52:00+05:30,2026-09-16T07:56:00+05:30
TU3YgWRzz8KhyzovqZ8LX6jHkuKR3YDQLA,TRON,inbound,Unattributed inbound (possible other victim),,,36,RAAZ-26-1023,0,147737,1,,USDT,2026-08-26T23:03:00+05:30,2026-08-26T23:03:00+05:30
Td7ULB2rEHVTXEjQkwuJx14JYQVD7W4MMN,TRON,intermediary,Layer-1 distribution wallet,,CL-1029-A,36,RAAZ-26-1029,24781,24781,2,0.0,USDT,2026-09-07T22:11:00+05:30,2026-09-08T08:11:00+05:30
TiLy3xhVUmdXa1UrBmaas7v2soTUEiXz1j,TRON,intermediary,Layering wallet,,,36,RAAZ-26-1029,24781,24781,2,0.0,USDT,2026-09-08T08:11:00+05:30,2026-09-08T10:20:00+05:30
TqeMXdVxb1NCtk4KSfMbdVn4DZkcvFh4z5,TRON,intermediary,Layer-1 distribution wallet,,CL-1029-A,36,RAAZ-26-1029,58292,58292,2,0.0,USDT,2026-09-07T22:30:00+05:30,2026-09-08T06:58:00+05:30
0xef4e0c64e3bed25a7cff17d125055a342bbbd6fc,ETH,intermediary,Layer-1 distribution wallet,,CL-1033-A,36,RAAZ-26-1033,121155,121155,2,0.0,USDT,2026-09-20T05:36:00+05:30,2026-09-20T06:56:00+05:30
0x101a27595dcab682bec4b6e3a0443a7be13a90e9,ETH,exchange_deposit,Pinecrest P2P: deposit address (attributed),Pinecrest P2P,,36,RAAZ-26-1033,263962,263962,2,0.0,USDT,2026-09-21T02:14:00+05:30,2026-09-21T03:01:00+05:30
TTp83uuzRZU2ick3TyfUGesSx5Bo8gbmnx,TRON,exchange_deposit,Zentra Global: deposit address (attributed),Zentra Global,,36,RAAZ-26-1038,59379,59379,2,0.0,USDT,2026-08-20T07:12:00+05:30,2026-08-20T07:54:00+05:30
0x1ca04edde5c54a810f5d0bd351c4dbf44abcd1da,BSC,intermediary,Post-bridge layering wallet,,,36,RAAZ-26-1042,87376,87376,2,0.0,USDT,2026-08-21T20:34:00+05:30,2026-08-22T07:00:00+05:30
0x42f4fea66c0b28304002b628e074d257cedea70f,ETH,intermediary,Layering wallet,,,36,RAAZ-26-1042,73132,73132,2,0.0,USDT,2026-08-21T03:11:00+05:30,2026-08-21T06:18:00+05:30
0xb7eb084896f22ed0f7547a9524fec8d72b685a50,ETH,inbound,Unattributed inbound (possible other victim),,,35,RAAZ-26-1006,0,2303755,1,,USDC,2026-07-19T15:54:00+05:30,2026-07-19T15:54:00+05:30
0x75503573050780cfd6e0166ce1a9ab7a76b9e97f,ETH,intermediary,Layering wallet,,CL-SYN-04,35,RAAZ-26-1012,203275,203275,2,0.0,ETH,2026-09-09T13:31:00+05:30,2026-09-10T00:01:00+05:30
Teapzuw1VCkugrPRHbwwWyv6Teq5dGVZY4,TRON,dust,Dusting source,,,35,RAAZ-26-1015,0,3,3,,USDT,2026-08-31T06:11:00+05:30,2026-09-05T21:11:00+05:30
0x8ad192b650ec78d0c0bb14727885e782ec3aacd4,BSC,intermediary,Layer-1 distribution wallet,,CL-1017-A,35,RAAZ-26-1017,61254,61254,2,0.0,BNB,2026-07-04T08:51:00+05:30,2026-07-04T12:08:00+05:30
TpeVPxQJKJBzzYFHm74QB3UwdS9H5Ad5YN,TRON,intermediary,Layer-1 distribution wallet,,CL-1020-A,35,RAAZ-26-1020,234422,234422,2,0.0,USDT,2026-09-21T00:24:00+05:30,2026-09-21T00:29:00+05:30
T8ar7FkWTfuGnmRSAEzREXRzxxqY7cWZXX,TRON,intermediary,Layer-1 distribution wallet,,CL-1028-A,35,RAAZ-26-1028,4071350,4071350,2,0.0,USDT,2026-08-18T12:06:00+05:30,2026-08-19T01:39:00+05:30
TT4LQNcgiuHWVMEq3bQuwzDUHenaVBTPNR,TRON,intermediary,Layering wallet,,,35,RAAZ-26-1032,335551,335551,2,0.0,USDT,2026-06-14T13:04:00+05:30,2026-06-14T22:25:00+05:30
0x2b4d4056d303efc5ad1f1e2751dac6022a866175,ETH,intermediary,Layering wallet,,CL-1033-C,35,RAAZ-26-1033,367542,367542,2,0.0,USDT,2026-09-20T16:03:00+05:30,2026-09-20T22:03:00+05:30
TFrYq4XHDMds9gvQc2sz3ofDfAq4fVMnn2,TRON,inbound,Unattributed inbound (possible other victim),,,35,RAAZ-26-1038,0,16162,1,,USDT,2026-08-16T09:46:00+05:30,2026-08-16T09:46:00+05:30
TBr62MWdPMEzTDHoNjXPzy1gebNrpVrtsc,TRON,inbound,Unattributed inbound (possible other victim),,,35,RAAZ-26-1041,0,233896,1,,USDT,2026-08-17T15:23:00+05:30,2026-08-17T15:23:00+05:30
Tp1CyoVanSF9mh62iAruUMJc7R68KpEfMY,TRON,intermediary,Layering wallet,,,35,RAAZ-26-1041,508501,508501,2,0.0,USDT,2026-08-21T21:07:00+05:30,2026-08-22T09:47:00+05:30
0x5af804bd894094b22b1002fd4ac8e8beb935c4c2,ETH,intermediary,Layer-1 distribution wallet,,CL-1042-A,35,RAAZ-26-1042,87551,87551,2,0.0,USDT,2026-08-20T22:17:00+05:30,2026-08-21T04:46:00+05:30
bc1qetf3twryw75me0f7yx3f2ezzwrjerz20er429e,BTC,inbound,Unattributed inbound (possible other victim),,,35,RAAZ-26-1046,0,76035,1,,BTC,2026-09-11T22:24:00+05:30,2026-09-11T22:24:00+05:30
TyCD1F8MezDsSkZXAyBQDudweunm4PzC33,TRON,inbound,Unattributed inbound (possible other victim),,,35,RAAZ-26-1048,0,53021,1,,USDT,2026-07-02T03:06:00+05:30,2026-07-02T03:06:00+05:30
bc1qyu972rfycczqn7cfutztgr3h9um0u02ztjs09a,BTC,inbound,Unattributed inbound (possible other victim),,,35,RAAZ-26-1058,0,16415,1,,BTC,2026-08-16T14:03:00+05:30,2026-08-16T14:03:00+05:30
0xe4e67a80b661a849afaaf326356daaa983aa93f6,BSC,intermediary,Layering wallet,,,35,RAAZ-26-1060,1367147,1367147,2,0.0,USDT,2026-09-09T21:49:00+05:30,2026-09-10T11:44:00+05:30
0xe84830ba748f0a5bd5e45d13c4e8cfc4a233cfab,BSC,exchange_deposit,NovaX Exchange: deposit address (attributed),NovaX Exchange,,35,RAAZ-26-1060,3379839,3379839,2,0.0,USDT,2026-09-11T03:22:00+05:30,2026-09-11T03:40:00+05:30
TsuxYuVVvtXLU8kmoFCTijNAkp6e5LKK3V,TRON,inbound,Unattributed inbound (possible other victim),,,34,RAAZ-26-1002,0,6633227,1,,USDT,2026-07-29T02:46:00+05:30,2026-07-29T02:46:00+05:30
TgEsSgL7X82eUoGGWA9QhdVnD9A4toR2rZ,TRON,inbound,Unattributed inbound (possible other victim),,,34,RAAZ-26-1003,0,72781,1,,USDT,2026-06-05T09:29:00+05:30,2026-06-05T09:29:00+05:30
0x2cb1a980f639e8f93ee48aa6dbfa47bf07777200,ETH,inbound,Unattributed inbound (possible other victim),,,34,RAAZ-26-1014,0,46420,1,,ETH,2026-08-20T23:04:00+05:30,2026-08-20T23:04:00+05:30
TU9s75dCH7yVnR6vtm8ENPMsnAyM4gKcZw,TRON,inbound,Unattributed inbound (possible other victim),,,34,RAAZ-26-1016,0,26315,1,,USDT,2026-09-13T04:09:00+05:30,2026-09-13T04:09:00+05:30
0x93191f3dff3aaffd20bfb7e993d54dda3558c331,BSC,intermediary,Layering wallet,,CL-SYN-03,34,RAAZ-26-1017,53954,53954,2,0.0,BNB,2026-07-05T00:20:00+05:30,2026-07-05T06:53:00+05:30
0xd2f7f5de735ae87d376d6559fa635bb079065eb2,BSC,inbound,Unattributed inbound (possible other victim),,,34,RAAZ-26-1022,0,99452,1,,BNB,2026-09-07T14:34:00+05:30,2026-09-07T14:34:00+05:30
TUYq8SkcaCmfk3xyKU3cMi7gGfCHqFpsoz,TRON,inbound,Unattributed inbound (possible other victim),,,34,RAAZ-26-1024,0,189104,1,,USDT,2026-09-10T12:28:00+05:30,2026-09-10T12:28:00+05:30
TTts5WpV3i3QvoeEud7SzVxbDRkzz3CW8V,TRON,inbound,Unattributed inbound (possible other victim),,,34,RAAZ-26-1024,0,204227,1,,USDT,2026-09-09T07:28:00+05:30,2026-09-09T07:28:00+05:30
0x86e891dc307f7e24afdc0cd59e8082c1625d4c71,BSC,inbound,Unattributed inbound (possible other victim),,,34,RAAZ-26-1027,0,137898,1,,USDT,2026-08-21T08:48:00+05:30,2026-08-21T08:48:00+05:30
TDxQksDvbqZENSEF6WrdiQ3QeAAHWQ7xZ6,TRON,intermediary,Layering wallet,,,34,RAAZ-26-1029,31355,0,1,354.69,USDT,2026-09-08T09:33:00+05:30,2026-09-08T09:33:00+05:30
TFiCsXWEpFv8b3ytFaRJ3C8PXkBnhxGTKm,TRON,intermediary,Layer-1 distribution wallet,,CL-1029-A,34,RAAZ-26-1029,19861,19861,2,0.0,USDT,2026-09-07T22:31:00+05:30,2026-09-08T06:57:00+05:30
0x0f7a777686860fe8f005d6fe7a7d66304e4ae627,ETH,inbound,Unattributed inbound (possible other victim),,,34,RAAZ-26-1033,0,43294,1,,USDT,2026-09-21T13:51:00+05:30,2026-09-21T13:51:00+05:30
0x9f87cd0650d009b73c1a5666b85805591225feda,ETH,intermediary,Layer-1 distribution wallet,,CL-1033-A,34,RAAZ-26-1033,367542,367542,2,0.0,USDT,2026-09-20T05:21:00+05:30,2026-09-20T16:03:00+05:30
TNErtfQPg5mMuaTttzWmajccRunWrTXvHA,TRON,inbound,Unattributed inbound (possible other victim),,,34,RAAZ-26-1034,0,82564,1,,USDT,2026-08-26T13:18:00+05:30,2026-08-26T13:18:00+05:30
TeejMp2WBo8h8yhvNUKUntNiaknX1GPXzm,TRON,exchange_deposit,Pinecrest P2P: deposit address (attributed),Pinecrest P2P,,34,RAAZ-26-1036,1838293,1838293,2,0.0,USDT,2026-09-21T17:10:00+05:30,2026-09-21T17:54:00+05:30
0xaa9527d86e319978dc46200b141f412aef85325a,ETH,inbound,Unattributed inbound (possible other victim),,,34,RAAZ-26-1049,0,7691339,1,,USDC,2026-09-05T17:54:00+05:30,2026-09-05T17:54:00+05:30
0x0bc23179f76f4b432e6428468cfaa7fb67f7dc74,POLYGON,intermediary,Layer-1 distribution wallet,,CL-1051-A,34,RAAZ-26-1051,28829,28829,2,0.0,USDT,2026-08-06T15:02:00+05:30,2026-08-06T21:40:00+05:30
TEqt42jhwssvTCZ6qaYQAgEhJxjHLvw66Q,TRON,inbound,Unattributed inbound (possible other victim),,,34,RAAZ-26-1059,0,189370,1,,USDT,2026-09-13T06:49:00+05:30,2026-09-13T06:49:00+05:30
0xfeccf3e47dcb491772e0904b608a206fbf635b51,BSC,intermediary,Layer-1 distribution wallet,,CL-1001-A,33,RAAZ-26-1001,24416,24416,2,0.0,BNB,2026-09-03T12:32:00+05:30,2026-09-03T20:04:00+05:30
TqcUcEceTnhZpXLx8SCK3QVSFgGBpCsa1S,TRON,inbound,Unattributed inbound (possible other victim),,,33,RAAZ-26-1007,0,32455,1,,USDT,2026-08-26T10:42:00+05:30,2026-08-26T10:42:00+05:30
Tqwb85vWDNa29eEr4jZg44NWcKxHc9LH5V,TRON,intermediary,Layer-1 distribution wallet,,CL-1015-A,33,RAAZ-26-1015,267806,267806,2,0.0,USDT,2026-09-09T14:25:00+05:30,2026-09-09T14:39:00+05:30
TG2v4mDk56SnGgFHxgUtUrvCpv8foxpKdX,TRON,exchange_deposit,NovaX Exchange: deposit address (attributed),NovaX Exchange,,33,RAAZ-26-1016,165727,165727,2,0.0,USDT,2026-09-11T18:42:00+05:30,2026-09-11T19:21:00+05:30
0xb2f08d58e24a14d7f20da968b44b4886cce311e7,BSC,intermediary,Layer-1 distribution wallet,,CL-1017-A,33,RAAZ-26-1017,34083,34083,2,0.0,BNB,2026-07-04T09:06:00+05:30,2026-07-04T20:02:00+05:30
0x066e425399c2898313a2bf3dfe468744bbee2200,BSC,intermediary,Layering wallet,,,33,RAAZ-26-1017,30812,30812,2,0.0,BNB,2026-07-05T01:44:00+05:30,2026-07-05T14:50:00+05:30
THXujyCUL2PPpiejVUpNmULYNQ9U8uirYy,TRON,intermediary,Layering wallet,,,33,RAAZ-26-1028,4492526,4492526,2,0.0,USDT,2026-08-19T08:17:00+05:30,2026-08-19T15:21:00+05:30
TuUrXnxyFR4cCjiXHeqhiRk8LZFScQ2Sjb,TRON,intermediary,Layering wallet,,,33,RAAZ-26-1029,47140,0,1,533.26,USDT,2026-09-08T11:38:00+05:30,2026-09-08T11:38:00+05:30
T9ZYuv9zciCYQddm9FoZknZWJhATfiug69,TRON,intermediary,Layer-1 distribution wallet,,CL-1032-A,33,RAAZ-26-1032,348576,348576,2,0.0,USDT,2026-06-14T09:37:00+05:30,2026-06-14T11:33:00+05:30
TvyK2guTNR9rbX2Jxs81WixQQDWedPDkyc,TRON,intermediary,Layer-1 distribution wallet,,CL-1041-A,33,RAAZ-26-1041,260572,260572,2,0.0,USDT,2026-08-21T17:58:00+05:30,2026-08-22T00:44:00+05:30
0xfd10bce2c319fa9f44311cfd43275dc49b0d64f9,ETH,intermediary,Layering wallet,,,33,RAAZ-26-1042,91307,91307,2,0.0,USDT,2026-08-20T23:49:00+05:30,2026-08-21T02:16:00+05:30
0x61a320edf683aa9ad5eec99713147502fc027b77,ETH,exchange_deposit,Suryodaya Crypto: deposit address (attributed),Suryodaya Crypto,,33,RAAZ-26-1042,280103,280104,4,0.0,USDT,2026-08-21T02:16:00+05:30,2026-08-21T18:37:00+05:30
0xdc9c1984ac5e5e8e14491f3347da4b3e7b188851,POLYGON,intermediary,Layering wallet,,,33,RAAZ-26-1051,20480,20480,2,0.0,USDT,2026-08-07T05:18:00+05:30,2026-08-07T13:16:00+05:30
0xdabf3b1f676d9c2d6c91d6904479745075627db9,POLYGON,intermediary,Layering wallet,,CL-1051-C,33,RAAZ-26-1051,38808,38808,2,0.0,USDT,2026-08-06T22:36:00+05:30,2026-08-06T23:31:00+05:30
0x567f9376fb68ac617574ce9288245d5d47122b63,BSC,intermediary,Peel-chain change wallet,,CL-1001-B,32,RAAZ-26-1001,19981,19976,3,0.0001,BNB,2026-09-04T17:07:00+05:30,2026-09-04T22:13:00+05:30
0x61117a676df92a6e3ce8904149902cc5ac6952bf,ETH,inbound,Unattributed inbound (possible other victim),,,32,RAAZ-26-1013,0,21416,1,,USDT,2026-09-21T13:50:00+05:30,2026-09-21T13:50:00+05:30
TyVf4fxpe3DtNovE6XhjtXuvpWM84StFBa,TRON,inbound,Unattributed inbound (possible other victim),,,32,RAAZ-26-1015,0,33727,1,,USDT,2026-09-06T01:11:00+05:30,2026-09-06T01:11:00+05:30
TzVRFXg7SoKt8c7uz3hjfcKqEJfZNDgwqB,TRON,intermediary,Layering wallet,,,32,RAAZ-26-1015,233902,0,1,2645.95,USDT,2026-09-09T15:06:00+05:30,2026-09-09T15:06:00+05:30
T8wrsSQVLgmuoH8bWPdDLkYkATZPMZwqt5,TRON,inbound,Unattributed inbound (possible other victim),,,32,RAAZ-26-1016,0,30350,1,,USDT,2026-09-13T14:09:00+05:30,2026-09-13T14:09:00+05:30
0x32e7c1ce24fe8d78472b45e32932acfb070275a6,BSC,inbound,Unattributed inbound (possible other victim),,,32,RAAZ-26-1021,0,150677,1,,USDT,2026-09-07T18:28:00+05:30,2026-09-07T18:28:00+05:30
0x934f95b03c936355a27bd1b1e8bd8ffb74b14cfa,BSC,intermediary,Layering wallet,,CL-1026-C,32,RAAZ-26-1026,909091,909091,2,0.0,USDT,2026-09-21T00:27:00+05:30,2026-09-21T07:59:00+05:30
TEEwvSNgPxtGc9k1RQeuP4MbR8cszoQr9A,TRON,intermediary,Layering wallet,,,32,RAAZ-26-1028,2267824,2267824,2,0.0,USDT,2026-08-18T21:47:00+05:30,2026-08-19T00:23:00+05:30
0xc0a156877d78fa703abc2a2ddfb8c86a923bb35d,POLYGON,inbound,Unattributed inbound (possible other victim),,,32,RAAZ-26-1030,0,866316,1,,USDT,2026-09-11T18:51:00+05:30,2026-09-11T18:51:00+05:30
T9FbQCdfHghgPrEHtHHtUWK4NHVgsEzTXr,TRON,exchange_deposit,Tarang Digital Assets: deposit address (attributed),Tarang Digital Assets,,32,RAAZ-26-1038,46779,46779,2,0.0,USDT,2026-08-20T06:47:00+05:30,2026-08-20T06:53:00+05:30
Ty6xpngRGZdZA8EnXXZwy8EMYMLFEwywX1,TRON,intermediary,Layering wallet,,,32,RAAZ-26-1041,508501,0,1,5752.27,USDT,2026-08-22T09:47:00+05:30,2026-08-22T09:47:00+05:30
0x8803ec6fee1678ee7cf8fcfa20147b7774f985b6,ETH,intermediary,Layering wallet,,,32,RAAZ-26-1042,73132,73132,2,0.0,USDT,2026-08-21T06:18:00+05:30,2026-08-21T08:23:00+05:30
TcVno6SMadddEapESnnqcCJLcRnNzRj2Rz,TRON,inbound,Unattributed inbound (possible other victim),,,32,RAAZ-26-1050,0,35708,1,,USDT,2026-08-07T18:03:00+05:30,2026-08-07T18:03:00+05:30
0xc01fc30b5bbe8934f9a88d43e5a01d860002926c,POLYGON,intermediary,Layering wallet,,,32,RAAZ-26-1051,28829,28829,2,0.0,USDT,2026-08-06T21:40:00+05:30,2026-08-06T23:18:00+05:30
TZT42hMf55FgXECRC2ihbZjw4PqpoLqt5Z,TRON,inbound,Unattributed inbound (possible other victim),,,32,RAAZ-26-1053,0,3181917,1,,USDT,2026-08-17T22:36:00+05:30,2026-08-17T22:36:00+05:30
bc1qw4tyegh2e6w2z4xzsylu0fhytcf4092qgqgl27,BTC,intermediary,Layer-1 distribution wallet,,CL-1058-A,32,RAAZ-26-1058,16396,16396,2,0.0,BTC,2026-08-25T17:36:00+05:30,2026-08-25T23:41:00+05:30
0x7f3f920ce9f1f313aeda50b3097f07fe596a4f6a,BSC,intermediary,Layer-1 distribution wallet,,CL-1060-A,32,RAAZ-26-1060,1367147,1367147,2,0.0,USDT,2026-09-09T09:45:00+05:30,2026-09-09T13:12:00+05:30
0xd83c3a171e71b33df1b7529e1e6d60978cc0bb82,BSC,intermediary,Layer-1 distribution wallet,,CL-1060-A,32,RAAZ-26-1060,2186500,2186500,2,0.0,USDT,2026-09-09T09:27:00+05:30,2026-09-09T12:31:00+05:30
0x33103adc68c901db7a66a05950fa7869aef600f5,BSC,intermediary,Peel-off wallet,,,31,RAAZ-26-1001,3038,0,1,0.0494,BNB,2026-09-03T19:21:00+05:30,2026-09-03T19:21:00+05:30
0x74cd4ec65ac06f8ac8e7eb7f6017f5d22638599f,BSC,intermediary,Layering wallet,,CL-SYN-03,31,RAAZ-26-1017,61254,61254,2,0.0,BNB,2026-07-05T02:32:00+05:30,2026-07-05T11:06:00+05:30
0x705db73fd8b74788221229cdcb5d1c4d1f387987,BSC,intermediary,Layer-1 distribution wallet,,CL-1017-A,31,RAAZ-26-1017,53954,53954,2,0.0,BNB,2026-07-04T08:31:00+05:30,2026-07-04T15:27:00+05:30
bc1qzcxrev6uuwtrsxsuk4pr8ua8v7umzt2rx8wz3v,BTC,inbound,Unattributed inbound (possible other victim),,,31,RAAZ-26-1019,0,8845465,1,,BTC,2026-09-13T16:58:00+05:30,2026-09-13T16:58:00+05:30
0x10be7162c28be79e70a7e64001623879a2439c57,BSC,intermediary,Layering wallet,,CL-1026-C,31,RAAZ-26-1026,1249535,1249535,2,0.0,USDT,2026-09-20T19:18:00+05:30,2026-09-21T06:56:00+05:30
T2WW1EP9pwqPcRW7NWTC7rcZJdHavwt1Ve,TRON,inbound,Unattributed inbound (possible other victim),,,31,RAAZ-26-1029,0,63812,1,,USDT,2026-09-09T05:07:00+05:30,2026-09-09T05:07:00+05:30
TiApq8ogHqsSNzasViSTMvFFnCxaTV8wn3,TRON,intermediary,Layering wallet,,,31,RAAZ-26-1032,299582,299582,2,0.0,USDT,2026-06-15T00:38:00+05:30,2026-06-15T07:58:00+05:30
TyMZH9hWxQvWo8X6YfPxXqbBfqvwj8PxX3,TRON,inbound,Unattributed inbound (possible other victim),,,31,RAAZ-26-1034,0,206058,1,,USDT,2026-08-29T08:18:00+05:30,2026-08-29T08:18:00+05:30
0x25d33df3e685158f56cc2ffa05eab997812d9523,POLYGON,intermediary,Layering wallet,,CL-1051-C,31,RAAZ-26-1051,20480,20480,2,0.0,USDT,2026-08-07T13:16:00+05:30,2026-08-07T15:39:00+05:30
0x3678fa645f952d314bbf76becc1fe4807cdec610,POLYGON,inbound,Unattributed inbound (possible other victim),,,31,RAAZ-26-1052,0,8532584,1,,POL,2026-09-16T03:29:00+05:30,2026-09-16T03:29:00+05:30
bc1q69208euy34fnxcg89k2t864gfg8fhurpezs38j,BTC,inbound,Unattributed inbound (possible other victim),,,31,RAAZ-26-1057,0,57947,1,,BTC,2026-08-26T18:51:00+05:30,2026-08-26T18:51:00+05:30
bc1qv33qrty2sfsc7gxhsf8ymu7dm0fsvcj5yulwzf,BTC,inbound,Unattributed inbound (possible other victim),,,31,RAAZ-26-1057,0,129257,1,,BTC,2026-09-01T16:51:00+05:30,2026-09-01T16:51:00+05:30
0x3d507b580042f02042d429beaf691c8ed6c6e916,BSC,intermediary,Peel-chain change wallet,,CL-1001-B,30,RAAZ-26-1001,23087,23087,3,0.0,BNB,2026-09-04T12:21:00+05:30,2026-09-04T17:07:00+05:30
0x4a4b716f1a7044bff026c42b78e231486f2237d0,ETH,inbound,Unattributed inbound (possible other victim),,,30,RAAZ-26-1006,0,1285738,1,,USDC,2026-07-20T11:54:00+05:30,2026-07-20T11:54:00+05:30
THn3qEyuXupddLxDC9Tdd9SHYsKVz4RK8f,TRON,inbound,Unattributed inbound (possible other victim),,,30,RAAZ-26-1009,0,735190,1,,USDT,2026-06-10T07:32:00+05:30,2026-06-10T07:32:00+05:30
TKxcVd3LnYJGL12XCC5VV7ccdDmfBEcfBr,TRON,inbound,Unattributed inbound (possible other victim),,,30,RAAZ-26-1016,0,42449,1,,USDT,2026-09-08T13:09:00+05:30,2026-09-08T13:09:00+05:30
0xa3c59c4dcd2b2a684d89a26a3e698b35c5ec33d8,BSC,inbound,Unattributed inbound (possible other victim),,,30,RAAZ-26-1021,0,359552,1,,USDT,2026-09-13T00:28:00+05:30,2026-09-13T00:28:00+05:30
TVMUQL8jRiD8nXrHTpgzgQTn8QeQkMpuRG,TRON,intermediary,Layering wallet,,,30,RAAZ-26-1028,2267824,2267824,2,0.0,USDT,2026-08-19T00:23:00+05:30,2026-08-19T08:16:00+05:30
Teq3RvHfpDcGZD21HAWkvEJAFeqZM5V8vy,TRON,exchange_deposit,Orbitra Pro: deposit address (attributed),Orbitra Pro,,30,RAAZ-26-1028,8999589,8999589,3,0.0,USDT,2026-08-19T05:46:00+05:30,2026-08-19T09:01:00+05:30
TmQHw64WAGGzVG4fBcGKGYNAQEWyu3pxKJ,TRON,intermediary,Layering wallet,,,30,RAAZ-26-1032,348576,348576,2,0.0,USDT,2026-06-14T11:33:00+05:30,2026-06-14T15:24:00+05:30
TGZaJg42eizZPMX2of987KrkeQ6YhMD8ty,TRON,intermediary,Layer-1 distribution wallet,,CL-1032-A,30,RAAZ-26-1032,299582,299582,2,0.0,USDT,2026-06-14T09:39:00+05:30,2026-06-14T19:52:00+05:30
TErX6HawLhXV5fw8bhyWxgnqYnLLwuBaTK,TRON,inbound,Unattributed inbound (possible other victim),,,30,RAAZ-26-1039,0,3142119,1,,USDT,2026-07-26T08:03:00+05:30,2026-07-26T08:03:00+05:30
TEnNuGZjUR8rrcbLj6LXGEtHS9yCp1isZp,TRON,intermediary,Layering wallet,,,30,RAAZ-26-1041,414260,414260,2,0.0,USDT,2026-08-22T20:07:00+05:30,2026-08-23T07:07:00+05:30
0x53800afda3989e15aed5e8c0a6c694a08e0c63b9,POLYGON,exchange_deposit,Halcyon Swap: deposit address (attributed),Halcyon Swap,,30,RAAZ-26-1051,81613,81613,2,0.0,USDT,2026-08-07T20:21:00+05:30,2026-08-07T21:35:00+05:30
bc1qjsvzqlzcewk2cyjzfvy9wk3gjsrj2qvx7pazr3,BTC,inbound,Unattributed inbound (possible other victim),,,30,RAAZ-26-1057,0,95294,1,,BTC,2026-09-01T20:51:00+05:30,2026-09-01T20:51:00+05:30
bc1qcysu2uzcgnvvasxlsvfukarm7ty4ur78tspjdf,BTC,intermediary,Layering wallet,,,30,RAAZ-26-1058,31147,31147,2,0.0,BTC,2026-08-26T05:37:00+05:30,2026-08-26T13:22:00+05:30
bc1q2ggq5p6xg5ntmd6dvvg2l0qvgc3f9wly2geq0k,BTC,intermediary,Layering wallet,,,30,RAAZ-26-1058,20346,20346,2,0.0,BTC,2026-08-25T19:58:00+05:30,2026-08-26T04:50:00+05:30
0x218a1faca2588b03e262e933eb9f638886fbdb87,BSC,intermediary,Peel-off wallet,,,29,RAAZ-26-1001,3130,0,1,0.0509,BNB,2026-09-04T04:42:00+05:30,2026-09-04T04:42:00+05:30
0x28cc1184db3a9a0039456586278417622914975a,BSC,intermediary,Peel-off wallet,,,29,RAAZ-26-1001,3106,0,1,0.0505,BNB,2026-09-04T17:07:00+05:30,2026-09-04T17:07:00+05:30
0x41fb15b994b8453d57e086cae0f644e9cea73656,ETH,exchange_deposit,Orbitra Pro: deposit address (attributed),Orbitra Pro,,29,RAAZ-26-1012,535476,535476,2,0.0,ETH,2026-09-11T03:11:00+05:30,2026-09-11T04:35:00+05:30
TaqrasXmYB1egUZveWfLeVhFwiNeec2qSo,TRON,inbound,Unattributed inbound (possible other victim),,,29,RAAZ-26-1015,0,98491,1,,USDT,2026-09-08T23:11:00+05:30,2026-09-08T23:11:00+05:30
0x40b7fa4dfccf5b39ea23f23f1850d97ed75c4da7,BSC,intermediary,Layering wallet,,,29,RAAZ-26-1017,61254,61254,2,0.0,BNB,2026-07-04T18:51:00+05:30,2026-07-05T02:32:00+05:30
0x3833a5b0fdb8b7a7a7c2aeb0ae96190f1fbcb449,BSC,intermediary,Layering wallet,,CL-SYN-03,29,RAAZ-26-1017,30812,30812,2,0.0,BNB,2026-07-05T14:50:00+05:30,2026-07-05T16:32:00+05:30
0x61dee09c05f8423d9250960b9e50f6a32bd1dd81,BSC,inbound,Unattributed inbound (possible other victim),,,29,RAAZ-26-1022,0,100503,1,,BNB,2026-09-06T01:34:00+05:30,2026-09-06T01:34:00+05:30
TK2YPD1LEAcyeN1eQ832VyVTqWxpK4NHty,TRON,inbound,Unattributed inbound (possible other victim),,,29,RAAZ-26-1023,0,162052,1,,USDT,2026-08-29T03:03:00+05:30,2026-08-29T03:03:00+05:30
0xd51e109d668929571eb22ba7d9ae985f14043d39,BSC,intermediary,Layering wallet,,,29,RAAZ-26-1026,345959,345959,2,0.0,USDT,2026-09-21T07:16:00+05:30,2026-09-21T21:06:00+05:30
0x7c35e8af6503855565602e77934ac42a9f232868,BSC,inbound,Unattributed inbound (possible other victim),,,29,RAAZ-26-1027,0,114985,1,,USDT,2026-08-18T14:48:00+05:30,2026-08-18T14:48:00+05:30
T5TGKKeKPQPWrYigvt6e791YHX199wXvnn,TRON,inbound,Unattributed inbound (possible other victim),,,29,RAAZ-26-1034,0,412822,1,,USDT,2026-08-27T10:18:00+05:30,2026-08-27T10:18:00+05:30
0xbcc3988d260030e18c9ce3d73da763032a6cb4f2,BSC,inbound,Unattributed inbound (possible other victim),,,29,RAAZ-26-1035,0,3682731,1,,BNB,2026-09-17T08:41:00+05:30,2026-09-17T08:41:00+05:30
T6FkZk1aAxpqUaeprcww8FUitySbwKXqsY,TRON,inbound,Unattributed inbound (possible other victim),,,29,RAAZ-26-1039,0,787977,1,,USDT,2026-07-21T06:03:00+05:30,2026-07-21T06:03:00+05:30
ThufCc6UxA6Nm5U2Hwu4Hyhauk6oJXVKXA,TRON,intermediary,Layering wallet,,,29,RAAZ-26-1041,236686,236686,2,0.0,USDT,2026-08-21T19:35:00+05:30,2026-08-22T04:14:00+05:30
Thv3F84NugpzVa4NkLo5Phr8x4GdgTcpss,TRON,intermediary,Layer-1 distribution wallet,,CL-1041-A,29,RAAZ-26-1041,508501,508501,2,0.0,USDT,2026-08-21T17:54:00+05:30,2026-08-21T21:07:00+05:30
0x7546f1de79761bc4cb129131dee0aff477e60dd3,BSC,exchange_deposit,Suryodaya Crypto: deposit address (attributed),Suryodaya Crypto,,29,RAAZ-26-1042,87376,87376,2,0.0,USDT,2026-08-22T07:00:00+05:30,2026-08-22T08:10:00+05:30
TGXi3wRUYGKmtqL4Bf1HAfU6Gi3tAbSTAS,TRON,inbound,Unattributed inbound (possible other victim),,,29,RAAZ-26-1048,0,23525,1,,USDT,2026-07-06T23:06:00+05:30,2026-07-06T23:06:00+05:30
0x7eda5593ba1a53a16e836cf92ae6a9b63517613a,POLYGON,intermediary,Layering wallet,,CL-1051-C,29,RAAZ-26-1051,28829,28829,2,0.0,USDT,2026-08-07T03:25:00+05:30,2026-08-07T10:24:00+05:30
bc1qvsnftw37set560zsxkyhusdj0esffx7w0hauza,BTC,intermediary,Layer-1 distribution wallet,,CL-1058-A,29,RAAZ-26-1058,14449,14449,2,0.0,BTC,2026-08-25T17:36:00+05:30,2026-08-26T01:58:00+05:30
0xca01913001a3657c5ceb03151b938330083b5b31,BSC,intermediary,Peel-chain change wallet,,CL-1001-B,28,RAAZ-26-1001,17202,0,1,0.2797,BNB,2026-09-05T08:25:00+05:30,2026-09-05T08:25:00+05:30
TMbu5vSarCLnouQy8ViqJYQf46kSPk5UQW,TRON,inbound,Unattributed inbound (possible other victim),,,28,RAAZ-26-1009,0,448275,1,,USDT,2026-06-14T23:32:00+05:30,2026-06-14T23:32:00+05:30
T56tn34JGZEhxVawF7U9aau4yinRBo5hXa,TRON,intermediary,Layer-1 distribution wallet,,CL-1028-A,28,RAAZ-26-1028,4492526,4492526,2,0.0,USDT,2026-08-18T12:12:00+05:30,2026-08-18T23:01:00+05:30
TfXyx6MREDrFq7KCR6cXMFmsKaMnpxgcog,TRON,exchange_deposit,Kestrel Markets: deposit address (attributed),Kestrel Markets,,28,RAAZ-26-1028,6760350,6760350,3,0.0,USDT,2026-08-19T08:16:00+05:30,2026-08-19T16:06:00+05:30
TtKg1R39v8r4AjBdsBxDRET1sCDtyHUPyD,TRON,intermediary,Layering wallet,,,28,RAAZ-26-1032,299582,299582,2,0.0,USDT,2026-06-14T19:52:00+05:30,2026-06-15T00:38:00+05:30
0x6ba83437dbbd00156307ae4af027e58e070ac11f,ETH,inbound,Unattributed inbound (possible other victim),,,28,RAAZ-26-1033,0,53378,1,,USDT,2026-09-21T09:51:00+05:30,2026-09-21T09:51:00+05:30
TWfoXsvCaZUSf9Fwda6ajaJYbEPVGDdtXf,TRON,intermediary,Layer-1 distribution wallet,,CL-1041-A,28,RAAZ-26-1041,414260,414260,2,0.0,USDT,2026-08-21T18:16:00+05:30,2026-08-22T06:26:00+05:30
T64AmcNBYjNPpnChAiRdj2uQ42V8waB4Ah,TRON,intermediary,Layer-1 distribution wallet,,CL-1041-A,28,RAAZ-26-1041,236686,236686,2,0.0,USDT,2026-08-21T18:12:00+05:30,2026-08-21T19:35:00+05:30
0xdbcac340a8fd5582b672a1d0397733df525d1b2e,BSC,intermediary,Layer-1 distribution wallet,,CL-1001-A,27,RAAZ-26-1001,15461,15461,2,0.0,BNB,2026-09-03T12:51:00+05:30,2026-09-03T15:53:00+05:30
TLyVQYeiM4dfw9k6jGkHLpynqgHfckBZbd,TRON,inbound,Unattributed inbound (possible other victim),,,27,RAAZ-26-1003,0,109798,1,,USDT,2026-06-04T21:29:00+05:30,2026-06-04T21:29:00+05:30
TMBn9ov5BUcUAtRB31dV9jUghRNYkGSbUb,TRON,inbound,Unattributed inbound (possible other victim),,,27,RAAZ-26-1029,0,54256,1,,USDT,2026-09-03T04:07:00+05:30,2026-09-03T04:07:00+05:30
Tm7uKFjTUGPuhvNQbssCbfvGstD8Uc6kga,TRON,intermediary,Layering wallet,,,27,RAAZ-26-1041,414260,0,1,4686.2,USDT,2026-08-23T07:07:00+05:30,2026-08-23T07:07:00+05:30
0xb559f69ca93411f9b8daac8146c647bc60cd44a4,ETH,intermediary,Layering wallet,,,27,RAAZ-26-1042,73132,73132,2,0.0,USDT,2026-08-21T08:23:00+05:30,2026-08-21T10:59:00+05:30
0x1c8126781f51fe8a251b02398c7f3c290af8b428,POLYGON,inbound,Unattributed inbound (possible other victim),,,27,RAAZ-26-1045,0,4557684,1,,USDT,2026-09-08T11:59:00+05:30,2026-09-08T11:59:00+05:30
0x66839bf373d708a636d774076a49d5f3162a218b,ETH,inbound,Unattributed inbound (possible other victim),,,27,RAAZ-26-1049,0,1878247,1,,USDC,2026-09-06T07:54:00+05:30,2026-09-06T07:54:00+05:30
TVsBYAtHFHeTJnps4Xf7d1Et4H4AcUZEaV,TRON,inbound,Unattributed inbound (possible other victim),,,27,RAAZ-26-1050,0,31804,1,,USDT,2026-08-03T14:03:00+05:30,2026-08-03T14:03:00+05:30
0x42307c9c20bd0f072c6d167da9aa568e319f0f47,POLYGON,inbound,Unattributed inbound (possible other victim),,,27,RAAZ-26-1052,0,5069252,1,,POL,2026-09-13T13:29:00+05:30,2026-09-13T13:29:00+05:30
bc1qg2aulyj2lm6qxma73l5evhp7rlmzfm3xdsc5ef,BTC,inbound,Unattributed inbound (possible other victim),,,27,RAAZ-26-1057,0,33151,1,,BTC,2026-08-28T09:51:00+05:30,2026-08-28T09:51:00+05:30
0xb5151a10d625513705bda1fc30906b5f9117c4e2,BSC,inbound,Unattributed inbound (possible other victim),,,27,RAAZ-26-1060,0,386726,1,,USDT,2026-09-08T20:09:00+05:30,2026-09-08T20:09:00+05:30
0xd6244ff3d4d16cdfea410b819d3d42e5d41d062b,BSC,intermediary,Peel-chain change wallet,,CL-1001-B,26,RAAZ-26-1001,25898,25898,3,0.0,BNB,2026-09-04T04:42:00+05:30,2026-09-04T12:21:00+05:30
0xc1459a08338c896687519652caf0afa33f3291e9,BSC,intermediary,Layering wallet,,,26,RAAZ-26-1001,29391,0,1,0.4779,BNB,2026-09-04T17:27:00+05:30,2026-09-04T17:27:00+05:30
T4EGxyUr4BjBx8RR3K6XLnPgDDoeAPqTJn,TRON,inbound,Unattributed inbound (possible other victim),,,26,RAAZ-26-1003,0,162864,1,,USDT,2026-06-05T04:29:00+05:30,2026-06-05T04:29:00+05:30
0x263cbc135c5f7ee2bbc9d433307e50cf12cda3b3,ETH,inbound,Unattributed inbound (possible other victim),,,26,RAAZ-26-1014,0,69888,1,,ETH,2026-08-21T05:04:00+05:30,2026-08-21T05:04:00+05:30
0xfeec4f364284eaade32a45cbeb4602b8ef297e78,BSC,intermediary,Layer-1 distribution wallet,,CL-1026-A,26,RAAZ-26-1026,345959,345959,2,0.0,USDT,2026-09-20T09:31:00+05:30,2026-09-20T17:54:00+05:30
0x57b19b6d204118f12e1848537e7f08f2a7ecc124,BSC,exchange_deposit,Tarang Digital Assets: deposit address (attributed),Tarang Digital Assets,,26,RAAZ-26-1026,2397714,2397714,2,0.0,USDT,2026-09-22T21:08:00+05:30,2026-09-22T21:45:00+05:30
TFBmDQBkpwEZPjCaevvRkfxPdgF7RomCbo,TRON,intermediary,Layer-1 distribution wallet,,CL-1028-A,26,RAAZ-26-1028,2267824,2267824,2,0.0,USDT,2026-08-18T12:19:00+05:30,2026-08-18T21:47:00+05:30
TdrJzAVBLoLWQAi9TjMvJHGQ5SL4Ddm2NG,TRON,intermediary,Layering wallet,,,26,RAAZ-26-1041,236686,0,1,2677.44,USDT,2026-08-22T04:14:00+05:30,2026-08-22T04:14:00+05:30
0xbbf7037313abf3611e38c9f6b0dc2b7e397d3bf7,BSC,intermediary,Post-bridge layering wallet,,,26,RAAZ-26-1042,87376,87376,2,0.0,USDT,2026-08-21T16:35:00+05:30,2026-08-21T20:34:00+05:30
TfiCwnr2nYZhPbCA5kUvYgFjkJj2aepahe,TRON,inbound,Unattributed inbound (possible other victim),,,26,RAAZ-26-1048,0,31914,1,,USDT,2026-07-02T11:06:00+05:30,2026-07-02T11:06:00+05:30
bc1qe6rf7ljkhnzup3vda5vur7uyuxkkpcfd6jdyc0,BTC,intermediary,Layer-1 distribution wallet,,CL-1058-A,26,RAAZ-26-1058,31147,31147,2,0.0,BTC,2026-08-25T17:36:00+05:30,2026-08-26T05:37:00+05:30
T3BSYEtZhd6KBvMQkLqp8GvSzLeQre2kdh,TRON,inbound,Unattributed inbound (possible other victim),,,25,RAAZ-26-1005,0,163804,1,,USDT,2026-08-17T16:10:00+05:30,2026-08-17T16:10:00+05:30
Th4M2vYPowek6J9cbvmNjpuc3CemQ5cnv3,TRON,exchange_hot,Quasar Exchange: hot wallet,Quasar Exchange,,25,RAAZ-26-1009;RAAZ-26-1037;RAAZ-26-1048;RAAZ-26-1059,19263276,0,4,,USDT,2026-06-13T03:25:00+05:30,2026-09-14T02:31:00+05:30
TkcnCoQyiWMQSdeFPa9qZHkuUHEGZutNqG,TRON,exchange_hot,NovaX Exchange: hot wallet,NovaX Exchange,,25,RAAZ-26-1016,165727,0,1,,USDT,2026-09-11T19:21:00+05:30,2026-09-11T19:21:00+05:30
0xb9912ef7cb3e354553456ba1466690dff503bec0,BSC,exchange_hot,NovaX Exchange: hot wallet,NovaX Exchange,,25,RAAZ-26-1017;RAAZ-26-1022;RAAZ-26-1025;RAAZ-26-1027;RAAZ-26-1045;RAAZ-26-1060,12775453,0,6,,BNB,2026-07-05T18:46:00+05:30,2026-09-19T07:00:00+05:30
bc1qv73la5ny0n9e0lax7rwq7mt2krcleynwjeca5d,BTC,inbound,Unattributed inbound (possible other victim),,,25,RAAZ-26-1018,0,19467,1,,BTC,2026-09-16T08:26:00+05:30,2026-09-16T08:26:00+05:30
0x752e2360f01170aa53e51110288df84f1ff318d3,BSC,inbound,Unattributed inbound (possible other victim),,,25,RAAZ-26-1025,0,1639990,1,,BNB,2026-09-06T07:35:00+05:30,2026-09-06T07:35:00+05:30
0x55501d78e0a5ae01eb1b5eaec8953921cd1d3786,BSC,intermediary,Layering wallet,,,25,RAAZ-26-1026,909091,909091,2,0.0,USDT,2026-09-20T13:04:00+05:30,2026-09-20T21:49:00+05:30
0x6f3584c8b3128b1839132140dfbf5d949606b498,BSC,intermediary,Layering wallet,,,25,RAAZ-26-1026,909091,909091,2,0.0,USDT,2026-09-20T21:49:00+05:30,2026-09-21T00:27:00+05:30
0x314abd501c28435e9149be6f633c8ccde3dd1e16,BSC,inbound,Unattributed inbound (possible other victim),,,25,RAAZ-26-1027,0,154565,1,,USDT,2026-08-20T00:48:00+05:30,2026-08-20T00:48:00+05:30
TiHKvRjBjs4fN2nn7J8vxwhzCNpichka6A,TRON,intermediary,Layering wallet,,,25,RAAZ-26-1028,4071350,4071350,2,0.0,USDT,2026-08-19T01:39:00+05:30,2026-08-19T05:46:00+05:30
0x6d033adcfdd25ac853cd4e8c1460aedec7bb45fc,ETH,inbound,Unattributed inbound (possible other victim),,,25,RAAZ-26-1033,0,72326,1,,USDT,2026-09-18T09:51:00+05:30,2026-09-18T09:51:00+05:30
0x02f0ecd7d6a41bcd85d7d5015626ff3c5c9ac924,BSC,intermediary,Bridge output wallet on BNB Smart Chain,,,25,RAAZ-26-1042,87376,87376,2,0.0,USDT,2026-08-21T05:04:00+05:30,2026-08-21T16:35:00+05:30
0x9edc2e3488ad9b837be9eec7b5ab8a91d9c89268,ETH,intermediary,Layer-1 distribution wallet,,CL-1042-A,25,RAAZ-26-1042,73132,73132,2,0.0,USDT,2026-08-20T22:10:00+05:30,2026-08-21T03:11:00+05:30
0x1058dd2339d6ca3cab8a390f315df15a7e66621c,ETH,intermediary,Layering wallet,,,25,RAAZ-26-1042,115664,115664,2,0.0,USDT,2026-08-21T05:46:00+05:30,2026-08-21T17:38:00+05:30
bc1q4lmh3mn55td6tfyl67e2pjz5mynkeljmt5gxpy,BTC,inbound,Unattributed inbound (possible other victim),,,25,RAAZ-26-1046,0,15356,1,,BTC,2026-09-06T04:24:00+05:30,2026-09-06T04:24:00+05:30
0x8b0b2416b3242f7854a17b85fdc64200dcd89481,POLYGON,intermediary,Layer-1 distribution wallet,,CL-1051-A,25,RAAZ-26-1051,20480,20480,2,0.0,USDT,2026-08-06T15:19:00+05:30,2026-08-07T05:18:00+05:30
0xa15aa9e03a6d72fed914ab52176b1a21b9b90155,POLYGON,inbound,Unattributed inbound (possible other victim),,,25,RAAZ-26-1052,0,10001554,1,,POL,2026-09-18T04:29:00+05:30,2026-09-18T04:29:00+05:30
bc1qdyxuq7pwns5cu93mqjhr7t8ak5xcql2q0tthch,BTC,intermediary,Layering wallet,,,25,RAAZ-26-1058,9752,9752,2,0.0,BTC,2026-08-26T04:05:00+05:30,2026-08-26T05:39:00+05:30
bc1q6csduj5mvvp76nrhumautjy5rsjmvlsl35vc30,BTC,intermediary,Layering wallet,,,25,RAAZ-26-1058,14449,14449,2,0.0,BTC,2026-08-26T01:58:00+05:30,2026-08-26T10:28:00+05:30
bc1qrjhkrh3lkeeedpxe2sh5te0q7gpmwdy6kalqhd,BTC,intermediary,Layering wallet,,,25,RAAZ-26-1058,16396,16396,2,0.0,BTC,2026-08-25T23:41:00+05:30,2026-08-26T04:16:00+05:30
0x3e54e56ca6667b4617e0ce258e84d0bee6c34d3f,BSC,intermediary,Layering wallet,,,24,RAAZ-26-1001,15461,15461,2,0.0,BNB,2026-09-03T15:53:00+05:30,2026-09-03T19:44:00+05:30
0x1ffaa4678f91e1efb04e2d0e9102310e8a52f8a4,BSC,intermediary,Layer-1 distribution wallet,,CL-1001-A,24,RAAZ-26-1001,32072,32066,3,0.0001,BNB,2026-09-03T12:18:00+05:30,2026-09-03T19:21:00+05:30
0xd4b79490a6522a389e7e3ed698d5ac135c0a9cae,BSC,intermediary,Peel-off wallet,,,24,RAAZ-26-1001,2811,0,1,0.0457,BNB,2026-09-04T12:21:00+05:30,2026-09-04T12:21:00+05:30
0x9d2b4a59159a577300bd55d397d77455f7887ea1,BSC,intermediary,Layer-1 distribution wallet,,CL-1001-A,24,RAAZ-26-1001,29391,29391,2,0.0,BNB,2026-09-03T12:31:00+05:30,2026-09-04T02:20:00+05:30
T78UD5tjcWyJGsEpC8YhrhykLW7XrEHg4J,TRON,inbound,Unattributed inbound (possible other victim),,,24,RAAZ-26-1004,0,9284730,1,,USDT,2026-08-04T02:29:00+05:30,2026-08-04T02:29:00+05:30
TzMRYPJgmBvhHeUvYHemtrx5rLyrweeFtF,TRON,inbound,Unattributed inbound (possible other victim),,,24,RAAZ-26-1011,0,3357771,1,,USDT,2026-08-09T17:37:00+05:30,2026-08-09T17:37:00+05:30
TGiV3ong85344rhbLEkQU4MUtfQCiNEPXo,TRON,exchange_hot,Lotus Chain Exchange: hot wallet,Lotus Chain Exchange,,24,RAAZ-26-1011;RAAZ-26-1020;RAAZ-26-1023;RAAZ-26-1034;RAAZ-26-1039;RAAZ-26-1055,19195871,0,6,,USDT,2026-07-25T13:01:00+05:30,2026-09-22T02:25:00+05:30
0xbd96faee02fbadeafe2e7c78d7ed2800b055313a,ETH,exchange_hot,Orbitra Pro: hot wallet,Orbitra Pro,,24,RAAZ-26-1012;RAAZ-26-1013,659867,0,2,,ETH,2026-09-11T04:35:00+05:30,2026-09-24T09:20:00+05:30
TMD4RzPmNVjHb1SLVbsYKpUvsvbiSnNyQY,TRON,inbound,Unattributed inbound (possible other victim),,,24,RAAZ-26-1015,0,27598,1,,USDT,2026-09-10T07:11:00+05:30,2026-09-10T07:11:00+05:30
0x0e0d8376477a7b962b618eee92c5abd7d30d7ab0,BSC,exchange_deposit,NovaX Exchange: deposit address (attributed),NovaX Exchange,,24,RAAZ-26-1017,203565,203565,2,0.0,BNB,2026-07-05T18:37:00+05:30,2026-07-05T18:46:00+05:30
TJnZYCe4Ga1kWs143YNoXfMspdxufwQZfs,TRON,exchange_hot,Kestrel Markets: hot wallet,Kestrel Markets,,24,RAAZ-26-1020;RAAZ-26-1024;RAAZ-26-1028,8090611,0,3,,USDT,2026-08-19T16:06:00+05:30,2026-09-21T02:13:00+05:30
0x1b288b9d48218fbd7ca88ebeefdc8b5989a1b312,BSC,intermediary,Layering wallet,,CL-1026-C,24,RAAZ-26-1026,345959,345959,2,0.0,USDT,2026-09-21T21:06:00+05:30,2026-09-22T09:23:00+05:30
THafSaAPSPbBuvkC5SxuCtEue3UgR3thaM,TRON,intermediary,Layering wallet,,,24,RAAZ-26-1028,4492526,4492526,2,0.0,USDT,2026-08-18T23:01:00+05:30,2026-08-19T08:17:00+05:30
TBkAsLrBckh2TTTFScaqPgMBbjo4FrjzXL,TRON,intermediary,Layering wallet,,,24,RAAZ-26-1028,4928239,4928239,2,0.0,USDT,2026-08-18T22:36:00+05:30,2026-08-19T08:14:00+05:30
0xf7772a98b71b2239c4dd63d373352f850339baea,POLYGON,exchange_hot,Halcyon Swap: hot wallet,Halcyon Swap,,24,RAAZ-26-1030;RAAZ-26-1051;RAAZ-26-1052,40018699,0,3,,USDT,2026-08-07T21:35:00+05:30,2026-09-21T20:50:00+05:30
TUSrJH6drvJNjwAd6A4T7UBDwqgfpSQqc9,TRON,intermediary,Layering wallet,,,24,RAAZ-26-1032,348576,348576,2,0.0,USDT,2026-06-14T15:24:00+05:30,2026-06-14T23:29:00+05:30
T2pD3PQc2EDHmszbzZw8KPEWbihjsL6hpU,TRON,inbound,Unattributed inbound (possible other victim),,,24,RAAZ-26-1034,0,327176,1,,USDT,2026-08-25T10:18:00+05:30,2026-08-25T10:18:00+05:30
0xb5afae93c2998cdb99890a0b9f99d0cae59f28b5,ETH,intermediary,Layer-1 distribution wallet,,CL-1042-A,24,RAAZ-26-1042,91307,91307,2,0.0,USDT,2026-08-20T22:05:00+05:30,2026-08-20T23:49:00+05:30
0x07d310bde9cb562c239a0b8ab57b4ae563ff4af6,ETH,intermediary,Layer-1 distribution wallet,,CL-1042-A,24,RAAZ-26-1042,115664,115664,2,0.0,USDT,2026-08-20T21:56:00+05:30,2026-08-21T05:46:00+05:30
TzXTEApVWMPAx52bVC11tFZ9Lutt1oJCxY,TRON,inbound,Unattributed inbound (possible other victim),,,24,RAAZ-26-1044,0,19743,1,,USDT,2026-09-15T19:21:00+05:30,2026-09-15T19:21:00+05:30
0x953a31dda09e7fe7fb14cb7030eb3df240f00ba5,POLYGON,intermediary,Layering wallet,,,24,RAAZ-26-1051,28829,28829,2,0.0,USDT,2026-08-06T23:18:00+05:30,2026-08-07T03:25:00+05:30
TKfATtoMPnpy3LFP1ToE8QLbQzmFB2zDCA,TRON,inbound,Unattributed inbound (possible other victim),,,24,RAAZ-26-1055,0,366240,1,,USDT,2026-09-19T23:05:00+05:30,2026-09-19T23:05:00+05:30
0xdea7c5523f43f1f5419b9abc1898962da2e4b885,POLYGON,inbound,Unattributed inbound (possible other victim),,,24,RAAZ-26-1056,0,57236,1,,POL,2026-08-07T14:00:00+05:30,2026-08-07T14:00:00+05:30
0x35c78804e4b1271d4700414d8ecfc0bc8f4b24aa,POLYGON,inbound,Unattributed inbound (possible other victim),,,24,RAAZ-26-1056,0,126397,1,,POL,2026-08-08T08:00:00+05:30,2026-08-08T08:00:00+05:30
TP9VTD5raGkGEa8X3SvbdYQ51sRLS7AfTR,TRON,inbound,Unattributed inbound (possible other victim),,,23,RAAZ-26-1003,0,83837,1,,USDT,2026-06-04T20:29:00+05:30,2026-06-04T20:29:00+05:30
TtKex3NiVV1CfGkZX7JmPwy7XCxBmMksUs,TRON,exchange_hot,Halcyon Swap: hot wallet,Halcyon Swap,,23,RAAZ-26-1007;RAAZ-26-1044;RAAZ-26-1053;RAAZ-26-1059,20269782,0,4,,USDT,2026-08-22T08:26:00+05:30,2026-09-18T15:09:00+05:30
0xb13f7d46218c6c6f923107f3d33fd67a6909057d,BSC,exchange_hot,Zentra Global: hot wallet,Zentra Global,,23,RAAZ-26-1008;RAAZ-26-1022;RAAZ-26-1025;RAAZ-26-1035;RAAZ-26-1040;RAAZ-26-1045,32691213,0,6,,BNB,2026-08-06T06:59:00+05:30,2026-09-20T02:44:00+05:30
0xa73909d6656acaa88ae779bb4aac7fc1281c5c0c,ETH,exchange_hot,Tarang Digital Assets: hot wallet,Tarang Digital Assets,,23,RAAZ-26-1010;RAAZ-26-1012;RAAZ-26-1014;RAAZ-26-1047,18921553,0,4,,USDT,2026-07-26T00:40:00+05:30,2026-09-11T13:42:00+05:30
0x3ed9633e3619895fdd2ee8bd462b9fdd5e5a214f,ETH,inbound,Unattributed inbound (possible other victim),,,23,RAAZ-26-1014,0,42839,1,,ETH,2026-08-15T04:04:00+05:30,2026-08-15T04:04:00+05:30
T2NMqX4PXWcPkpWV3B7SJyARAGcXh6afwr,TRON,inbound,Unattributed inbound (possible other victim),,,23,RAAZ-26-1016,0,26697,1,,USDT,2026-09-12T00:09:00+05:30,2026-09-12T00:09:00+05:30
0x4c41fcb703a696ef1bcaedc80d4eed2f6f9e0352,BSC,intermediary,Layering wallet,,,23,RAAZ-26-1026,345959,345959,2,0.0,USDT,2026-09-20T17:54:00+05:30,2026-09-21T07:16:00+05:30
T1dS5SNFMoqP2bR5TFmcGKspzNpWUohM67,TRON,intermediary,Layer-1 distribution wallet,,CL-1032-A,23,RAAZ-26-1032,335551,335551,2,0.0,USDT,2026-06-14T09:14:00+05:30,2026-06-14T13:04:00+05:30
TEfXmjCzpoUNXQdsRD69x6Ur2on1zB39aN,TRON,intermediary,Layering wallet,,,23,RAAZ-26-1032,335551,335551,2,0.0,USDT,2026-06-15T09:07:00+05:30,2026-06-15T14:03:00+05:30
ToYNAYxsCctj9ZS5JxQxs754a9tqApXkYD,TRON,exchange_hot,Tarang Digital Assets: hot wallet,Tarang Digital Assets,,23,RAAZ-26-1032;RAAZ-26-1038,1030489,0,2,,USDT,2026-06-15T15:18:00+05:30,2026-08-20T06:53:00+05:30
bc1qvf6l2hlsz00f5sfwwzcky4nnq956pc2kz9q5kc,BTC,inbound,Unattributed inbound (possible other victim),,,22,RAAZ-26-1018,0,88206,1,,BTC,2026-09-21T19:26:00+05:30,2026-09-21T19:26:00+05:30
TECa4bfPSmEz7xDCHu82kz3P1zY6P3xAkP,TRON,inbound,Unattributed inbound (possible other victim),,,22,RAAZ-26-1029,0,31835,1,,USDT,2026-09-04T03:07:00+05:30,2026-09-04T03:07:00+05:30
TLhznjsV4QUVSzf3kWf3MFLXw7MvswBHqy,TRON,intermediary,Layering wallet,,,22,RAAZ-26-1032,335551,335551,2,0.0,USDT,2026-06-14T22:25:00+05:30,2026-06-15T09:07:00+05:30
0xa3915a1575340e0ba1a573493df265047ba615ee,ETH,exchange_deposit,Zentra Global: deposit address (attributed),Zentra Global,,22,RAAZ-26-1033,177139,177139,2,0.0,USDT,2026-09-21T11:31:00+05:30,2026-09-21T12:05:00+05:30
Tm52xwY2LD2CeRGdvFg9uC4pD1NXXNzH6k,TRON,inbound,Unattributed inbound (possible other victim),,,22,RAAZ-26-1043,0,1402005,1,,USDT,2026-08-29T10:52:00+05:30,2026-08-29T10:52:00+05:30
TwG1rxeHoE3SeJAExn9BEsqdqiYs2Wd59U,TRON,inbound,Unattributed inbound (possible other victim),,,22,RAAZ-26-1054,0,90513,1,,USDT,2026-09-15T09:37:00+05:30,2026-09-15T09:37:00+05:30
TkD1MyZ1Xu6osNY8CMWZivxC3az7sJt6BP,TRON,exchange_hot,Zentra Global: hot wallet,Zentra Global,,21,RAAZ-26-1003;RAAZ-26-1005;RAAZ-26-1023;RAAZ-26-1038;RAAZ-26-1050;RAAZ-26-1054,2658137,0,6,,USDT,2026-06-10T01:26:00+05:30,2026-09-22T22:59:00+05:30
TiKkPZqbqYcSB4LUCTr3wLTEtkFPF145Ef,TRON,inbound,Unattributed inbound (possible other victim),,,21,RAAZ-26-1004,0,13427735,1,,USDT,2026-08-01T16:29:00+05:30,2026-08-01T16:29:00+05:30
bc1qvs36j6m05tqyj877qa4src2ulqj6uhmlkc2lk8,BTC,inbound,Unattributed inbound (possible other victim),,,21,RAAZ-26-1031,0,15715,1,,BTC,2026-09-01T00:50:00+05:30,2026-09-01T00:50:00+05:30
0xb1761d893a06f92417f3e74b4217c1588e01bda6,ETH,exchange_hot,Suryodaya Crypto: hot wallet,Suryodaya Crypto,,21,RAAZ-26-1042,280104,0,1,,USDT,2026-08-21T18:37:00+05:30,2026-08-21T18:37:00+05:30
TqJUxijKR3yijMzeGWodFeZcpe4XK3dFSW,TRON,inbound,Unattributed inbound (possible other victim),,,21,RAAZ-26-1044,0,50822,1,,USDT,2026-09-11T16:21:00+05:30,2026-09-11T16:21:00+05:30
TuaXuKsaBQ1QkKHxV4WSEk9gBVSWw5giUH,TRON,inbound,Unattributed inbound (possible other victim),,,21,RAAZ-26-1044,0,51878,1,,USDT,2026-09-15T20:21:00+05:30,2026-09-15T20:21:00+05:30
0xdaf113cb3380293cfa563705b8f365f60674abdf,ETH,inbound,Unattributed inbound (possible other victim),,,21,RAAZ-26-1049,0,1355695,1,,USDC,2026-09-02T16:54:00+05:30,2026-09-02T16:54:00+05:30
Ttkua8PESMmHPCfFfweU3qFrfZVtav8KDX,TRON,inbound,Unattributed inbound (possible other victim),,,21,RAAZ-26-1050,0,44144,1,,USDT,2026-08-07T12:03:00+05:30,2026-08-07T12:03:00+05:30
TMTUBKnDYtLRJJhXWVeKFswBw3NG6sBUGZ,TRON,inbound,Unattributed inbound (possible other victim),,,21,RAAZ-26-1050,0,16937,1,,USDT,2026-08-02T13:03:00+05:30,2026-08-02T13:03:00+05:30
bc1qgz3p0yq4x4unrdrt69ghg3tne938gemfhudaq3,BTC,intermediary,Layer-1 distribution wallet,,CL-1058-A,21,RAAZ-26-1058,9752,9752,2,0.0,BTC,2026-08-25T17:36:00+05:30,2026-08-26T04:05:00+05:30
0x5119bfc8cd5ca9518c992b112fb1c5adfb3bd6ef,BSC,inbound,Unattributed inbound (possible other victim),,,20,RAAZ-26-1001,0,46383,1,,BNB,2026-08-19T09:09:00+05:30,2026-08-19T09:09:00+05:30
TSv5NDYRAGEeh8CCjUY9QGNvwtW2rDdssK,TRON,inbound,Unattributed inbound (possible other victim),,,20,RAAZ-26-1009,0,1956876,1,,USDT,2026-06-14T05:32:00+05:30,2026-06-14T05:32:00+05:30
0x6b2a1437de6ab410ef42eca78266886537a2ef9f,ETH,inbound,Unattributed inbound (possible other victim),,,20,RAAZ-26-1033,0,140660,1,,USDT,2026-09-23T04:51:00+05:30,2026-09-23T04:51:00+05:30
0x1fac61a3c11a6ba8b36e6575d2079f071d7309b5,ETH,exchange_hot,Pinecrest P2P: hot wallet,Pinecrest P2P,,20,RAAZ-26-1033;RAAZ-26-1049,13332385,0,2,,USDT,2026-09-10T00:21:00+05:30,2026-09-21T03:01:00+05:30
0xb165e55b954311cd41575d3b11be65e41610c225,POLYGON,inbound,Unattributed inbound (possible other victim),,,20,RAAZ-26-1045,0,2550055,1,,USDT,2026-09-02T16:59:00+05:30,2026-09-02T16:59:00+05:30
0x8467270c2b6450f94cc35936d1e6c5856a4d217d,POLYGON,exchange_hot,Zentra Global: hot wallet,Zentra Global,,20,RAAZ-26-1045,8188336,0,1,,USDT,2026-09-11T23:35:00+05:30,2026-09-11T23:35:00+05:30
0x97b7404005fd745c9f3c5212b2270f3de3e7a052,ETH,inbound,Unattributed inbound (possible other victim),,,20,RAAZ-26-1047,0,629133,1,,ETH,2026-09-02T01:26:00+05:30,2026-09-02T01:26:00+05:30
0xffcfe6b3e226d2fb91a9cb6a924b3a4587278f2e,POLYGON,exchange_hot,NovaX Exchange: hot wallet,NovaX Exchange,,20,RAAZ-26-1049;RAAZ-26-1052,24616990,0,2,,USDC,2026-09-09T01:58:00+05:30,2026-09-21T20:39:00+05:30
0xe58f9dc07e280e2c2b6c0ed556c5b644e3451654,BSC,inbound,Unattributed inbound (possible other victim),,,20,RAAZ-26-1060,0,1536640,1,,USDT,2026-09-09T09:09:00+05:30,2026-09-09T09:09:00+05:30
T7CGSBAChrPzuh691yNgXH9HDbJHW2K9pe,TRON,exchange_hot,Pinecrest P2P: hot wallet,Pinecrest P2P,,19,RAAZ-26-1002;RAAZ-26-1004;RAAZ-26-1036,64089308,0,3,,USDT,2026-08-04T21:02:00+05:30,2026-09-21T17:54:00+05:30
0xa5680303a3b9142ecd3fe9f86cc40857453e1591,BSC,exchange_hot,Tarang Digital Assets: hot wallet,Tarang Digital Assets,,19,RAAZ-26-1021;RAAZ-26-1026,2920126,0,2,,USDT,2026-09-16T08:50:00+05:30,2026-09-22T21:45:00+05:30
0x867b618249b7cde7553e1688051e2516acac6d1c,BSC,intermediary,Layering wallet,,,19,RAAZ-26-1026,1249535,1249535,2,0.0,USDT,2026-09-20T14:07:00+05:30,2026-09-20T19:18:00+05:30
TuM61AHDvWeuySHeoYjZPLiYxwK2pK5h9X,TRON,exchange_hot,Orbitra Pro: hot wallet,Orbitra Pro,,19,RAAZ-26-1028,8999589,0,1,,USDT,2026-08-19T09:01:00+05:30,2026-08-19T09:01:00+05:30
bc1qe6hqse7ams2kqzpx6u9xg5mkn35598a4t4ppf9,BTC,intermediary,Layer-1 distribution wallet,,CL-1058-A,19,RAAZ-26-1058,20346,20346,2,0.0,BTC,2026-08-25T17:36:00+05:30,2026-08-25T19:58:00+05:30
bc1q0e9svtjwshaeyjzw8238h75ku45r55eqxzyale,BTC,intermediary,Layer-1 distribution wallet,,CL-1058-A,19,RAAZ-26-1058,11104,11104,2,0.0,BTC,2026-08-25T17:36:00+05:30,2026-08-26T03:52:00+05:30
bc1qmptym7z2v2au6qhdlvkerf7kpymjn9v22yxtee,BTC,exchange_hot,Zentra Global: hot wallet,Zentra Global,,18,RAAZ-26-1057,151228,0,1,,BTC,2026-09-09T03:20:00+05:30,2026-09-09T03:20:00+05:30
0xe7ae4648e351a410a7b8f133a0706910307886de,BSC,intermediary,Layer-1 distribution wallet,,CL-1026-A,17,RAAZ-26-1026,1249535,1249535,2,0.0,USDT,2026-09-20T09:27:00+05:30,2026-09-20T14:07:00+05:30
0xcdcf2e682a72aba21764b6fc0c6d82645b7cd198,BSC,intermediary,Layer-1 distribution wallet,,CL-1026-A,17,RAAZ-26-1026,909091,909091,2,0.0,USDT,2026-09-20T09:05:00+05:30,2026-09-20T13:04:00+05:30
TRQj9wfgkgWsR9XyuPhj1LkfAPASV3fG4d,TRON,exchange_deposit,Tarang Digital Assets: deposit address (attributed),Tarang Digital Assets,,17,RAAZ-26-1032,983709,983710,4,0.0,USDT,2026-06-14T23:29:00+05:30,2026-06-15T15:18:00+05:30
0x0267ab56710598de3b7852c9c7f8a6220c30c000,ETH,exchange_hot,Zentra Global: hot wallet,Zentra Global,,17,RAAZ-26-1033,177139,0,1,,USDT,2026-09-21T12:05:00+05:30,2026-09-21T12:05:00+05:30
bc1q3fd6xceu5lt02nq6uvwzpfpxsj2wn8fvk0vr0p,BTC,exchange_hot,NovaX Exchange: hot wallet,NovaX Exchange,,17,RAAZ-26-1046;RAAZ-26-1058,243687,0,2,,BTC,2026-08-26T22:46:00+05:30,2026-09-18T09:08:00+05:30
bc1qdkwsealvcyflgptf8uw0gs5neukcz3wr6096an,BTC,exchange_hot,Meridian OTC Desk: hot wallet,Meridian OTC Desk,,17,RAAZ-26-1057,436637,0,1,,BTC,2026-09-09T14:16:00+05:30,2026-09-09T14:16:00+05:30
bc1qspr8h7adhtsvt3w8kmkj94v7sx54dpfacrqmlq,BTC,intermediary,Layering wallet,,,17,RAAZ-26-1058,31147,31147,2,0.0,BTC,2026-08-26T13:22:00+05:30,2026-08-26T21:59:00+05:30
bc1qq0mtvwm5m69qj2vs5zp0kr2w4hrtakn34hgxrp,BTC,intermediary,Layering wallet,,,17,RAAZ-26-1058,11104,11104,2,0.0,BTC,2026-08-26T03:52:00+05:30,2026-08-26T15:52:00+05:30
0xa94771960902f0c6cf6e6aa6444f0dacfeab0287,BSC,exchange_hot,Suryodaya Crypto: hot wallet,Suryodaya Crypto,,15,RAAZ-26-1042,87376,0,1,,USDT,2026-08-22T08:10:00+05:30,2026-08-22T08:10:00+05:30
T1JEhfZPb6BjsvBWjbFMexruEEX7Qej1cK,TRON,exchange_hot,Meridian OTC Desk: hot wallet,Meridian OTC Desk,,15,RAAZ-26-1053,6672219,0,1,,USDT,2026-08-22T08:25:00+05:30,2026-08-22T08:25:00+05:30
0xb4becd5cc2c54879f63cbb79a814773e11ec8f53,POLYGON,exchange_hot,Orbitra Pro: hot wallet,Orbitra Pro,,15,RAAZ-26-1056,295029,0,1,,POL,2026-08-14T17:35:00+05:30,2026-08-14T17:35:00+05:30
bc1qc0aqqfsh404p20hkflqcsac3nlfxgazendmwrn,BTC,exchange_hot,Kestrel Markets: hot wallet,Kestrel Markets,,14,RAAZ-26-1019,17382585,0,1,,BTC,2026-09-22T05:38:00+05:30,2026-09-22T05:38:00+05:30
TrfNCPpiDLVT9ykkScDA9PGFmdnqG2AtnP,TRON,exchange_hot,Suryodaya Crypto: hot wallet,Suryodaya Crypto,,14,RAAZ-26-1043,6466436,0,1,,USDT,2026-09-09T00:53:00+05:30,2026-09-09T00:53:00+05:30
0xb4b8d63cd6916e4a6d0bd51a23e0b4b12f5fdd5d,POLYGON,exchange_hot,Kestrel Markets: hot wallet,Kestrel Markets,,14,RAAZ-26-1056,174104,0,1,,POL,2026-08-14T16:56:00+05:30,2026-08-14T16:56:00+05:30
bc1qtvaxumxshz7vuv9nytdza73kt5g3xuh6c9jl2v,BTC,exchange_deposit,NovaX Exchange: deposit address (attributed),NovaX Exchange,,14,RAAZ-26-1058,103194,103194,7,0.0,BTC,2026-08-26T04:16:00+05:30,2026-08-26T22:46:00+05:30
0xc30668d05f1a72b6a754a121a1882b27c340912a,BSC,exchange_hot,Pinecrest P2P: hot wallet,Pinecrest P2P,,13,RAAZ-26-1008,3659760,0,1,,BNB,2026-08-06T06:45:00+05:30,2026-08-06T06:45:00+05:30
0xd14114c3ffd789ff2d8647a0ccac90b3a6a99776,BSC,exchange_hot,Orbitra Pro: hot wallet,Orbitra Pro,,13,RAAZ-26-1021,615602,0,1,,USDT,2026-09-16T08:31:00+05:30,2026-09-16T08:31:00+05:30
0x87d25eef250a8bf469e5d097bbc1269473e3b72f,ETH,exchange_hot,Meridian OTC Desk: hot wallet,Meridian OTC Desk,,13,RAAZ-26-1049,10460141,0,1,,USDC,2026-09-09T23:50:00+05:30,2026-09-09T23:50:00+05:30
0x625efd7b2ba078319490136f41f7d4baa9dce891,ETH,victim,Complainant's wallet (victim),,,8,RAAZ-26-1010,0,8010100,1,,USDT,2026-07-25T19:01:00+05:30,2026-07-25T19:01:00+05:30
0xd093d20c2c3ada755764545e665a1dcad38404a6,POLYGON,victim,Complainant's wallet (victim),,,8,RAAZ-26-1030,0,1200700,1,,USDT,2026-09-11T17:51:00+05:30,2026-09-11T17:51:00+05:30
0x9287efe50272440b83136e60d0e8b661c06074ad,POLYGON,victim,Complainant's wallet (victim),,,8,RAAZ-26-1051,0,89101,6,,USDT,2026-07-31T14:27:00+05:30,2026-08-06T09:27:00+05:30
bc1qz5ygvdrxlsaqfxc3hm03t7l7suyw53se2e4gpa,BTC,victim,Complainant's wallet (victim),,,8,RAAZ-26-1058,0,89407,5,,BTC,2026-08-15T17:03:00+05:30,2026-08-25T14:03:00+05:30
TbpKHC7YdykV27KCkfQYwtiVAMCv5Nk6Wg,TRON,victim,Complainant's wallet (victim),,,7,RAAZ-26-1002,0,6421099,2,,USDT,2026-07-31T23:46:00+05:30,2026-08-03T23:46:00+05:30
TuTbztSDaTtAeRMYErNZ4fNPd2ST7XMqq9,TRON,victim,Complainant's wallet (victim),,,7,RAAZ-26-1005,0,465800,2,,USDT,2026-08-19T22:10:00+05:30,2026-08-22T21:10:00+05:30
TmCnsWan7uBbrZDCjqzdodyBCAdfGnSb1g,TRON,victim,Complainant's wallet (victim),,,7,RAAZ-26-1007,0,50199,6,,USDT,2026-08-27T21:42:00+05:30,2026-09-10T00:42:00+05:30
0x8d71129bb19c997e4af57e29f2dbc57ca8b4ae12,ETH,victim,Complainant's wallet (victim),,,7,RAAZ-26-1013,0,47500,1,,USDT,2026-09-22T02:50:00+05:30,2026-09-22T02:50:00+05:30
TLVTjMiPwdjDDLgxk7A65Skq4PbVNzrdcY,TRON,victim,Complainant's wallet (victim),,,7,RAAZ-26-1016,0,45900,1,,USDT,2026-09-11T11:09:00+05:30,2026-09-11T11:09:00+05:30
bc1q453gktfukhfk4snsqwpluvnfa8fy2p03uv27ta,BTC,victim,Complainant's wallet (victim),,,7,RAAZ-26-1019,0,9824399,3,,BTC,2026-09-14T10:58:00+05:30,2026-09-19T20:58:00+05:30
TUJ8cBhzzf1EAysZ9SJK6LdmXQfgnUeA93,TRON,victim,Complainant's wallet (victim),,,7,RAAZ-26-1029,0,76600,2,,USDT,2026-09-05T13:07:00+05:30,2026-09-07T21:07:00+05:30
0xa1990ce640fc39e8194608457760727eeeb11e83,ETH,victim,Complainant's wallet (victim),,,7,RAAZ-26-1033,0,128200,1,,USDT,2026-09-19T23:51:00+05:30,2026-09-19T23:51:00+05:30
0xd6f61a5d45989a05ea500b8919f06b3fe16966c6,ETH,victim,Complainant's wallet (victim),,,7,RAAZ-26-1042,0,372500,2,,USDT,2026-08-19T23:43:00+05:30,2026-08-20T16:43:00+05:30
TnxBj3jcCRTm8mWiZRZ2e8AGLWSvuhgzxw,TRON,victim,Complainant's wallet (victim),,,7,RAAZ-26-1043,0,3242599,4,,USDT,2026-08-29T16:52:00+05:30,2026-09-06T18:52:00+05:30
bc1qvlug48uvt3d0yx2lfzjppm23ww9zxsgwh3qn9a,BTC,victim,Complainant's wallet (victim),,,7,RAAZ-26-1057,0,150501,5,,BTC,2026-08-29T01:51:00+05:30,2026-09-07T18:51:00+05:30
0x45bc858e1b5b5dd168c27972b7f3f965dbf1e04b,BSC,victim,Complainant's wallet (victim),,,7,RAAZ-26-1060,0,1454900,1,,USDT,2026-09-09T08:09:00+05:30,2026-09-09T08:09:00+05:30
TRVypvftcjNzxRdtKJUG45QafRV3waGBN9,TRON,victim,Complainant's wallet (victim),,,6,RAAZ-26-1003,0,148700,4,,USDT,2026-06-02T13:29:00+05:30,2026-06-08T18:29:00+05:30
0x1bae8edd4743a8d40b86f95213c26fe6f78e67f1,BSC,victim,Complainant's wallet (victim),,,6,RAAZ-26-1008,0,8456398,3,,BNB,2026-08-03T03:31:00+05:30,2026-08-06T01:31:00+05:30
0xeaa35e2d9c683a1e0ec3dd32407a4cb3b08dc957,ETH,victim,Complainant's wallet (victim),,,6,RAAZ-26-1012,0,1125402,2,,ETH,2026-09-06T21:50:00+05:30,2026-09-08T20:50:00+05:30
TbFrgmfKHrfGsdAx83XXVcmWEVRvSMsX8b,TRON,victim,Complainant's wallet (victim),,,6,RAAZ-26-1015,0,142700,2,,USDT,2026-09-06T22:11:00+05:30,2026-09-09T11:11:00+05:30
0x247a8449ddac8a49dcf6683f5cfa148d548dd9a2,BSC,victim,Complainant's wallet (victim),,,6,RAAZ-26-1021,0,429700,4,,USDT,2026-09-09T22:28:00+05:30,2026-09-16T05:28:00+05:30
Tmava5qtRXSSAwX5bSxmEkaiCPjuEbQMX7,TRON,victim,Complainant's wallet (victim),,,6,RAAZ-26-1024,0,469601,4,,USDT,2026-09-10T04:28:00+05:30,2026-09-15T18:28:00+05:30
0xe25d6ae368f5ff91b9cedbec54362b0e8955aded,BSC,victim,Complainant's wallet (victim),,,6,RAAZ-26-1027,0,167800,1,,USDT,2026-08-17T16:48:00+05:30,2026-08-17T16:48:00+05:30
TPCkp1k2gsGxxriCvDZoUbPwsu8wKFbRUh,TRON,victim,Complainant's wallet (victim),,,6,RAAZ-26-1036,0,1912800,4,,USDT,2026-09-12T03:59:00+05:30,2026-09-21T15:59:00+05:30
TjUa8C2zmKcLM58w97UekH6xKHjjK2mvMz,TRON,victim,Complainant's wallet (victim),,,6,RAAZ-26-1037,0,5221599,2,,USDT,2026-08-10T09:04:00+05:30,2026-08-11T14:04:00+05:30
TnbzR4CqmrzXhoriKsJfnyGN7bL6XNuhED,TRON,victim,Complainant's wallet (victim),,,6,RAAZ-26-1039,0,2967200,2,,USDT,2026-07-22T12:03:00+05:30,2026-07-23T17:03:00+05:30
TGRUY9DyejuhcDhAr7JedyNg4xMpMKt2fd,TRON,victim,Complainant's wallet (victim),,,6,RAAZ-26-1048,0,67200,1,,USDT,2026-07-04T15:06:00+05:30,2026-07-04T15:06:00+05:30
bc1qkrym85tp5yrrmehzg4cedu28nvjfknmvqz2uds,BTC,victim,Complainant's wallet (victim),,,5,RAAZ-26-1018,0,139501,2,,BTC,2026-09-17T23:26:00+05:30,2026-09-20T19:26:00+05:30
0xd8552acc0f6e06581ec087e5ec4c8db3132aaf8f,BSC,victim,Complainant's wallet (victim),,,5,RAAZ-26-1026,0,1459900,6,,USDT,2026-09-05T10:43:00+05:30,2026-09-20T03:43:00+05:30
TTpWcc9WsJ6DVt3X5BRbPAbtVw3jna76rL,TRON,victim,Complainant's wallet (victim),,,5,RAAZ-26-1034,0,391600,2,,USDT,2026-08-26T19:18:00+05:30,2026-08-28T06:18:00+05:30
TAcmvLGM7nPnBN28FS2CJj1zNNCHUEt2yK,TRON,victim,Complainant's wallet (victim),,,5,RAAZ-26-1038,0,53501,3,,USDT,2026-08-13T00:46:00+05:30,2026-08-20T03:46:00+05:30
TYmBFU77ojf7SSG19muGTLjMURWTpMdUJn,TRON,victim,Complainant's wallet (victim),,,5,RAAZ-26-1050,0,61700,5,,USDT,2026-08-04T05:03:00+05:30,2026-08-12T03:03:00+05:30
TYCn191vjRPTM1oGGhojdQm8s3AmSMTvmo,TRON,victim,Complainant's wallet (victim),,,5,RAAZ-26-1054,0,106600,6,,USDT,2026-09-15T17:37:00+05:30,2026-09-21T02:37:00+05:30
0xd08d22a9434ee2ee353fcb81c6c67e98616b9a74,ETH,victim,Complainant's wallet (victim),,,4,RAAZ-26-1006,0,2884000,4,,USDC,2026-07-19T16:54:00+05:30,2026-07-26T08:54:00+05:30
0x63dc34f66b0dbcf60d64d6f92f12409642a4fcd1,ETH,victim,Complainant's wallet (victim),,,4,RAAZ-26-1014,0,68800,3,,ETH,2026-08-17T08:04:00+05:30,2026-08-21T17:04:00+05:30
0xf34a5022d8bf1f80edd6d17e4737f1700b6eff01,BSC,victim,Complainant's wallet (victim),,,4,RAAZ-26-1022,0,204198,3,,BNB,2026-09-08T07:34:00+05:30,2026-09-13T05:34:00+05:30
TCBLrfJKrznmk88y52jk46ZTf3iGPqvTko,TRON,victim,Complainant's wallet (victim),,,4,RAAZ-26-1023,0,154800,5,,USDT,2026-08-28T10:03:00+05:30,2026-09-06T07:03:00+05:30
TmziMDLamPoATkPRkNRW27j7UB64qfsmgz,TRON,victim,Complainant's wallet (victim),,,4,RAAZ-26-1028,0,6204601,6,,USDT,2026-08-03T23:06:00+05:30,2026-08-18T06:06:00+05:30
0xdfd0c3abe9f82d0f7247cbd4b9697f82a32d4402,BSC,victim,Complainant's wallet (victim),,,4,RAAZ-26-1040,0,94600,2,,USDT,2026-08-27T22:46:00+05:30,2026-08-29T19:46:00+05:30
T6uDyoEsmnvUdgUWnZLSGkvXo4Ngrsxq9D,TRON,victim,Complainant's wallet (victim),,,4,RAAZ-26-1044,0,133499,3,,USDT,2026-09-14T00:21:00+05:30,2026-09-18T09:21:00+05:30
TNrW7H5r2KmpPSBAksuB3k6goPXx2FQUwS,TRON,victim,Complainant's wallet (victim),,,4,RAAZ-26-1053,0,9020500,3,,USDT,2026-08-17T20:36:00+05:30,2026-08-22T05:36:00+05:30
TZFXXsHNT2dp6jduzHUBEiTibPKBjADAgg,TRON,victim,Complainant's wallet (victim),,,4,RAAZ-26-1055,0,1732399,2,,USDT,2026-09-18T08:05:00+05:30,2026-09-21T23:05:00+05:30
0x8bb58c7a6b330352b5057998cf750308800c5c67,POLYGON,victim,Complainant's wallet (victim),,,4,RAAZ-26-1056,0,320300,4,,POL,2026-08-07T20:00:00+05:30,2026-08-14T13:00:00+05:30
0x8668bddff970f6e257e626bd81d77cd4ea9029b8,BSC,victim,Complainant's wallet (victim),,,3,RAAZ-26-1025,0,5179702,6,,BNB,2026-09-07T23:35:00+05:30,2026-09-19T03:35:00+05:30
bc1qqgfftmlt6h9u0a0gu68z4vnv7mal94faptjyfg,BTC,victim,Complainant's wallet (victim),,,3,RAAZ-26-1031,0,59998,2,,BTC,2026-08-30T21:50:00+05:30,2026-09-01T03:50:00+05:30
TXcZTKY1Vwy9PvP1wxUtRKwv5S8aFgUYai,TRON,victim,Complainant's wallet (victim),,,3,RAAZ-26-1032,0,999700,4,,USDT,2026-06-08T03:44:00+05:30,2026-06-14T06:44:00+05:30
0x76f9edfd9327133b06eb8723bc6d4aaf4fd42e5e,POLYGON,victim,Complainant's wallet (victim),,,3,RAAZ-26-1045,0,5640601,5,,USDT,2026-09-04T11:59:00+05:30,2026-09-10T07:59:00+05:30
0x685c9e6e6917286a581705e811f7252023de3a00,ETH,victim,Complainant's wallet (victim),,,3,RAAZ-26-1047,0,961598,2,,ETH,2026-08-31T18:26:00+05:30,2026-09-03T20:26:00+05:30
0x3f064449fe1209fb0e6ae97e8b19f5c5aabf5144,POLYGON,victim,Complainant's wallet (victim),,,3,RAAZ-26-1052,0,15857900,4,,POL,2026-09-15T22:29:00+05:30,2026-09-20T10:29:00+05:30
TaWqeGPAye33sYfDM3tWrcLLmV4R1La5YX,TRON,victim,Complainant's wallet (victim),,,3,RAAZ-26-1059,0,1673200,1,,USDT,2026-09-13T19:49:00+05:30,2026-09-13T19:49:00+05:30
0xaf1961ed2c9ce87c0baa5287078f431b2c4052c9,BSC,victim,Complainant's wallet (victim),,,2,RAAZ-26-1001,0,55406,6,,BNB,2026-08-19T21:09:00+05:30,2026-09-03T08:09:00+05:30
TA3fr5b2vQALAhLQceU2SoX2KQUwF1iCkQ,TRON,victim,Complainant's wallet (victim),,,2,RAAZ-26-1004,0,12909302,5,,USDT,2026-07-31T14:29:00+05:30,2026-08-04T12:29:00+05:30
Tw3xNuW2kjk2yjdscZWQxdZArGYao6zM8X,TRON,victim,Complainant's wallet (victim),,,2,RAAZ-26-1009,0,2603700,1,,USDT,2026-06-11T19:32:00+05:30,2026-06-11T19:32:00+05:30
TAuGeYHzCv2gXjP1mV3vZVKqWqxyx9emDe,TRON,victim,Complainant's wallet (victim),,,2,RAAZ-26-1011,0,4427300,1,,USDT,2026-08-12T16:37:00+05:30,2026-08-12T16:37:00+05:30
0xce6588cd871781b2cec4fe3a6aa2422f533d3ffc,BSC,victim,Complainant's wallet (victim),,,2,RAAZ-26-1017,0,222396,6,,BNB,2026-06-22T01:54:00+05:30,2026-07-04T06:54:00+05:30
Txrj4ESbdYrP3QdHjRNiV4UMLeuwETG3XA,TRON,victim,Complainant's wallet (victim),,,2,RAAZ-26-1020,0,477999,6,,USDT,2026-09-12T17:35:00+05:30,2026-09-20T21:35:00+05:30
0xee5f57da7eeacc6123a674c7ab0cbc0604e36158,BSC,victim,Complainant's wallet (victim),,,2,RAAZ-26-1035,0,11510002,5,,BNB,2026-09-14T07:41:00+05:30,2026-09-19T00:41:00+05:30
Te86EeE8cxTy5NEucmHKF8VRMLmMREwCDb,TRON,victim,Complainant's wallet (victim),,,2,RAAZ-26-1041,0,497700,3,,USDT,2026-08-17T16:23:00+05:30,2026-08-21T13:23:00+05:30
bc1qn3jme6x5gw83dp3swwrvgyedzdh0p3t9d2nqfd,BTC,victim,Complainant's wallet (victim),,,2,RAAZ-26-1046,0,79200,3,,BTC,2026-09-08T17:24:00+05:30,2026-09-15T10:24:00+05:30
0xc05d3f3b5b9ec5161d528c9508d4713e57629412,ETH,victim,Complainant's wallet (victim),,,2,RAAZ-26-1049,0,9866999,6,,USDC,2026-09-03T10:54:00+05:30,2026-09-08T18:54:00+05:30
